step,time,dt,L1_fv,L2_fv,Linf_fv,L1_norm_fv,L2_norm_fv,Linf_norm_fv,total_mass,total_momentum_x,total_momentum_y,total_momentum_z,total_energy,min_density,min_pressure,has_nonfinite,has_negative_density,has_negative_pressure,cleaning_subcycles_step,projection_iterations_step,projection_solver_update_residual,projection_final_residual,projection_true_residual,projection_converged
0,0,0.001,0.00047808,0.00573404,0.124373,1.68476e+06,3.17091e+07,9.71668e+08,1,1,1,0,2.5,1,1,0,0,0,0,0,,,,1
1,0.00136404,0.00136404,0.000118017,0.000553093,0.00742981,11.8957,351.646,18162.9,1,1,1,0,2.5,1,1,0,0,0,5,0,,,,1
2,0.00272807,0.00136404,8.25889e-05,0.000329825,0.00377698,0.269522,1.76615,49.1071,1,1,1,0,2.5,1,1,0,0,0,5,0,,,,1
3,0.00409211,0.00136404,6.83966e-05,0.000249393,0.00242122,0.216833,0.959456,11.872,1,1,1,0,2.5,1,1,0,0,0,5,0,,,,1
4,0.00545614,0.00136404,6.02583e-05,0.000208328,0.0018838,0.205341,0.751067,6.4089,1,1,1,0,2.5,1,1,0,0,0,5,0,,,,1
5,0.00682018,0.00136404,5.50259e-05,0.000183579,0.00153734,0.20312,0.655092,6.06094,1,1,1,0,2.5,1,1,0,0,0,5,0,,,,1
6,0.00818422,0.00136404,5.15079e-05,0.000167311,0.00132538,0.200182,0.5872,3.62296,1,1,1,0,2.5,1,1,0,0,0,5,0,,,,1
7,0.00954825,0.00136404,4.903e-05,0.000155948,0.00117926,0.199916,0.543554,3.06481,1,1,1,0,2.5,1,1,0,0,0,5,0,,,,1
8,0.0109123,0.00136404,4.71024e-05,0.000147581,0.00106114,0.200546,0.512035,2.6714,1,1,1,0,2.5,1,1,0,0,0,5,0,,,,1
9,0.0122763,0.00136404,4.5546e-05,0.000141169,0.000966017,0.201887,0.487827,2.40099,1,1,1,0,2.5,1,1,0,0,0,5,0,,,,1
10,0.0136404,0.00136404,4.42162e-05,0.000136074,0.000894109,0.203664,0.469326,2.7923,1,1,1,0,2.5,1,1,0,0,0,5,0,,,,1
11,0.0150044,0.00136404,4.30531e-05,0.00013186,0.00083157,0.204942,0.452296,2.00166,1,1,1,0,2.5,1,1,0,0,0,5,0,,,,1
12,0.0163684,0.00136404,4.20237e-05,0.00012819,0.000787414,0.206621,0.439996,3.5399,1,1,1,0,2.5,1,1,0,0,0,5,0,,,,1
13,0.0177325,0.00136404,4.10753e-05,0.000124906,0.000750835,0.20776,0.42649,1.72001,1,1,1,0,2.5,1,1,0,0,0,5,0,,,,1
14,0.0190965,0.00136404,4.02013e-05,0.000121888,0.000741565,0.209222,0.416015,1.61862,1,1,1,0,2.5,1,1,0,0,0,5,0,,,,1
15,0.0204605,0.00136404,3.9432e-05,0.000119104,0.000732806,0.210642,0.406779,1.53034,1,1,1,0,2.5,1,1,0,0,0,5,0,,,,1
16,0.0218246,0.00136404,3.86732e-05,0.000116418,0.000716812,0.211931,0.398358,1.45144,1,1,1,0,2.5,1,1,0,0,0,5,0,,,,1
17,0.0231886,0.00136404,3.79342e-05,0.000113822,0.000703253,0.213294,0.390862,1.37927,1,1,1,0,2.5,1,1,0,0,0,5,0,,,,1
18,0.0245526,0.00136404,3.72473e-05,0.000111329,0.000689116,0.214754,0.384317,1.46266,1,1,1,0,2.5,1,1,0,0,0,5,0,,,,1
19,0.0259167,0.00136404,3.65934e-05,0.000108985,0.000682734,0.215936,0.377741,1.26691,1,1,1,0,2.5,1,1,0,0,0,5,0,,,,1
20,0.0272807,0.00136404,3.59927e-05,0.00010676,0.000673342,0.21722,0.371989,1.21767,1,1,1,0,2.5,1,1,0,0,0,5,0,,,,1
21,0.0286448,0.00136404,3.5421e-05,0.000104626,0.000682171,0.218508,0.366692,1.17253,1,1,1,0,2.5,1,1,0,0,0,5,0,,,,1
22,0.0300088,0.00136404,3.48821e-05,0.000102548,0.000672648,0.219835,0.361816,1.13419,1,1,1,0,2.5,1,1,0,0,0,5,0,,,,1
23,0.0313728,0.00136404,3.43292e-05,0.000100505,0.000657283,0.221119,0.357282,1.09621,1,1,1,0,2.5,1,1,0,0,0,5,0,,,,1
24,0.0327369,0.00136404,3.38107e-05,9.8587e-05,0.000635661,0.222395,0.35306,1.06254,1,1,1,0,2.5,1,1,0,0,0,5,0,,,,1
25,0.0341009,0.00136404,3.33466e-05,9.6784e-05,0.000642584,0.223645,0.349114,1.03156,1,1,1,0,2.5,1,1,0,0,0,5,0,,,,1
26,0.0354649,0.00136404,3.28949e-05,9.50903e-05,0.000638837,0.224861,0.345373,1.00117,1,1,1,0,2.5,1,1,0,0,0,5,0,,,,1
27,0.036829,0.00136404,3.24662e-05,9.34468e-05,0.000636583,0.226041,0.341811,0.975344,1,1,1,0,2.5,1,1,0,0,0,5,0,,,,1
28,0.038193,0.00136404,3.20643e-05,9.18737e-05,0.000621877,0.22725,0.338512,0.94926,1,1,1,0,2.5,1,1,0,0,0,5,0,,,,1
29,0.039557,0.00136404,3.16708e-05,9.03708e-05,0.000621041,0.228297,0.335177,0.926357,1,1,1,0,2.5,1,1,0,0,0,5,0,,,,1
30,0.0409211,0.00136404,3.13195e-05,8.89678e-05,0.000609018,0.229379,0.332099,0.903778,1,1,1,0,2.5,1,1,0,0,0,5,0,,,,1
31,0.0422851,0.00136404,3.09793e-05,8.76644e-05,0.000607576,0.230428,0.329164,0.883206,1,1,1,0,2.5,1,1,0,0,0,5,0,,,,1
32,0.0436491,0.00136404,3.06767e-05,8.64178e-05,0.000608609,0.23148,0.326381,0.863169,1,1,1,0,2.5,1,1,0,0,0,5,0,,,,1
33,0.0450132,0.00136404,3.03725e-05,8.52197e-05,0.000608077,0.232494,0.323753,0.844602,1,1,1,0,2.5,1,1,0,0,0,5,0,,,,1
34,0.0463772,0.00136404,3.00902e-05,8.4087e-05,0.000607828,0.233506,0.32131,0.826879,1,1,1,0,2.5,1,0.999999,0,0,0,5,0,,,,1
35,0.0477413,0.00136404,2.98506e-05,8.30506e-05,0.000605016,0.234483,0.3191,0.809898,1,1,1,0,2.5,1,0.999999,0,0,0,5,0,,,,1
36,0.0491053,0.00136404,2.96253e-05,8.20812e-05,0.000598828,0.235409,0.317192,0.794288,1,1,1,0,2.5,1,0.999999,0,0,0,5,0,,,,1
37,0.0504693,0.00136404,2.94018e-05,8.11642e-05,0.000593328,0.236261,0.315675,0.77931,1,1,1,0,2.5,1,0.999999,0,0,0,5,0,,,,1
38,0.0518334,0.00136404,2.91911e-05,8.02772e-05,0.000597855,0.237029,0.314658,0.764637,1,1,1,0,2.5,1,0.999999,0,0,0,5,0,,,,1
39,0.0531974,0.00136404,2.89872e-05,7.94509e-05,0.000594983,0.237656,0.314232,0.9601,1,1,1,0,2.5,1,0.999999,0,0,0,5,0,,,,1
40,0.0545614,0.00136404,2.88288e-05,7.86983e-05,0.000597628,0.238143,0.314483,1.26744,1,1,1,0,2.5,1,0.999999,0,0,0,5,0,,,,1
41,0.0559255,0.00136404,2.87104e-05,7.80175e-05,0.000589714,0.238443,0.315453,1.64645,1,1,1,0,2.5,1,0.999999,0,0,0,5,0,,,,1
42,0.0572895,0.00136404,2.85632e-05,7.73826e-05,0.000590528,0.238475,0.3171,2.11999,1,1,1,0,2.5,1,0.999999,0,0,0,5,0,,,,1
43,0.0586535,0.00136404,2.84288e-05,7.67471e-05,0.000586347,0.238285,0.319265,2.69635,1,1,1,0,2.5,1,0.999999,0,0,0,5,0,,,,1
44,0.0600176,0.00136404,2.83016e-05,7.61462e-05,0.000588352,0.237829,0.32154,3.1919,1,1,1,0,2.5,1,0.999999,0,0,0,5,0,,,,1
45,0.0613816,0.00136404,2.8224e-05,7.5606e-05,0.000588474,0.237072,0.323501,3.69821,1,1,1,0,2.5,1,0.999999,0,0,0,5,0,,,,1
46,0.0627456,0.00136404,2.81445e-05,7.51319e-05,0.000588678,0.236049,0.324768,3.98355,1,1,1,0,2.5,1,0.999999,0,0,0,5,0,,,,1
47,0.0641097,0.00136404,2.80795e-05,7.46905e-05,0.000584504,0.234785,0.325078,4.2445,1,1,1,0,2.5,1,0.999999,0,0,0,5,0,,,,1
48,0.0654737,0.00136404,2.80031e-05,7.42808e-05,0.000581901,0.233306,0.324355,4.28581,1,1,1,0,2.5,1,0.999999,0,0,0,5,0,,,,1
49,0.0668378,0.00136404,2.79299e-05,7.38516e-05,0.000580085,0.231649,0.322704,4.33206,1,1,1,0,2.5,1,0.999999,0,0,0,5,0,,,,1
50,0.0682018,0.00136404,2.78838e-05,7.34693e-05,0.000579181,0.229838,0.32032,4.2294,1,1,1,0,2.5,1,0.999999,0,0,0,5,0,,,,1
51,0.0695658,0.00136404,2.78559e-05,7.31448e-05,0.00058367,0.227908,0.317426,4.14088,1,1,1,0,2.5,1,0.999999,0,0,0,5,0,,,,1
52,0.0709299,0.00136404,2.78295e-05,7.28683e-05,0.000579069,0.225911,0.314248,3.99373,1,1,1,0,2.5,1,0.999999,0,0,0,5,0,,,,1
53,0.0722939,0.00136404,2.78082e-05,7.25941e-05,0.000579788,0.223869,0.310973,3.83794,1,1,1,0,2.5,1,0.999999,0,0,0,5,0,,,,1
54,0.0736579,0.00136404,2.77823e-05,7.23212e-05,0.000572682,0.221805,0.307774,3.69598,1,1,1,0,2.5,1,0.999999,0,0,0,5,0,,,,1
55,0.075022,0.00136404,2.7757e-05,7.20535e-05,0.000574131,0.219743,0.304839,3.5226,1,1,1,0,2.5,1,0.999999,0,0,0,5,0,,,,1
56,0.076386,0.00136404,2.77557e-05,7.1822e-05,0.000575596,0.217654,0.302417,3.83068,1,1,1,0,2.5,1,0.999999,0,0,0,5,0,,,,1
57,0.07775,0.00136404,2.77507e-05,7.16352e-05,0.000577691,0.215626,0.301036,4.89419,1,1,1,0,2.5,1,0.999999,0,0,0,5,0,,,,1
58,0.0791141,0.00136404,2.77671e-05,7.14682e-05,0.000574257,0.213677,0.301966,6.63441,1,1,1,0,2.5,1,0.999999,0,0,0,5,0,,,,1
59,0.0804781,0.00136404,2.77659e-05,7.1307e-05,0.000574468,0.211797,0.307016,9.18314,1,1,1,0,2.5,1,0.999999,0,0,0,5,0,,,,1
60,0.0818422,0.00136404,2.77821e-05,7.11252e-05,0.000565262,0.209716,0.307238,10.0271,1,1,1,0,2.5,1,0.999999,0,0,0,5,0,,,,1
61,0.0832062,0.00136404,2.77947e-05,7.09773e-05,0.000568609,0.207227,0.295392,7.57497,1,1,1,0,2.5,1,0.999999,0,0,0,5,0,,,,1
62,0.0845702,0.00136404,2.78176e-05,7.08544e-05,0.000572273,0.204757,0.286289,5.43435,1,1,1,0,2.5,1,0.999999,0,0,0,5,0,,,,1
63,0.0859343,0.00136404,2.78423e-05,7.07497e-05,0.000571845,0.202394,0.280231,4.09465,1,1,1,0,2.5,1,0.999999,0,0,0,5,0,,,,1
64,0.0872983,0.00136404,2.78644e-05,7.0647e-05,0.000571816,0.2001,0.275632,3.23512,1,1,1,0,2.5,1,0.999999,0,0,0,5,0,,,,1
65,0.0886623,0.00136404,2.79014e-05,7.05495e-05,0.00056842,0.197853,0.271838,2.65253,1,1,1,0,2.5,1,0.999999,0,0,0,5,0,,,,1
66,0.0900264,0.00136404,2.79307e-05,7.04394e-05,0.000563254,0.195671,0.268591,2.36991,1,1,1,0,2.5,1,0.999999,0,0,0,5,0,,,,1
67,0.0913904,0.00136404,2.79694e-05,7.03635e-05,0.000563851,0.193538,0.26578,2.4164,1,1,1,0,2.5,1,0.999999,0,0,0,5,0,,,,1
68,0.0927544,0.00136404,2.8007e-05,7.03128e-05,0.000569042,0.191441,0.263347,2.57513,1,1,1,0,2.5,1,0.999999,0,0,0,5,0,,,,1
69,0.0941185,0.00136404,2.80519e-05,7.02504e-05,0.000565524,0.189394,0.26128,2.75943,1,1,1,0,2.5,1,0.999999,0,0,0,5,0,,,,1
70,0.0954825,0.00136404,2.80942e-05,7.02017e-05,0.000568488,0.187382,0.259592,2.97934,1,1,1,0,2.5,1,0.999999,0,0,0,5,0,,,,1
71,0.0968465,0.00136404,2.81382e-05,7.01362e-05,0.000560868,0.185422,0.258325,3.18936,1,1,1,0,2.5,1,0.999999,0,0,0,5,0,,,,1
72,0.0982106,0.00136404,2.81985e-05,7.00916e-05,0.000561402,0.183527,0.257574,3.51382,1,1,1,0,2.5,1,0.999999,0,0,0,5,0,,,,1
73,0.0995746,0.00136404,2.8241e-05,7.00589e-05,0.000562052,0.181681,0.257501,3.76696,1,1,1,0,2.5,1,0.999999,0,0,0,5,0,,,,1
74,0.100939,0.00136404,2.82969e-05,7.00276e-05,0.000564825,0.17991,0.258524,4.23836,1,1,1,0,2.5,1,0.999999,0,0,0,5,0,,,,1
75,0.102303,0.00136404,2.83348e-05,6.9993e-05,0.000564122,0.178224,0.262015,5.14852,1,1,1,0,2.5,1,0.999999,0,0,0,5,0,,,,1
76,0.103667,0.00136404,2.83929e-05,6.99702e-05,0.000564581,0.176721,0.271067,7.94386,1,1,1,0,2.5,1,0.999999,0,0,0,5,0,,,,1
77,0.105031,0.00136404,2.84591e-05,6.99343e-05,0.000558848,0.174858,0.270774,7.4521,1,1,1,0,2.5,1,0.999999,0,0,0,5,0,,,,1
78,0.106395,0.00136404,2.85124e-05,6.99253e-05,0.000557354,0.172753,0.265743,6.65045,1,1,1,0,2.5,1,0.999999,0,0,0,5,0,,,,1
79,0.107759,0.00136404,2.85639e-05,6.99218e-05,0.00056001,0.170861,0.268147,8.54042,1,1,1,0,2.5,1,0.999999,0,0,0,5,0,,,,1
80,0.109123,0.00136404,2.8619e-05,6.98994e-05,0.000559687,0.16909,0.273332,9.01633,1,1,1,0,2.5,1,0.999999,0,0,0,5,0,,,,1
81,0.110487,0.00136404,2.8667e-05,6.98821e-05,0.000562825,0.167583,0.29066,13.3876,1,1,1,0,2.5,1,0.999999,0,0,0,5,0,,,,1
82,0.111851,0.00136404,2.87329e-05,6.98713e-05,0.00055927,0.166147,0.31247,16.7205,1,1,1,0,2.5,1,0.999999,0,0,0,5,0,,,,1
83,0.113215,0.00136404,2.88132e-05,6.98608e-05,0.000557812,0.164455,0.319679,17.2876,1,1,1,0,2.5,1,1,0,0,0,5,0,,,,1
84,0.114579,0.00136404,2.88377e-05,6.98677e-05,0.000552997,0.174246,1.29576,115.173,1,1,1,0,2.5,1,1,0,0,0,5,0,,,,1
85,0.115943,0.00136404,2.89056e-05,6.9867e-05,0.000557216,0.160386,0.300699,14.0338,1,1,1,0,2.5,1,1,0,0,0,5,0,,,,1
86,0.117307,0.00136404,2.89567e-05,6.98481e-05,0.000557181,0.158693,0.315108,18.5978,1,1,1,0,2.5,1,1,0,0,0,5,0,,,,1
87,0.118671,0.00136404,2.90157e-05,6.98409e-05,0.000559959,0.156222,0.277475,13.1188,1,1,1,0,2.5,1,1,0,0,0,5,0,,,,1
88,0.120035,0.00136404,2.90806e-05,6.98346e-05,0.000553108,0.154038,0.258046,8.87298,1,1,1,0,2.5,1,1,0,0,0,5,0,,,,1
89,0.121399,0.00136404,2.91527e-05,6.98486e-05,0.000556095,0.151856,0.247075,8.74228,1,1,1,0,2.5,1,1,0,0,0,5,0,,,,1
90,0.122763,0.00136404,2.91668e-05,6.98553e-05,0.000550772,0.149548,0.233274,6.78282,1,1,1,0,2.5,1,1,0,0,0,5,0,,,,1
91,0.124127,0.00136404,2.92478e-05,6.98458e-05,0.000553852,0.147412,0.224536,5.93547,1,1,1,0,2.5,1,1,0,0,0,5,0,,,,1
92,0.125491,0.00136404,2.92992e-05,6.98378e-05,0.000556047,0.145389,0.217951,5.4499,1,1,1,0,2.5,1,1,0,0,0,5,0,,,,1
93,0.126855,0.00136404,2.93527e-05,6.98365e-05,0.000556849,0.143437,0.212401,4.58036,1,1,1,0,2.5,1,1,0,0,0,5,0,,,,1
94,0.128219,0.00136404,2.94319e-05,6.98382e-05,0.000553851,0.141559,0.207881,4.25143,1,1,1,0,2.5,1,1,0,0,0,5,0,,,,1
95,0.129583,0.00136404,2.94795e-05,6.98623e-05,0.000552657,0.13973,0.204073,3.91862,1,1,1,0,2.5,1,1,0,0,0,5,0,,,,1
96,0.130947,0.00136404,2.95176e-05,6.98611e-05,0.000549115,0.137963,0.200891,3.45385,1,1,1,0,2.5,1,1,0,0,0,5,0,,,,1
97,0.132311,0.00136404,2.95696e-05,6.98401e-05,0.000549089,0.136265,0.198298,3.25423,1,1,1,0,2.5,1,1,0,0,0,5,0,,,,1
98,0.133676,0.00136404,2.96314e-05,6.98432e-05,0.000555001,0.134615,0.196155,3.0398,1,1,1,0,2.5,1,1,0,0,0,5,0,,,,1
99,0.13504,0.00136404,2.96834e-05,6.98413e-05,0.000552025,0.132946,0.19423,2.8514,1,1,1,0,2.5,1,1,0,0,0,5,0,,,,1
100,0.136404,0.00136404,2.97658e-05,6.98501e-05,0.000553176,0.13131,0.19251,3.09265,1,1,1,0,2.5,1,1,0,0,0,5,0,,,,1
101,0.137768,0.00136404,2.97861e-05,6.98697e-05,0.000548827,0.129683,0.190925,3.54446,1,1,1,0,2.5,1,1,0,0,0,5,0,,,,1
102,0.139132,0.00136404,2.98446e-05,6.9864e-05,0.000546502,0.128074,0.189567,3.7218,1,1,1,0,2.5,1,1,0,0,0,5,0,,,,1
103,0.140496,0.00136404,2.98782e-05,6.98468e-05,0.000549793,0.126523,0.189062,4.43931,1,1,1,0,2.5,1,1,0,0,0,5,0,,,,1
104,0.14186,0.00136404,2.99342e-05,6.98452e-05,0.000552865,0.125053,0.189849,5.26527,1,1,1,0,2.5,1,1,0,0,0,5,0,,,,1
105,0.143224,0.00136404,3.00073e-05,6.98476e-05,0.000548891,0.123629,0.19069,5.05544,1,1,1,0,2.5,1,1,0,0,0,5,0,,,,1
106,0.144588,0.00136404,3.00677e-05,6.98633e-05,0.000551582,0.122391,0.198113,7.84292,1,1,1,0,2.5,1,1,0,0,0,5,0,,,,1
107,0.145952,0.00136404,3.00848e-05,6.98675e-05,0.00054392,0.121208,0.207089,9.58046,1,1,1,0,2.5,1,1,0,0,0,5,0,,,,1
108,0.147316,0.00136404,3.01391e-05,6.98456e-05,0.000543446,0.119821,0.202862,7.78493,1,1,1,0,2.5,1,1,0,0,0,5,0,,,,1
109,0.14868,0.00136404,3.01758e-05,6.98426e-05,0.000548848,0.12081,0.355661,27.8126,1,1,1,0,2.5,1,1,0,0,0,5,0,,,,1
110,0.150044,0.00136404,3.0237e-05,6.9835e-05,0.000550008,0.117828,0.244953,15.3273,1,1,1,0,2.5,1,1,0,0,0,5,0,,,,1
111,0.151408,0.00136404,3.03019e-05,6.98345e-05,0.000549259,0.115485,0.197138,7.98428,1,1,1,0,2.5,1,1,0,0,0,5,0,,,,1
112,0.152772,0.00136404,3.03436e-05,6.98565e-05,0.000548546,0.114286,0.211545,11.8094,1,1,1,0,2.5,1,1,0,0,0,5,0,,,,1
113,0.154136,0.00136404,3.03768e-05,6.98456e-05,0.000538548,0.112403,0.184825,7.60514,1,1,1,0,2.5,1,1,0,0,0,5,0,,,,1
114,0.1555,0.00136404,3.04113e-05,6.98212e-05,0.000541378,0.110824,0.173383,5.02467,1,1,1,0,2.5,1,1,0,0,0,5,0,,,,1
115,0.156864,0.00136404,3.04544e-05,6.98233e-05,0.00054779,0.109467,0.16957,5.222,1,1,1,0,2.5,1,1,0,0,0,5,0,,,,1
116,0.158228,0.00136404,3.05135e-05,6.98141e-05,0.000545348,0.108184,0.16598,4.35725,1,1,1,0,2.5,1,1,0,0,0,5,0,,,,1
117,0.159592,0.00136404,3.05712e-05,6.9823e-05,0.000548719,0.107378,0.176643,6.79158,1,1,1,0,2.5,1,1,0,0,0,5,0,,,,1
118,0.160956,0.00136404,3.05964e-05,6.98334e-05,0.000545018,0.106113,0.174442,6.82777,1,1,1,0,2.5,1,1,0,0,0,5,0,,,,1
119,0.16232,0.00136404,3.06412e-05,6.98134e-05,0.000538103,0.104359,0.157509,2.94835,1,1,1,0,2.5,1,1,0,0,0,5,0,,,,1
120,0.163684,0.00136404,3.06667e-05,6.97951e-05,0.000541891,0.103068,0.154572,2.83684,1,1,1,0,2.5,1,1,0,0,0,5,0,,,,1
121,0.165048,0.00136404,3.07155e-05,6.9793e-05,0.000545836,0.101903,0.153737,3.61549,1,1,1,0,2.5,1,1,0,0,0,5,0,,,,1
122,0.166412,0.00136404,3.07685e-05,6.97923e-05,0.000544108,0.100819,0.153837,4.09718,1,1,1,0,2.5,1,1,0,0,0,5,0,,,,1
123,0.167776,0.00136404,3.0819e-05,6.97987e-05,0.000547093,0.0997986,0.154148,4.06758,1,1,1,0,2.5,1,1,0,0,0,5,0,,,,1
124,0.16914,0.00136404,3.08363e-05,6.97912e-05,0.000540154,0.099063,0.162763,6.66765,1,1,1,0,2.5,1,1,0,0,0,5,0,,,,1
125,0.170504,0.00136404,3.0875e-05,6.97572e-05,0.000537469,0.0981997,0.170211,7.92126,1,1,1,0,2.5,1,1,0,0,0,5,0,,,,1
126,0.171869,0.00136404,3.09084e-05,6.9752e-05,0.000541373,0.0969516,0.160311,5.47705,1,1,1,0,2.5,1,1,0,0,0,5,0,,,,1
127,0.173233,0.00136404,3.09555e-05,6.97364e-05,0.000542674,0.0970601,0.235468,17.1033,1,1,1,0,2.5,1,1,0,0,0,5,0,,,,1
128,0.174597,0.00136404,3.0999e-05,6.97315e-05,0.000544226,0.0955955,0.205995,13.7883,1,1,1,0,2.5,1,1,0,0,0,5,0,,,,1
129,0.175961,0.00136404,3.10406e-05,6.97475e-05,0.000544323,0.0936451,0.151602,4.94415,1,1,1,0,2.5,1,1,0,0,0,5,0,,,,1
130,0.177325,0.00136404,3.10629e-05,6.97276e-05,0.000534841,0.0926574,0.151996,6.21093,1,1,1,0,2.5,1,1,0,0,0,5,0,,,,1
131,0.178689,0.00136404,3.10944e-05,6.96964e-05,0.000536128,0.0915832,0.146431,5.39907,1,1,1,0,2.5,1,1,0,0,0,5,0,,,,1
132,0.180053,0.00136404,3.11261e-05,6.96935e-05,0.000540059,0.0905018,0.139639,3.61875,1,1,1,0,2.5,1,1,0,0,0,5,0,,,,1
133,0.181417,0.00136404,3.11714e-05,6.96753e-05,0.000538414,0.0895178,0.136905,3.16233,1,1,1,0,2.5,1,1,0,0,0,5,0,,,,1
134,0.182781,0.00136404,3.12146e-05,6.96774e-05,0.000543944,0.088558,0.134836,2.97093,1,1,1,0,2.5,1,1,0,0,0,5,0,,,,1
135,0.184145,0.00136404,3.12399e-05,6.96779e-05,0.000540957,0.0876416,0.133527,2.99873,1,1,1,0,2.5,1,1,0,0,0,5,0,,,,1
136,0.185509,0.00136404,3.12706e-05,6.96492e-05,0.000536096,0.0867534,0.132632,3.14833,1,1,1,0,2.5,1,1,0,0,0,5,0,,,,1
137,0.186873,0.00136404,3.12942e-05,6.96293e-05,0.000534321,0.0859203,0.132802,3.58933,1,1,1,0,2.5,1,1,0,0,0,5,0,,,,1
138,0.188237,0.00136404,3.1332e-05,6.96182e-05,0.000538122,0.0852799,0.14004,5.82052,1,1,1,0,2.5,1,1,0,0,0,5,0,,,,1
139,0.189601,0.00136404,3.1375e-05,6.96095e-05,0.000538771,0.0844828,0.13987,5.8164,1,1,1,0,2.5,1,1,0,0,0,5,0,,,,1
140,0.190965,0.00136404,3.14054e-05,6.96118e-05,0.000542528,0.0836203,0.135953,4.77086,1,1,1,0,2.5,1,1,0,0,0,5,0,,,,1
141,0.192329,0.00136404,3.1424e-05,6.95957e-05,0.000536205,0.0841946,0.22325,16.9619,1,1,1,0,2.5,1,1,0,0,0,5,0,,,,1
142,0.193693,0.00136404,3.14545e-05,6.95633e-05,0.000535776,0.0825291,0.160857,9.62865,1,1,1,0,2.5,1,1,0,0,0,5,0,,,,1
143,0.195057,0.00136404,3.14756e-05,6.95535e-05,0.000533578,0.0811542,0.129601,3.83016,1,1,1,0,2.5,1,1,0,0,0,5,0,,,,1
144,0.196421,0.00136404,3.15234e-05,6.95316e-05,0.000535343,0.0803565,0.128863,4.60442,1,1,1,0,2.5,1,1,0,0,0,5,0,,,,1
145,0.197785,0.00136404,3.15538e-05,6.95211e-05,0.000539055,0.0795215,0.125409,4.10568,1,1,1,0,2.5,1,1,0,0,0,5,0,,,,1
146,0.199149,0.00136404,3.1584e-05,6.95352e-05,0.000540211,0.0786841,0.121034,2.87948,1,1,1,0,2.5,1,1,0,0,0,5,0,,,,1
147,0.200513,0.00136404,3.15982e-05,6.95043e-05,0.00053259,0.0779487,0.119602,2.41786,1,1,1,0,2.5,1,1,0,0,0,5,0,,,,1
148,0.201877,0.00136404,3.16231e-05,6.9476e-05,0.000534779,0.0773126,0.120143,3.09656,1,1,1,0,2.5,1,1,0,0,0,5,0,,,,1
149,0.203241,0.00136404,3.16477e-05,6.94671e-05,0.000532184,0.0767041,0.120669,3.08748,1,1,1,0,2.5,1,1,0,0,0,5,0,,,,1
150,0.204605,0.00136404,3.16911e-05,6.94464e-05,0.000531663,0.0760359,0.120959,3.64294,1,1,1,0,2.5,1,1,0,0,0,5,0,,,,1
151,0.205969,0.00136404,3.17189e-05,6.94421e-05,0.000538847,0.0757359,0.140563,7.81645,1,1,1,0,2.5,1,1,0,0,0,5,0,,,,1
152,0.207333,0.00136404,3.17405e-05,6.9441e-05,0.000537046,0.074899,0.131573,6.48648,1,1,1,0,2.5,1,1,0,0,0,5,0,,,,1
153,0.208697,0.00136404,3.1757e-05,6.94011e-05,0.00053383,0.0740005,0.119307,3.74334,1,1,1,0,2.5,1,1,0,0,0,5,0,,,,1
154,0.210062,0.00136404,3.17758e-05,6.9381e-05,0.00053276,0.0737477,0.13672,7.52049,1,1,1,0,2.5,1,1,0,0,0,5,0,,,,1
155,0.211426,0.00136404,3.18098e-05,6.93673e-05,0.000530029,0.0730917,0.12809,5.86969,1,1,1,0,2.5,1,1,0,0,0,5,0,,,,1
156,0.21279,0.00136404,3.18466e-05,6.93529e-05,0.000533622,0.0730074,0.151715,9.21968,1,1,1,0,2.5,1,1,0,0,0,5,0,,,,1
157,0.214154,0.00136404,3.1864e-05,6.9353e-05,0.000537697,0.0714426,0.11263,2.70593,1,1,1,0,2.5,1,1,0,0,0,5,0,,,,1
158,0.215518,0.00136404,3.18859e-05,6.93354e-05,0.000532162,0.0707234,0.110011,2.58566,1,1,1,0,2.5,1,1,0,0,0,5,0,,,,1
159,0.216882,0.00136404,3.18983e-05,6.93012e-05,0.00053403,0.0700987,0.108682,2.38538,1,1,1,0,2.5,1,1,0,0,0,5,0,,,,1
160,0.218246,0.00136404,3.19195e-05,6.92854e-05,0.000530895,0.0696344,0.111477,3.75091,1,1,1,0,2.5,1,0.999999,0,0,0,5,0,,,,1
161,0.21961,0.00136404,3.19599e-05,6.92603e-05,0.000527441,0.0691899,0.114138,4.36082,1,1,1,0,2.5,1,1,0,0,0,5,0,,,,1
162,0.220974,0.00136404,3.19821e-05,6.92455e-05,0.000533767,0.0687041,0.113105,2.87326,1,1,1,0,2.5,1,0.999999,0,0,0,5,0,,,,1
163,0.222338,0.00136404,3.20022e-05,6.92564e-05,0.00053597,0.0684437,0.127525,6.72841,1,1,1,0,2.5,1,0.999999,0,0,0,5,0,,,,1
164,0.223702,0.00136404,3.2016e-05,6.92228e-05,0.000530222,0.0686172,0.181614,13.6975,1,1,1,0,2.5,1,1,0,0,0,5,0,,,,1
165,0.225066,0.00136404,3.20285e-05,6.91977e-05,0.000533045,0.0668753,0.108159,3.64589,1,1,1,0,2.5,1,1,0,0,0,5,0,,,,1
166,0.22643,0.00136404,3.20565e-05,6.91845e-05,0.000527944,0.0662668,0.104727,2.83091,1,1,1,0,2.5,1,1,0,0,0,5,0,,,,1
167,0.227794,0.00136404,3.20916e-05,6.91606e-05,0.000525802,0.065763,0.104329,3.04532,1,1,1,0,2.5,1,1,0,0,0,5,0,,,,1
168,0.229158,0.00136404,3.21067e-05,6.91515e-05,0.000534031,0.0652446,0.10271,2.39504,1,1,1,0,2.5,1,1,0,0,0,5,0,,,,1
169,0.230522,0.00136404,3.21256e-05,6.91524e-05,0.000533326,0.0647833,0.103136,2.90542,1,1,1,0,2.5,1,1,0,0,0,5,0,,,,1
170,0.231886,0.00136404,3.21324e-05,6.91124e-05,0.000531955,0.0642697,0.102328,2.92359,1,1,1,0,2.5,1,1,0,0,0,5,0,,,,1
171,0.23325,0.00136404,3.21459e-05,6.9094e-05,0.000531658,0.0637771,0.101627,2.79248,1,1,1,0,2.5,1,1,0,0,0,5,0,,,,1
172,0.234614,0.00136404,3.21815e-05,6.90763e-05,0.000523378,0.0638279,0.127246,7.68373,1,1,1,0,2.5,1,1,0,0,0,5,0,,,,1
173,0.235978,0.00136404,3.22138e-05,6.90589e-05,0.000528209,0.0635291,0.137854,9.11356,1,1,1,0,2.5,1,1,0,0,0,5,0,,,,1
174,0.237342,0.00136404,3.22241e-05,6.90577e-05,0.000532989,0.0623845,0.100394,2.9355,1,1,1,0,2.5,1,1,0,0,0,5,0,,,,1
175,0.238706,0.00136404,3.22368e-05,6.90404e-05,0.000528979,0.0619293,0.0997986,3.0824,1,1,1,0,2.5,1,1,0,0,0,5,0,,,,1
176,0.24007,0.00136404,3.22414e-05,6.90044e-05,0.000532859,0.0615045,0.0998379,3.26266,1,1,1,0,2.5,1,1,0,0,0,5,0,,,,1
177,0.241434,0.00136404,3.2262e-05,6.89892e-05,0.000529912,0.0610376,0.0975135,2.31821,1,1,1,0,2.5,1,1,0,0,0,5,0,,,,1
178,0.242798,0.00136404,3.23002e-05,6.89622e-05,0.000519713,0.0606059,0.0968556,2.42873,1,1,1,0,2.5,1,1,0,0,0,5,0,,,,1
179,0.244162,0.00136404,3.23156e-05,6.89457e-05,0.00052891,0.0601307,0.0953929,1.99744,1,1,1,0,2.5,1,1,0,0,0,5,0,,,,1
180,0.245526,0.00136404,3.23298e-05,6.89521e-05,0.000531562,0.0598241,0.0994736,3.70586,1,1,1,0,2.5,1,1,0,0,0,5,0,,,,1
181,0.24689,0.00136404,3.23366e-05,6.89177e-05,0.000528252,0.060336,0.155223,11.4675,1,1,1,0,2.5,1,1,0,0,0,5,0,,,,1
182,0.248255,0.00136404,3.23485e-05,6.88976e-05,0.000531892,0.0590482,0.0989143,3.6691,1,1,1,0,2.5,1,1,0,0,0,5,0,,,,1
183,0.249619,0.00136404,3.23722e-05,6.88849e-05,0.000527015,0.0586966,0.0974189,2.57466,1,1,1,0,2.5,1,1,0,0,0,5,0,,,,1
184,0.250983,0.00136404,3.24055e-05,6.88582e-05,0.000519866,0.0588088,0.115874,5.71478,1,1,1,0,2.5,1,1,0,0,0,5,0,,,,1
185,0.252347,0.00136404,3.24082e-05,6.88467e-05,0.000528741,0.0578713,0.0958089,2.898,1,1,1,0,2.5,1,1,0,0,0,5,0,,,,1
186,0.253711,0.00136404,3.24233e-05,6.88439e-05,0.000529033,0.057344,0.0919301,2.02576,1,1,1,0,2.5,1,1,0,0,0,5,0,,,,1
187,0.255075,0.00136404,3.2427e-05,6.88053e-05,0.000530024,0.0569335,0.0906213,1.74595,1,1,1,0,2.5,1,1,0,0,0,5,0,,,,1
188,0.256439,0.00136404,3.24434e-05,6.87915e-05,0.000530528,0.0566739,0.0929566,2.87666,1,1,1,0,2.5,1,1,0,0,0,5,0,,,,1
189,0.257803,0.00136404,3.24679e-05,6.87752e-05,0.000522676,0.0568126,0.115006,6.76399,1,1,1,0,2.5,1,1,0,0,0,5,0,,,,1
190,0.259167,0.00136404,3.24994e-05,6.87564e-05,0.000522295,0.0561511,0.0971199,3.53528,1,1,1,0,2.5,1,1,0,0,0,5,0,,,,1
191,0.260531,0.00136404,3.25043e-05,6.87525e-05,0.000528034,0.0556097,0.0911924,2.30768,1,1,1,0,2.5,1,1,0,0,0,5,0,,,,1
192,0.261895,0.00136404,3.25095e-05,6.87313e-05,0.000525059,0.0553723,0.095825,3.93561,1,1,1,0,2.5,1,1,0,0,0,5,0,,,,1
193,0.263259,0.00136404,3.25139e-05,6.86963e-05,0.000530736,0.0553137,0.0988789,3.35249,1,1,1,0,2.5,1,1,0,0,0,5,0,,,,1
194,0.264623,0.00136404,3.25292e-05,6.8687e-05,0.000528481,0.0544952,0.0882404,1.95565,1,1,1,0,2.5,1,1,0,0,0,5,0,,,,1
195,0.265987,0.00136404,3.25623e-05,6.86624e-05,0.000517053,0.0541357,0.0871586,1.55681,1,1,1,0,2.5,1,1,0,0,0,5,0,,,,1
196,0.267351,0.00136404,3.25798e-05,6.86455e-05,0.000523085,0.0539035,0.0894791,2.71835,1,1,1,0,2.5,1,1,0,0,0,5,0,,,,1
197,0.268715,0.00136404,3.25898e-05,6.86481e-05,0.000526091,0.0538356,0.0998647,4.95541,1,1,1,0,2.5,1,1,0,0,0,5,0,,,,1
198,0.270079,0.00136404,3.25872e-05,6.86118e-05,0.000525214,0.0532937,0.089107,2.7755,1,1,1,0,2.5,1,1,0,0,0,5,0,,,,1
199,0.271443,0.00136404,3.25986e-05,6.85928e-05,0.000529899,0.0529347,0.0875546,2.33879,1,1,1,0,2.5,1,1,0,0,0,5,0,,,,1
200,0.272807,0.00136404,3.26161e-05,6.85838e-05,0.000525706,0.0528412,0.09688,4.61311,1,1,1,0,2.5,1,1,0,0,0,5,0,,,,1
201,0.274171,0.00136404,3.26492e-05,6.856e-05,0.000518103,0.0524003,0.0906644,3.45712,1,1,1,0,2.5,1,1,0,0,0,5,0,,,,1
202,0.275535,0.00136404,3.26504e-05,6.85475e-05,0.000523438,0.0519434,0.0849463,1.85257,1,1,1,0,2.5,1,1,0,0,0,5,0,,,,1
203,0.276899,0.00136404,3.26596e-05,6.85413e-05,0.000523978,0.0516621,0.0846221,1.63441,1,1,1,0,2.5,1,1,0,0,0,5,0,,,,1
204,0.278263,0.00136404,3.26595e-05,6.8499e-05,0.000527189,0.0516005,0.0899673,2.88183,1,1,1,0,2.5,1,1,0,0,0,5,0,,,,1
205,0.279627,0.00136404,3.2676e-05,6.84896e-05,0.00052846,0.0516901,0.103392,4.68983,1,1,1,0,2.5,1,1,0,0,0,5,0,,,,1
206,0.280991,0.00136404,3.26924e-05,6.84789e-05,0.000521155,0.0508705,0.0853507,2.01956,1,1,1,0,2.5,1,1,0,0,0,5,0,,,,1
207,0.282355,0.00136404,3.27225e-05,6.84608e-05,0.000518832,0.0505762,0.0858621,2.74984,1,1,1,0,2.5,1,1,0,0,0,5,0,,,,1
208,0.283719,0.00136404,3.27258e-05,6.84561e-05,0.00052253,0.0506886,0.105053,6.20229,1,1,1,0,2.5,1,1,0,0,0,5,0,,,,1
209,0.285083,0.00136404,3.27239e-05,6.84287e-05,0.000520383,0.0500517,0.0861878,2.9308,1,1,1,0,2.5,1,1,0,0,0,5,0,,,,1
210,0.286448,0.00136404,3.27289e-05,6.83891e-05,0.000527408,0.0497163,0.0830059,1.58168,1,1,1,0,2.5,1,1,0,0,0,5,0,,,,1
211,0.287812,0.00136404,3.27437e-05,6.83898e-05,0.000526305,0.0495397,0.0848738,2.03262,1,1,1,0,2.5,1,1,0,0,0,5,0,,,,1
212,0.289176,0.00136404,3.27658e-05,6.83709e-05,0.000515839,0.0493144,0.0867982,3.0674,1,1,1,0,2.5,1,1,0,0,0,5,0,,,,1
213,0.29054,0.00136404,3.27865e-05,6.83536e-05,0.000517723,0.0489207,0.0831284,2.42955,1,1,1,0,2.5,1,1,0,0,0,5,0,,,,1
214,0.291904,0.00136404,3.27947e-05,6.83529e-05,0.000520562,0.0485851,0.0810262,1.78723,1,1,1,0,2.5,1,1,0,0,0,5,0,,,,1
215,0.293268,0.00136404,3.2788e-05,6.8311e-05,0.000521565,0.0485531,0.0894724,4.04519,1,1,1,0,2.5,1,1,0,0,0,5,0,,,,1
216,0.294632,0.00136404,3.27939e-05,6.82862e-05,0.000526955,0.0484777,0.098067,5.45367,1,1,1,0,2.5,1,1,0,0,0,5,0,,,,1
217,0.295996,0.00136404,3.28073e-05,6.82846e-05,0.000523093,0.0478451,0.0809057,2.09888,1,1,1,0,2.5,1,1,0,0,0,5,0,,,,1
218,0.29736,0.00136404,3.2833e-05,6.82662e-05,0.000517158,0.0475657,0.0796218,1.43055,1,1,1,0,2.5,1,1,0,0,0,5,0,,,,1
219,0.298724,0.00136404,3.28432e-05,6.82559e-05,0.000516882,0.0474216,0.081975,2.35002,1,1,1,0,2.5,1,1,0,0,0,5,0,,,,1
220,0.300088,0.00136404,3.28516e-05,6.82505e-05,0.000517985,0.0471959,0.0825947,2.63919,1,1,1,0,2.5,1,1,0,0,0,5,0,,,,1
221,0.301452,0.00136404,3.28462e-05,6.82039e-05,0.000523533,0.0468154,0.0788586,1.64243,1,1,1,0,2.5,1,1,0,0,0,5,0,,,,1
222,0.302816,0.00136404,3.28534e-05,6.81922e-05,0.000525528,0.0466188,0.0804721,2.49972,1,1,1,0,2.5,1,1,0,0,0,5,0,,,,1
223,0.30418,0.00136404,3.28702e-05,6.81881e-05,0.000518857,0.046954,0.110442,7.32518,1,1,1,0,2.5,1,1,0,0,0,5,0,,,,1
224,0.305544,0.00136404,3.28932e-05,6.81748e-05,0.00051779,0.046207,0.0815717,2.80288,1,1,1,0,2.5,1,1,0,0,0,5,0,,,,1
225,0.306908,0.00136404,3.29029e-05,6.81738e-05,0.000516211,0.0459991,0.0809976,2.41248,1,1,1,0,2.5,1,1,0,0,0,5,0,,,,1
226,0.308272,0.00136404,3.28995e-05,6.81464e-05,0.000514503,0.0464552,0.115414,7.75022,1,1,1,0,2.5,1,1,0,0,0,5,0,,,,1
227,0.309636,0.00136404,3.28984e-05,6.80995e-05,0.000523419,0.0455409,0.0814551,2.68673,1,1,1,0,2.5,1,1,0,0,0,5,0,,,,1
228,0.311,0.00136404,3.29088e-05,6.81037e-05,0.000523101,0.0451308,0.0768722,1.82363,1,1,1,0,2.5,1,1,0,0,0,5,0,,,,1
229,0.312364,0.00136404,3.29309e-05,6.80934e-05,0.000513632,0.0448857,0.0763961,1.83381,1,1,1,0,2.5,1,1,0,0,0,5,0,,,,1
230,0.313728,0.00136404,3.29462e-05,6.80786e-05,0.000517117,0.0449634,0.0879284,4.40521,1,1,1,0,2.5,1,1,0,0,0,5,0,,,,1
231,0.315092,0.00136404,3.29599e-05,6.80804e-05,0.000514344,0.0446702,0.0828962,3.42867,1,1,1,0,2.5,1,1,0,0,0,5,0,,,,1
232,0.316456,0.00136404,3.29473e-05,6.80361e-05,0.000516872,0.0442749,0.0765991,1.6232,1,1,1,0,2.5,1,1,0,0,0,5,0,,,,1
233,0.31782,0.00136404,3.29521e-05,6.80028e-05,0.000522885,0.0440123,0.0757598,1.71224,1,1,1,0,2.5,1,1,0,0,0,5,0,,,,1
234,0.319184,0.00136404,3.29555e-05,6.80041e-05,0.00051994,0.0438685,0.0787224,2.833,1,1,1,0,2.5,1,1,0,0,0,5,0,,,,1
235,0.320548,0.00136404,3.29787e-05,6.79895e-05,0.000515328,0.043541,0.0752122,2.05204,1,1,1,0,2.5,1,1,0,0,0,5,0,,,,1
236,0.321912,0.00136404,3.29928e-05,6.79832e-05,0.00051594,0.0432965,0.0736671,1.47156,1,1,1,0,2.5,1,1,0,0,0,5,0,,,,1
237,0.323276,0.00136404,3.30057e-05,6.79798e-05,0.00051159,0.043181,0.0774274,2.78856,1,1,1,0,2.5,1,1,0,0,0,5,0,,,,1
238,0.324641,0.00136404,3.29916e-05,6.79321e-05,0.000518991,0.0429794,0.0781625,2.99648,1,1,1,0,2.5,1,1,0,0,0,5,0,,,,1
239,0.326005,0.00136404,3.29946e-05,6.79126e-05,0.000521812,0.0426122,0.0729728,1.57016,1,1,1,0,2.5,1,1,0,0,0,5,0,,,,1
240,0.327369,0.00136404,3.30032e-05,6.79085e-05,0.000515538,0.0424362,0.0734535,1.66422,1,1,1,0,2.5,1,1,0,0,0,5,0,,,,1
241,0.328733,0.00136404,3.30249e-05,6.79019e-05,0.000515719,0.0424309,0.0803245,3.45502,1,1,1,0,2.5,1,1,0,0,0,5,0,,,,1
242,0.330097,0.00136404,3.30426e-05,6.79075e-05,0.000514819,0.0420344,0.0743484,2.37428,1,1,1,0,2.5,1,1,0,0,0,5,0,,,,1
243,0.331461,0.00136404,3.304e-05,6.78865e-05,0.000508249,0.0416862,0.0709267,1.2533,1,1,1,0,2.5,1,1,0,0,0,5,0,,,,1
244,0.332825,0.00136404,3.30334e-05,6.78347e-05,0.00051898,0.0415228,0.0721111,1.93748,1,1,1,0,2.5,1,1,0,0,0,5,0,,,,1
245,0.334189,0.00136404,3.30373e-05,6.78331e-05,0.000519445,0.0413476,0.072599,2.02799,1,1,1,0,2.5,1,1,0,0,0,5,0,,,,1
246,0.335553,0.00136404,3.30596e-05,6.78254e-05,0.000510721,0.0412408,0.0750158,2.61896,1,1,1,0,2.5,1,1,0,0,0,5,0,,,,1
247,0.336917,0.00136404,3.30714e-05,6.78208e-05,0.000515623,0.0414993,0.0981658,6.25361,1,1,1,0,2.5,1,1,0,0,0,5,0,,,,1
248,0.338281,0.00136404,3.30882e-05,6.783e-05,0.000513077,0.041195,0.0955806,6.0562,1,1,1,0,2.5,1,1,0,0,0,5,0,,,,1
249,0.339645,0.00136404,3.30742e-05,6.77873e-05,0.000510748,0.0404985,0.0726848,2.59898,1,1,1,0,2.5,1,1,0,0,0,5,0,,,,1
250,0.341009,0.00136404,3.30762e-05,6.77468e-05,0.000518615,0.0401441,0.0682254,1.19798,1,1,1,0,2.5,1,1,0,0,0,5,0,,,,1
251,0.342373,0.00136404,3.30735e-05,6.77478e-05,0.00051636,0.0399714,0.0686717,1.3647,1,1,1,0,2.5,1,1,0,0,0,5,0,,,,1
252,0.343737,0.00136404,3.30976e-05,6.77325e-05,0.00051273,0.0398075,0.0690506,1.33941,1,1,1,0,2.5,1,1,0,0,0,5,0,,,,1
253,0.345101,0.00136404,3.31085e-05,6.77335e-05,0.000514669,0.0395931,0.0687467,1.63903,1,1,1,0,2.5,1,1,0,0,0,5,0,,,,1
254,0.346465,0.00136404,3.31281e-05,6.7738e-05,0.000509437,0.0393966,0.0691201,1.94035,1,1,1,0,2.5,1,1,0,0,0,5,0,,,,1
255,0.347829,0.00136404,3.31073e-05,6.76897e-05,0.000513118,0.0408753,0.189665,16.1397,1,1,1,0,2.5,1,1,0,0,0,5,0,,,,1
256,0.349193,0.00136404,3.31099e-05,6.76646e-05,0.000517301,0.0389405,0.0681574,2.06051,1,1,1,0,2.5,1,1,0,0,0,5,0,,,,1
257,0.350557,0.00136404,3.31111e-05,6.76611e-05,0.00051211,0.0386544,0.0656053,1.10097,1,1,1,0,2.5,1,1,0,0,0,5,0,,,,1
258,0.351921,0.00136404,3.31352e-05,6.76476e-05,0.000513306,0.0384951,0.0662401,1.57411,1,1,1,0,2.5,1,1,0,0,0,5,0,,,,1
259,0.353285,0.00136404,3.31471e-05,6.76611e-05,0.000513218,0.0382636,0.065324,1.32042,1,1,1,0,2.5,1,1,0,0,0,5,0,,,,1
260,0.354649,0.00136404,3.31542e-05,6.76512e-05,0.000504468,0.0380457,0.0645998,1.03748,1,1,1,0,2.5,1,1,0,0,0,5,0,,,,1
261,0.356013,0.00136404,3.31383e-05,6.76015e-05,0.000514194,0.0379536,0.0670805,2.04533,1,1,1,0,2.5,1,1,0,0,0,5,0,,,,1
262,0.357377,0.00136404,3.31403e-05,6.75945e-05,0.000515112,0.0378455,0.0708547,2.99408,1,1,1,0,2.5,1,1,0,0,0,5,0,,,,1
263,0.358741,0.00136404,3.31564e-05,6.75822e-05,0.000507324,0.0374368,0.0638774,1.35044,1,1,1,0,2.5,1,1,0,0,0,5,0,,,,1
264,0.360105,0.00136404,3.31713e-05,6.75777e-05,0.000513633,0.0372392,0.0637043,1.4977,1,1,1,0,2.5,1,1,0,0,0,5,0,,,,1
265,0.361469,0.00136404,3.3182e-05,6.75968e-05,0.000511438,0.0371075,0.0656231,2.17536,1,1,1,0,2.5,1,1,0,0,0,5,0,,,,1
266,0.362833,0.00136404,3.31788e-05,6.75624e-05,0.000504377,0.0368476,0.0629533,1.22814,1,1,1,0,2.5,1,1,0,0,0,5,0,,,,1
267,0.364198,0.00136404,3.31713e-05,6.75211e-05,0.000513737,0.0367915,0.0665927,2.38273,1,1,1,0,2.5,1,1,0,0,0,5,0,,,,1
268,0.365562,0.00136404,3.31688e-05,6.75191e-05,0.000512475,0.0366702,0.0687816,2.68321,1,1,1,0,2.5,1,1,0,0,0,5,0,,,,1
269,0.366926,0.00136404,3.31906e-05,6.74988e-05,0.000509355,0.0362741,0.0624801,1.43388,1,1,1,0,2.5,1,1,0,0,0,5,0,,,,1
270,0.36829,0.00136404,3.31969e-05,6.75018e-05,0.00051296,0.0360142,0.0608912,1.10886,1,1,1,0,2.5,1,1,0,0,0,5,0,,,,1
271,0.369654,0.00136404,3.32186e-05,6.75186e-05,0.00050809,0.0359982,0.066981,2.89554,1,1,1,0,2.5,1,1,0,0,0,5,0,,,,1
272,0.371018,0.00136404,3.31999e-05,6.74748e-05,0.000506831,0.0357542,0.0637522,2.18265,1,1,1,0,2.5,1,1,0,0,0,5,0,,,,1
273,0.372382,0.00136404,3.3199e-05,6.74473e-05,0.000512837,0.0355635,0.0631878,2.06678,1,1,1,0,2.5,1,1,0,0,0,5,0,,,,1
274,0.373746,0.00136404,3.31958e-05,6.7444e-05,0.000508528,0.0354359,0.0652558,2.57963,1,1,1,0,2.5,1,1,0,0,0,5,0,,,,1
275,0.37511,0.00136404,3.32154e-05,6.74189e-05,0.000510544,0.0350876,0.0598454,1.13863,1,1,1,0,2.5,1,1,0,0,0,5,0,,,,1
276,0.376474,0.00136404,3.32278e-05,6.74365e-05,0.000511422,0.0348343,0.0584466,0.892241,1,1,1,0,2.5,1,1,0,0,0,5,0,,,,1
277,0.377838,0.00136404,3.32424e-05,6.74414e-05,0.000503421,0.0347042,0.0599735,1.73804,1,1,1,0,2.5,1,1,0,0,0,5,0,,,,1
278,0.379202,0.00136404,3.322e-05,6.73938e-05,0.00050792,0.0356281,0.13216,10.8134,1,1,1,0,2.5,1,1,0,0,0,5,0,,,,1
279,0.380566,0.00136404,3.32202e-05,6.73826e-05,0.000510414,0.034328,0.058723,1.32248,1,1,1,0,2.5,1,1,0,0,0,5,0,,,,1
280,0.38193,0.00136404,3.32309e-05,6.73717e-05,0.000503365,0.0341312,0.0580013,1.11658,1,1,1,0,2.5,1,1,0,0,0,5,0,,,,1
281,0.383294,0.00136404,3.32455e-05,6.73584e-05,0.000511185,0.0339343,0.0572913,1.00908,1,1,1,0,2.5,1,1,0,0,0,5,0,,,,1
282,0.384658,0.00136404,3.32563e-05,6.73837e-05,0.000509486,0.0337033,0.0563336,0.769078,1,1,1,0,2.5,1,1,0,0,0,5,0,,,,1
283,0.386022,0.00136404,3.32612e-05,6.73664e-05,0.000497332,0.0335213,0.0562453,1.05069,1,1,1,0,2.5,1,1,0,0,0,5,0,,,,1
284,0.387386,0.00136404,3.32458e-05,6.73248e-05,0.000508126,0.0335664,0.0640549,3.05672,1,1,1,0,2.5,1,1,0,0,0,5,0,,,,1
285,0.38875,0.00136404,3.32465e-05,6.73209e-05,0.000507625,0.033255,0.0578046,1.79858,1,1,1,0,2.5,1,1,0,0,0,5,0,,,,1
286,0.390114,0.00136404,3.32589e-05,6.72987e-05,0.000505961,0.0330101,0.0554878,0.970321,1,1,1,0,2.5,1,1,0,0,0,5,0,,,,1
287,0.391478,0.00136404,3.32675e-05,6.72947e-05,0.000510802,0.0328643,0.0559748,1.31905,1,1,1,0,2.5,1,1,0,0,0,5,0,,,,1
288,0.392842,0.00136404,3.32773e-05,6.73214e-05,0.000506753,0.0326567,0.0551727,1.10808,1,1,1,0,2.5,1,1,0,0,0,5,0,,,,1
289,0.394206,0.00136404,3.32729e-05,6.72861e-05,0.000500179,0.0324544,0.0543817,1.00556,1,1,1,0,2.5,1,1,0,0,0,5,0,,,,1
290,0.39557,0.00136404,3.32649e-05,6.72592e-05,0.000507653,0.0323091,0.0546975,1.31494,1,1,1,0,2.5,1,1,0,0,0,5,0,,,,1
291,0.396934,0.00136404,3.32677e-05,6.72558e-05,0.000504434,0.032221,0.0559703,1.75099,1,1,1,0,2.5,1,1,0,0,0,5,0,,,,1
292,0.398298,0.00136404,3.32747e-05,6.72241e-05,0.000507114,0.0319402,0.0535075,0.916982,1,1,1,0,2.5,1,1,0,0,0,5,0,,,,1
293,0.399662,0.00136404,3.32867e-05,6.72358e-05,0.000509129,0.031876,0.055917,1.7144,1,1,1,0,2.5,1,1,0,0,0,5,0,,,,1
294,0.401026,0.00136404,3.33018e-05,6.72522e-05,0.000501896,0.0318039,0.0592889,2.49248,1,1,1,0,2.5,1,1,0,0,0,5,0,,,,1
295,0.402391,0.00136404,3.32856e-05,6.72114e-05,0.000501723,0.0314987,0.0545874,1.70356,1,1,1,0,2.5,1,1,0,0,0,5,0,,,,1
296,0.403755,0.00136404,3.32806e-05,6.7199e-05,0.000505575,0.0312594,0.0520915,0.858684,1,1,1,0,2.5,1,1,0,0,0,5,0,,,,1
297,0.405119,0.00136404,3.32919e-05,6.71934e-05,0.0004999,0.031088,0.0521307,1.19849,1,1,1,0,2.5,1,1,0,0,0,5,0,,,,1
298,0.406483,0.00136404,3.32951e-05,6.71679e-05,0.000507851,0.0309124,0.0515425,0.94021,1,1,1,0,2.5,1,1,0,0,0,5,0,,,,1
299,0.407847,0.00136404,3.33109e-05,6.71923e-05,0.000507111,0.0308817,0.0546298,1.78008,1,1,1,0,2.5,1,1,0,0,0,5,0,,,,1
300,0.409211,0.00136404,3.33188e-05,6.71918e-05,0.000496017,0.0310828,0.0699062,4.08457,1,1,1,0,2.5,1,1,0,0,0,5,0,,,,1
301,0.410575,0.00136404,3.33036e-05,6.71543e-05,0.000501925,0.030561,0.0545719,2.0617,1,1,1,0,2.5,1,1,0,0,0,5,0,,,,1
302,0.411939,0.00136404,3.33003e-05,6.71477e-05,0.000502769,0.0302555,0.0501865,0.885554,1,1,1,0,2.5,1,1,0,0,0,5,0,,,,1
303,0.413303,0.00136404,3.33148e-05,6.71293e-05,0.000502017,0.030068,0.049589,0.8169,1,1,1,0,2.5,1,1,0,0,0,5,0,,,,1
304,0.414667,0.00136404,3.33131e-05,6.71167e-05,0.000508322,0.0299201,0.04946,0.844591,1,1,1,0,2.5,1,1,0,0,0,5,0,,,,1
305,0.416031,0.00136404,3.3324e-05,6.71447e-05,0.00050446,0.029845,0.0510081,1.3554,1,1,1,0,2.5,1,1,0,0,0,5,0,,,,1
306,0.417395,0.00136404,3.33253e-05,6.71222e-05,0.000492683,0.0302034,0.0754362,5.10987,1,1,1,0,2.5,1,1,0,0,0,5,0,,,,1
307,0.418759,0.00136404,3.33159e-05,6.70968e-05,0.000501008,0.0295398,0.0503479,1.2878,1,1,1,0,2.5,1,1,0,0,0,5,0,,,,1
308,0.420123,0.00136404,3.33196e-05,6.70944e-05,0.000499534,0.0293,0.0484446,0.776185,1,1,1,0,2.5,1,1,0,0,0,5,0,,,,1
309,0.421487,0.00136404,3.33218e-05,6.70631e-05,0.000503548,0.0291207,0.0477387,0.63269,1,1,1,0,2.5,1,1,0,0,0,5,0,,,,1
310,0.422851,0.00136404,3.3327e-05,6.70674e-05,0.000506695,0.0289729,0.0474856,0.692674,1,1,1,0,2.5,1,1,0,0,0,5,0,,,,1
311,0.424215,0.00136404,3.33356e-05,6.70889e-05,0.000500337,0.0288634,0.048017,0.975463,1,1,1,0,2.5,1,1,0,0,0,5,0,,,,1
312,0.425579,0.00136404,3.33293e-05,6.70532e-05,0.000494558,0.0294155,0.086581,6.59585,1,1,1,0,2.5,1,1,0,0,0,5,0,,,,1
313,0.426943,0.00136404,3.33226e-05,6.70436e-05,0.000499779,0.0286071,0.0482449,1.13081,1,1,1,0,2.5,1,1,0,0,0,5,0,,,,1
314,0.428307,0.00136404,3.33375e-05,6.70431e-05,0.000495339,0.0284102,0.0470325,0.85564,1,1,1,0,2.5,1,1,0,0,0,5,0,,,,1
315,0.429671,0.00136404,3.33279e-05,6.70116e-05,0.000504156,0.0282426,0.0463699,0.739315,1,1,1,0,2.5,1,1,0,0,0,5,0,,,,1
316,0.431035,0.00136404,3.33466e-05,6.70317e-05,0.000504442,0.0280771,0.0457823,0.573606,1,1,1,0,2.5,1,1,0,0,0,5,0,,,,1
317,0.432399,0.00136404,3.33464e-05,6.70363e-05,0.000494352,0.0279543,0.0458172,0.728719,1,1,1,0,2.5,1,1,0,0,0,5,0,,,,1
318,0.433763,0.00136404,3.33391e-05,6.70014e-05,0.00049522,0.0279597,0.049922,1.98948,1,1,1,0,2.5,1,1,0,0,0,5,0,,,,1
319,0.435127,0.00136404,3.33356e-05,6.7e-05,0.00049739,0.0277429,0.0470012,1.28378,1,1,1,0,2.5,1,1,0,0,0,5,0,,,,1
320,0.436491,0.00136404,3.33537e-05,6.69883e-05,0.000497165,0.0275818,0.0460967,0.956533,1,1,1,0,2.5,1,1,0,0,0,5,0,,,,1
321,0.437855,0.00136404,3.33398e-05,6.69667e-05,0.000504539,0.0274251,0.0456479,0.906083,1,1,1,0,2.5,1,1,0,0,0,5,0,,,,1
322,0.439219,0.00136404,3.33583e-05,6.6994e-05,0.000501649,0.0272346,0.044415,0.711779,1,1,1,0,2.5,1,1,0,0,0,5,0,,,,1
323,0.440584,0.00136404,3.33528e-05,6.69758e-05,0.000489924,0.0271022,0.0440691,0.569252,1,1,1,0,2.5,1,1,0,0,0,5,0,,,,1
324,0.441948,0.00136404,3.33451e-05,6.69508e-05,0.000494512,0.0270144,0.0450595,1.14005,1,1,1,0,2.5,1,1,0,0,0,5,0,,,,1
325,0.443312,0.00136404,3.33458e-05,6.69505e-05,0.000494418,0.0269153,0.0455349,1.24663,1,1,1,0,2.5,1,1,0,0,0,5,0,,,,1
326,0.444676,0.00136404,3.33577e-05,6.69251e-05,0.000499203,0.0268167,0.0458648,1.17154,1,1,1,0,2.5,1,1,0,0,0,5,0,,,,1
327,0.44604,0.00136404,3.33479e-05,6.69201e-05,0.000503624,0.0267028,0.0465673,1.43503,1,1,1,0,2.5,1,1,0,0,0,5,0,,,,1
328,0.447404,0.00136404,3.33597e-05,6.6944e-05,0.000498066,0.0264592,0.0434429,0.87669,1,1,1,0,2.5,1,1,0,0,0,5,0,,,,1
329,0.448768,0.00136404,3.33497e-05,6.69097e-05,0.000490897,0.0262945,0.0426022,0.564147,1,1,1,0,2.5,1,1,0,0,0,5,0,,,,1
330,0.450132,0.00136404,3.33472e-05,6.69004e-05,0.000496389,0.0261835,0.0427916,0.784093,1,1,1,0,2.5,1,1,0,0,0,5,0,,,,1
331,0.451496,0.00136404,3.33582e-05,6.69067e-05,0.000496458,0.0261187,0.0436863,1.02738,1,1,1,0,2.5,1,1,0,0,0,5,0,,,,1
332,0.45286,0.00136404,3.33529e-05,6.68742e-05,0.00050035,0.0261095,0.0467447,1.70261,1,1,1,0,2.5,1,1,0,0,0,5,0,,,,1
333,0.454224,0.00136404,3.33576e-05,6.68877e-05,0.000501537,0.0261695,0.054617,2.91094,1,1,1,0,2.5,1,1,0,0,0,5,0,,,,1
334,0.455588,0.00136404,3.33631e-05,6.68994e-05,0.000492484,0.0257213,0.0426541,1.00953,1,1,1,0,2.5,1,1,0,0,0,5,0,,,,1
335,0.456952,0.00136404,3.33555e-05,6.68636e-05,0.000492019,0.0255356,0.0413339,0.587393,1,1,1,0,2.5,1,1,0,0,0,5,0,,,,1
336,0.458316,0.00136404,3.33529e-05,6.68655e-05,0.000502653,0.0254168,0.0411891,0.585272,1,1,1,0,2.5,1,1,0,0,0,5,0,,,,1
337,0.45968,0.00136404,3.33706e-05,6.68666e-05,0.000496788,0.0253521,0.0419087,0.795384,1,1,1,0,2.5,1,1,0,0,0,5,0,,,,1
338,0.461044,0.00136404,3.3352e-05,6.68382e-05,0.000500368,0.0253921,0.0464171,1.88996,1,1,1,0,2.5,1,1,0,0,0,5,0,,,,1
339,0.462408,0.00136404,3.33735e-05,6.68674e-05,0.000498861,0.0256896,0.0641588,3.75272,1,1,1,0,2.5,1,1,0,0,0,5,0,,,,1
340,0.463772,0.00136404,3.33642e-05,6.6857e-05,0.00049049,0.0250092,0.0416793,1.00924,1,1,1,0,2.5,1,1,0,0,0,5,0,,,,1
341,0.465136,0.00136404,3.33613e-05,6.68287e-05,0.000500807,0.0248164,0.0401882,0.580151,1,1,1,0,2.5,1,1,0,0,0,5,0,,,,1
342,0.4665,0.00136404,3.33613e-05,6.68309e-05,0.000507261,0.0246922,0.0398422,0.472179,1,1,1,0,2.5,1,1,0,0,0,5,0,,,,1
343,0.467864,0.00136404,3.33748e-05,6.68144e-05,0.000494786,0.0246097,0.0402534,0.731324,1,1,1,0,2.5,1,1,0,0,0,5,0,,,,1
344,0.469228,0.00136404,3.33544e-05,6.68054e-05,0.000499727,0.0246133,0.042946,1.42936,1,1,1,0,2.5,1,1,0,0,0,5,0,,,,1
345,0.470592,0.00136404,3.33747e-05,6.6833e-05,0.000502864,0.0253575,0.0944836,7.60213,1,1,1,0,2.5,1,1,0,0,0,5,0,,,,1
346,0.471956,0.00136404,3.33605e-05,6.68035e-05,0.000491782,0.0243086,0.0403989,0.889622,1,1,1,0,2.5,1,1,0,0,0,5,0,,,,1
347,0.47332,0.00136404,3.33574e-05,6.67851e-05,0.000508409,0.0241218,0.039085,0.60889,1,1,1,0,2.5,1,1,0,0,0,5,0,,,,1
348,0.474684,0.00136404,3.33656e-05,6.67958e-05,0.000510509,0.0239925,0.0386031,0.450386,1,1,1,0,2.5,1,1,0,0,0,5,0,,,,1
349,0.476048,0.00136404,3.33691e-05,6.6771e-05,0.000495626,0.0239064,0.0387851,0.655746,1,1,1,0,2.5,1,1,0,0,0,5,0,,,,1
350,0.477412,0.00136404,3.33566e-05,6.67783e-05,0.000500919,0.0238883,0.040198,1.03298,1,1,1,0,2.5,1,1,0,0,0,5,0,,,,1
351,0.478776,0.00136404,3.33713e-05,6.67978e-05,0.000505947,0.024289,0.0651314,4.68232,1,1,1,0,2.5,1,1,0,0,0,5,0,,,,1
352,0.480141,0.00136404,3.33596e-05,6.67597e-05,0.000502185,0.0236339,0.0391525,0.770988,1,1,1,0,2.5,1,1,0,0,0,5,0,,,,1
353,0.481505,0.00136404,3.33564e-05,6.67527e-05,0.000515356,0.0234779,0.038206,0.692279,1,1,1,0,2.5,1,1,0,0,0,5,0,,,,1
354,0.482869,0.00136404,3.33673e-05,6.67614e-05,0.000511833,0.023341,0.0375587,0.477441,1,1,1,0,2.5,1,1,0,0,0,5,0,,,,1
355,0.484233,0.00136404,3.33585e-05,6.67359e-05,0.000496793,0.023257,0.0375663,0.578937,1,1,1,0,2.5,1,1,0,0,0,5,0,,,,1
356,0.485597,0.00136404,3.33637e-05,6.67615e-05,0.000509366,0.0232122,0.0383368,0.792727,1,1,1,0,2.5,1,1,0,0,0,5,0,,,,1
357,0.486961,0.00136404,3.33702e-05,6.67638e-05,0.00050754,0.0232754,0.0435895,2.0044,1,1,1,0,2.5,1,1,0,0,0,5,0,,,,1
358,0.488325,0.00136404,3.33626e-05,6.67305e-05,0.000512099,0.0230043,0.0381184,0.756917,1,1,1,0,2.5,1,1,0,0,0,5,0,,,,1
359,0.489689,0.00136404,3.3359e-05,6.67257e-05,0.000521083,0.0228665,0.0375473,0.808552,1,1,1,0,2.5,1,1,0,0,0,5,0,,,,1
360,0.491053,0.00136404,3.33685e-05,6.67198e-05,0.000510675,0.0227192,0.0365902,0.50288,1,1,1,0,2.5,1,1,0,0,0,5,0,,,,1
361,0.492417,0.00136404,3.33473e-05,6.67079e-05,0.000504111,0.022633,0.0364293,0.512086,1,1,1,0,2.5,1,1,0,0,0,5,0,,,,1
362,0.493781,0.00136404,3.33687e-05,6.67415e-05,0.000516992,0.0225556,0.0367645,0.642396,1,1,1,0,2.5,1,1,0,0,0,5,0,,,,1
363,0.495145,0.00136404,3.33634e-05,6.67207e-05,0.000508182,0.02253,0.0385543,1.22631,1,1,1,0,2.5,1,1,0,0,0,5,0,,,,1
364,0.496509,0.00136404,3.33544e-05,6.66945e-05,0.000520809,0.022386,0.0370581,0.706802,1,1,1,0,2.5,1,1,0,0,0,5,0,,,,1
365,0.497873,0.00136404,3.33603e-05,6.66965e-05,0.000525115,0.0222766,0.037143,0.986844,1,1,1,0,2.5,1,1,0,0,0,5,0,,,,1
366,0.499237,0.00136404,3.3364e-05,6.66809e-05,0.000508226,0.0221243,0.035692,0.525443,1,1,1,0,2.5,1,1,0,0,0,5,0,,,,1
367,0.5,0.000762977,3.36444e-05,6.78227e-05,0.00053801,0.0220678,0.0354337,0.427548,1,1,1,0,2.5,1,1,0,0,0,3,0,,,,1
