step,time,dt,L1_fv,L2_fv,Linf_fv,L1_norm_fv,L2_norm_fv,Linf_norm_fv,total_mass,total_momentum_x,total_momentum_y,total_momentum_z,total_energy,min_density,min_pressure,has_nonfinite,has_negative_density,has_negative_pressure
0,0,0.001,0.0198271,0.0700516,0.492007,0.000152225,0.000535426,0.00372446,1,1,0.5,0,2.6266,1,1,0,0,0
1,0.00136361,0.00136361,0.0198204,0.0700157,0.491677,0.000152176,0.000535163,0.00372207,1,1,0.5,0,2.6266,0.999977,0.999521,0,0,0
2,0.00272716,0.00136355,0.0198137,0.0699798,0.491341,0.000152127,0.000534903,0.00371967,1,1,0.5,0,2.6266,0.999947,0.999025,0,0,0
3,0.00409055,0.00136339,0.0198071,0.069944,0.490999,0.00015208,0.000534647,0.00371726,1,1,0.5,0,2.6266,0.999901,0.99851,0,0,0
4,0.00545374,0.00136319,0.0198005,0.0699083,0.490651,0.000152032,0.000534394,0.00371483,1,1,0.5,0,2.6266,0.99984,0.99798,0,0,0
5,0.00681673,0.00136299,0.0197939,0.0698726,0.490298,0.000151986,0.000534144,0.00371239,1,1,0.5,0,2.6266,0.999763,0.997434,0,0,0
6,0.00817952,0.00136279,0.0197873,0.069837,0.489941,0.00015194,0.000533897,0.00370993,1,1,0.5,0,2.6266,0.999671,0.996871,0,0,0
7,0.00954211,0.00136259,0.0197807,0.0698015,0.489579,0.000151894,0.000533654,0.00370747,1,1,0.5,0,2.6266,0.999564,0.996292,0,0,0
8,0.0109045,0.00136239,0.0197742,0.0697661,0.489213,0.000151849,0.000533413,0.00370499,1,1,0.5,0,2.6266,0.99944,0.9957,0,0,0
9,0.0122667,0.0013622,0.0197677,0.0697307,0.488845,0.000151805,0.000533175,0.00370251,1,1,0.5,0,2.6266,0.999301,0.995096,0,0,0
10,0.0136287,0.001362,0.0197612,0.0696954,0.488473,0.000151762,0.00053294,0.00370001,1,1,0.5,0,2.6266,0.999149,0.99448,0,0,0
11,0.0149905,0.00136181,0.0197547,0.0696602,0.4881,0.000151719,0.000532708,0.00369751,1,1,0.5,0,2.6266,0.998983,0.993854,0,0,0
12,0.0163521,0.00136162,0.0197482,0.069625,0.487725,0.000151676,0.000532478,0.00369501,1,1,0.5,0,2.6266,0.998805,0.993219,0,0,0
13,0.0177136,0.00136144,0.0197418,0.0695899,0.487348,0.000151634,0.000532251,0.0036925,1,1,0.5,0,2.6266,0.998614,0.992576,0,0,0
14,0.0190748,0.00136126,0.0197353,0.0695548,0.486971,0.000151592,0.000532026,0.00368999,1,1,0.5,0,2.6266,0.998408,0.991925,0,0,0
15,0.0204359,0.00136108,0.0197289,0.0695197,0.486594,0.000151551,0.000531804,0.00368748,1,1,0.5,0,2.6266,0.998191,0.991268,0,0,0
16,0.0217968,0.0013609,0.0197225,0.0694847,0.486217,0.00015151,0.000531584,0.00368497,1,1,0.5,0,2.6266,0.997963,0.990605,0,0,0
17,0.0231575,0.00136072,0.019716,0.0694498,0.485841,0.00015147,0.000531366,0.00368246,1,1,0.5,0,2.6266,0.997724,0.989939,0,0,0
18,0.0245181,0.00136055,0.0197096,0.0694149,0.485465,0.00015143,0.000531149,0.00367996,1,1,0.5,0,2.6266,0.997473,0.989268,0,0,0
19,0.0258785,0.00136038,0.0197032,0.0693801,0.485092,0.00015139,0.000530935,0.00367747,1,1,0.5,0,2.6266,0.997213,0.988595,0,0,0
20,0.0272387,0.00136021,0.0196968,0.0693453,0.48472,0.000151351,0.000530723,0.00367498,1,1,0.5,0,2.6266,0.996946,0.987919,0,0,0
21,0.0285987,0.00136004,0.0196904,0.0693105,0.48435,0.000151311,0.000530512,0.00367251,1,1,0.5,0,2.6266,0.996667,0.987242,0,0,0
22,0.0299586,0.00135987,0.019684,0.0692758,0.483983,0.000151272,0.000530303,0.00367004,1,1,0.5,0,2.6266,0.996378,0.986565,0,0,0
23,0.0313183,0.0013597,0.0196776,0.0692411,0.483619,0.000151234,0.000530096,0.00366759,1,1,0.5,0,2.6266,0.996082,0.985888,0,0,0
24,0.0326778,0.00135953,0.0196711,0.0692064,0.483258,0.000151195,0.00052989,0.00366515,1,1,0.5,0,2.6266,0.995781,0.985211,0,0,0
25,0.0340372,0.00135936,0.0196647,0.0691718,0.4829,0.000151157,0.000529685,0.00366273,1,1,0.5,0,2.6266,0.995476,0.984535,0,0,0
26,0.0353963,0.00135919,0.0196583,0.0691372,0.482546,0.000151119,0.000529481,0.00366033,1,1,0.5,0,2.6266,0.995169,0.983862,0,0,0
27,0.0367554,0.00135902,0.0196518,0.0691026,0.482196,0.000151081,0.000529279,0.00365794,1,1,0.5,0,2.6266,0.994859,0.98319,0,0,0
28,0.0381142,0.00135885,0.0196454,0.0690681,0.481849,0.000151043,0.000529077,0.00365557,1,1,0.5,0,2.6266,0.994548,0.982521,0,0,0
29,0.0394729,0.00135868,0.0196389,0.0690336,0.481507,0.000151006,0.000528877,0.00365322,1,1,0.5,0,2.6266,0.99423,0.981855,0,0,0
30,0.0408314,0.00135851,0.0196324,0.0689992,0.481168,0.000150968,0.000528677,0.00365088,1,1,0.5,0,2.6266,0.993904,0.981193,0,0,0
31,0.0421897,0.00135834,0.019626,0.0689648,0.480834,0.000150931,0.000528478,0.00364857,1,1,0.5,0,2.6266,0.993578,0.980535,0,0,0
32,0.0435479,0.00135817,0.0196195,0.0689304,0.480504,0.000150894,0.000528279,0.00364628,1,1,0.5,0,2.6266,0.99325,0.97988,0,0,0
33,0.0449059,0.001358,0.0196131,0.068896,0.480179,0.000150857,0.000528082,0.00364401,1,1,0.5,0,2.6266,0.992919,0.979231,0,0,0
34,0.0462637,0.00135783,0.0196066,0.0688616,0.479857,0.00015082,0.000527884,0.00364175,1,1,0.5,0,2.6266,0.99259,0.978586,0,0,0
35,0.0476214,0.00135767,0.0196001,0.0688273,0.479541,0.000150783,0.000527687,0.00363952,1,1,0.5,0,2.6266,0.992264,0.977946,0,0,0
36,0.0489789,0.0013575,0.0195937,0.068793,0.479228,0.000150746,0.00052749,0.00363731,1,1,0.5,0,2.6266,0.991944,0.977308,0,0,0
37,0.0503362,0.00135733,0.0195872,0.0687588,0.47892,0.000150709,0.000527293,0.00363512,1,1,0.5,0,2.6266,0.991621,0.976672,0,0,0
38,0.0516934,0.00135715,0.0195808,0.0687245,0.478616,0.000150673,0.000527097,0.00363295,1,1,0.5,0,2.6266,0.99129,0.976042,0,0,0
39,0.0530504,0.00135698,0.0195743,0.0686903,0.478316,0.000150636,0.0005269,0.0036308,1,1,0.5,0,2.6266,0.990964,0.975418,0,0,0
40,0.0544071,0.0013568,0.0195679,0.0686561,0.47802,0.0001506,0.000526703,0.00362867,1,1,0.5,0,2.6266,0.990644,0.9748,0,0,0
41,0.0557638,0.00135662,0.0195614,0.068622,0.477728,0.000150563,0.000526506,0.00362656,1,1,0.5,0,2.6266,0.990331,0.974187,0,0,0
42,0.0571202,0.00135644,0.019555,0.0685878,0.47744,0.000150527,0.000526309,0.00362447,1,1,0.5,0,2.6266,0.990026,0.973581,0,0,0
43,0.0584765,0.00135626,0.0195485,0.0685537,0.477156,0.00015049,0.000526112,0.00362239,1,1,0.5,0,2.6266,0.98973,0.972981,0,0,0
44,0.0598325,0.00135608,0.0195421,0.0685196,0.476876,0.000150454,0.000525914,0.00362033,1,1,0.5,0,2.6266,0.989443,0.972376,0,0,0
45,0.0611884,0.0013559,0.0195357,0.0684855,0.476599,0.000150418,0.000525715,0.00361829,1,1,0.5,0,2.6266,0.989154,0.971777,0,0,0
46,0.0625442,0.00135572,0.0195294,0.0684515,0.476326,0.000150382,0.000525516,0.00361626,1,1,0.5,0,2.6266,0.988859,0.971184,0,0,0
47,0.0638997,0.00135554,0.019523,0.0684174,0.476056,0.000150346,0.000525317,0.00361425,1,1,0.5,0,2.6266,0.988573,0.970596,0,0,0
48,0.0652551,0.00135536,0.0195167,0.0683834,0.475788,0.000150311,0.000525117,0.00361225,1,1,0.5,0,2.6266,0.988297,0.970015,0,0,0
49,0.0666103,0.00135518,0.0195105,0.0683494,0.475524,0.000150275,0.000524916,0.00361027,1,1,0.5,0,2.6266,0.988028,0.969439,0,0,0
50,0.0679653,0.001355,0.0195042,0.0683154,0.475263,0.00015024,0.000524715,0.0036083,1,1,0.5,0,2.6266,0.98776,0.968868,0,0,0
51,0.0693201,0.00135482,0.0194981,0.0682815,0.475004,0.000150206,0.000524513,0.00360634,1,1,0.5,0,2.6266,0.987502,0.968304,0,0,0
52,0.0706747,0.00135464,0.019492,0.0682475,0.474748,0.000150171,0.00052431,0.00360439,1,1,0.5,0,2.6266,0.987256,0.967746,0,0,0
53,0.0720292,0.00135446,0.019486,0.0682136,0.474495,0.000150138,0.000524106,0.00360245,1,1,0.5,0,2.6266,0.987021,0.967193,0,0,0
54,0.0733835,0.00135428,0.0194801,0.0681797,0.474243,0.000150104,0.000523901,0.00360065,1,1,0.5,0,2.6266,0.98677,0.966646,0,0,0
55,0.0747376,0.0013541,0.0194743,0.0681458,0.473993,0.000150072,0.000523696,0.00359916,1,1,0.5,0,2.6266,0.986528,0.966105,0,0,0
56,0.0760915,0.00135393,0.0194685,0.0681119,0.473746,0.000150039,0.000523489,0.00359769,1,1,0.5,0,2.6266,0.986297,0.965569,0,0,0
57,0.0774452,0.00135375,0.0194628,0.068078,0.4735,0.000150007,0.000523282,0.00359622,1,1,0.5,0,2.6266,0.986077,0.96504,0,0,0
58,0.0787988,0.00135356,0.0194572,0.0680442,0.473255,0.000149976,0.000523073,0.00359475,1,1,0.5,0,2.6266,0.985869,0.964516,0,0,0
59,0.0801522,0.00135338,0.0194517,0.0680103,0.473012,0.000149945,0.000522864,0.00359329,1,1,0.5,0,2.6266,0.985673,0.963998,0,0,0
60,0.0815054,0.0013532,0.0194463,0.0679765,0.472771,0.000149915,0.000522653,0.00359183,1,1,0.5,0,2.6266,0.985488,0.963486,0,0,0
61,0.0828584,0.00135301,0.0194411,0.0679427,0.47253,0.000149886,0.000522442,0.00359038,1,1,0.5,0,2.6266,0.985315,0.962979,0,0,0
62,0.0842112,0.00135283,0.019436,0.0679089,0.47229,0.000149858,0.00052223,0.00358892,1,1,0.5,0,2.6266,0.985131,0.962479,0,0,0
63,0.0855639,0.00135265,0.019431,0.0678751,0.472051,0.00014983,0.000522016,0.00358747,1,1,0.5,0,2.6266,0.984951,0.961983,0,0,0
64,0.0869163,0.00135247,0.019426,0.0678413,0.471813,0.000149803,0.000521802,0.00358602,1,1,0.5,0,2.6266,0.984781,0.961494,0,0,0
65,0.0882686,0.00135229,0.0194212,0.0678075,0.471574,0.000149777,0.000521586,0.00358458,1,1,0.5,0,2.6266,0.984622,0.96101,0,0,0
66,0.0896207,0.00135211,0.0194166,0.0677737,0.471335,0.000149751,0.00052137,0.00358314,1,1,0.5,0,2.6266,0.984475,0.960532,0,0,0
67,0.0909727,0.00135193,0.019412,0.06774,0.471096,0.000149726,0.000521152,0.0035817,1,1,0.5,0,2.6266,0.984338,0.960059,0,0,0
68,0.0923244,0.00135175,0.0194075,0.0677062,0.470857,0.000149702,0.000520934,0.00358026,1,1,0.5,0,2.6266,0.984206,0.959592,0,0,0
69,0.093676,0.00135157,0.0194031,0.0676725,0.470618,0.000149678,0.000520714,0.00357882,1,1,0.5,0,2.6266,0.984077,0.95913,0,0,0
70,0.0950274,0.00135139,0.0193989,0.0676388,0.470378,0.000149655,0.000520493,0.00357738,1,1,0.5,0,2.6266,0.983959,0.958674,0,0,0
71,0.0963786,0.00135122,0.0193947,0.0676051,0.470139,0.000149633,0.000520272,0.00357593,1,1,0.5,0,2.6266,0.983836,0.958223,0,0,0
72,0.0977296,0.00135104,0.0193907,0.0675714,0.469898,0.000149611,0.000520049,0.00357449,1,1,0.5,0,2.6266,0.983709,0.957778,0,0,0
73,0.0990805,0.00135087,0.0193867,0.0675377,0.469669,0.000149589,0.000519826,0.00357304,1,1,0.5,0,2.6266,0.983593,0.957338,0,0,0
74,0.100431,0.00135069,0.0193828,0.067504,0.469492,0.000149568,0.000519601,0.00357159,1,1,0.5,0,2.6266,0.983485,0.956904,0,0,0
75,0.101782,0.00135052,0.019379,0.0674703,0.469316,0.000149548,0.000519376,0.00357013,1,1,0.5,0,2.6266,0.983387,0.956474,0,0,0
76,0.103132,0.00135035,0.0193753,0.0674366,0.469139,0.000149528,0.000519149,0.00356867,1,1,0.5,0,2.6266,0.98316,0.956051,0,0,0
77,0.104482,0.00135017,0.0193717,0.0674029,0.468961,0.000149509,0.000518922,0.0035672,1,1,0.5,0,2.6266,0.982911,0.955632,0,0,0
78,0.105832,0.00135,0.0193682,0.0673693,0.468783,0.00014949,0.000518694,0.00356573,1,1,0.5,0,2.6266,0.982663,0.955219,0,0,0
79,0.107182,0.00134983,0.0193648,0.0673356,0.468604,0.000149472,0.000518465,0.00356425,1,1,0.5,0,2.6266,0.982416,0.954811,0,0,0
80,0.108532,0.00134966,0.0193614,0.0673019,0.468425,0.000149453,0.000518235,0.00356277,1,1,0.5,0,2.6266,0.98217,0.954408,0,0,0
81,0.109881,0.00134948,0.0193581,0.0672683,0.468245,0.000149436,0.000518004,0.00356128,1,1,0.5,0,2.6266,0.981925,0.95401,0,0,0
82,0.111231,0.00134931,0.0193549,0.0672346,0.468064,0.000149419,0.000517772,0.00355978,1,1,0.5,0,2.6266,0.981682,0.953617,0,0,0
83,0.11258,0.00134913,0.0193518,0.067201,0.467882,0.000149402,0.000517539,0.00355827,1,1,0.5,0,2.6266,0.981441,0.95323,0,0,0
84,0.113929,0.00134896,0.0193487,0.0671673,0.467699,0.000149385,0.000517306,0.00355676,1,1,0.5,0,2.6266,0.981201,0.952847,0,0,0
85,0.115277,0.00134879,0.0193457,0.0671337,0.467515,0.000149369,0.000517072,0.00355524,1,1,0.5,0,2.6266,0.980963,0.95247,0,0,0
86,0.116626,0.00134861,0.0193427,0.0671001,0.46733,0.000149353,0.000516837,0.00355371,1,1,0.5,0,2.6266,0.980726,0.952098,0,0,0
87,0.117974,0.00134844,0.0193399,0.0670664,0.467143,0.000149337,0.000516601,0.00355217,1,1,0.5,0,2.6266,0.98049,0.95173,0,0,0
88,0.119323,0.00134827,0.0193371,0.0670328,0.466956,0.000149322,0.000516365,0.00355063,1,1,0.5,0,2.6266,0.980257,0.951368,0,0,0
89,0.120671,0.00134811,0.0193344,0.0669992,0.466767,0.000149308,0.000516128,0.00354907,1,1,0.5,0,2.6266,0.980025,0.95101,0,0,0
90,0.122019,0.00134794,0.0193317,0.0669655,0.466577,0.000149293,0.00051589,0.00354751,1,1,0.5,0,2.6266,0.979794,0.950641,0,0,0
91,0.123367,0.00134777,0.019329,0.0669319,0.466386,0.000149279,0.000515651,0.00354593,1,1,0.5,0,2.6266,0.979566,0.950262,0,0,0
92,0.124714,0.00134761,0.0193263,0.0668983,0.466194,0.000149264,0.000515412,0.00354435,1,1,0.5,0,2.6266,0.979339,0.949888,0,0,0
93,0.126062,0.00134744,0.0193237,0.0668646,0.466,0.000149249,0.000515172,0.00354275,1,1,0.5,0,2.6266,0.979113,0.949519,0,0,0
94,0.127409,0.00134728,0.0193211,0.066831,0.465804,0.000149235,0.000514931,0.00354115,1,1,0.5,0,2.6266,0.97889,0.949154,0,0,0
95,0.128756,0.00134712,0.0193186,0.0667973,0.465608,0.000149221,0.00051469,0.00353953,1,1,0.5,0,2.6266,0.978668,0.948793,0,0,0
96,0.130103,0.00134696,0.0193161,0.0667637,0.465409,0.000149207,0.000514448,0.00353791,1,1,0.5,0,2.6266,0.978448,0.948436,0,0,0
97,0.13145,0.0013468,0.0193137,0.0667301,0.465209,0.000149193,0.000514206,0.00353627,1,1,0.5,0,2.6266,0.978229,0.948084,0,0,0
98,0.132796,0.00134665,0.0193113,0.0666964,0.465008,0.00014918,0.000513963,0.00353462,1,1,0.5,0,2.6266,0.978013,0.947736,0,0,0
99,0.134143,0.00134649,0.0193088,0.0666628,0.464805,0.000149166,0.000513719,0.00353296,1,1,0.5,0,2.6266,0.977798,0.947393,0,0,0
100,0.135489,0.00134633,0.0193064,0.0666291,0.4646,0.000149152,0.000513475,0.00353129,1,1,0.5,0,2.6266,0.977585,0.947054,0,0,0
101,0.136835,0.00134618,0.0193041,0.0665954,0.464394,0.000149138,0.00051323,0.00352961,1,1,0.5,0,2.6266,0.977374,0.946719,0,0,0
102,0.138181,0.00134603,0.0193017,0.0665618,0.464186,0.000149124,0.000512985,0.00352792,1,1,0.5,0,2.6266,0.977164,0.946388,0,0,0
103,0.139527,0.00134588,0.0192993,0.0665281,0.463977,0.00014911,0.000512739,0.00352622,1,1,0.5,0,2.6266,0.976956,0.946062,0,0,0
104,0.140873,0.00134573,0.0192969,0.0664944,0.463765,0.000149096,0.000512492,0.0035245,1,1,0.5,0,2.6266,0.97675,0.94574,0,0,0
105,0.142219,0.00134558,0.0192946,0.0664607,0.463552,0.000149082,0.000512245,0.00352277,1,1,0.5,0,2.6266,0.976546,0.945422,0,0,0
106,0.143564,0.00134544,0.0192923,0.066427,0.463337,0.000149068,0.000511998,0.00352103,1,1,0.5,0,2.6266,0.976344,0.945108,0,0,0
107,0.144909,0.00134529,0.01929,0.0663933,0.463121,0.000149054,0.00051175,0.00351928,1,1,0.5,0,2.6266,0.976143,0.944798,0,0,0
108,0.146255,0.00134515,0.0192877,0.0663596,0.462902,0.000149041,0.000511502,0.00351751,1,1,0.5,0,2.6266,0.975945,0.944493,0,0,0
109,0.1476,0.00134501,0.0192855,0.0663258,0.462682,0.000149027,0.000511253,0.00351574,1,1,0.5,0,2.6266,0.975748,0.944191,0,0,0
110,0.148944,0.00134486,0.0192832,0.0662921,0.46246,0.000149013,0.000511003,0.00351395,1,1,0.5,0,2.6266,0.975553,0.943894,0,0,0
111,0.150289,0.00134473,0.019281,0.0662584,0.462236,0.000148999,0.000510754,0.00351214,1,1,0.5,0,2.6266,0.97536,0.943601,0,0,0
112,0.151634,0.00134459,0.0192788,0.0662246,0.46201,0.000148986,0.000510503,0.00351033,1,1,0.5,0,2.6266,0.975168,0.943311,0,0,0
113,0.152978,0.00134445,0.0192766,0.0661908,0.461782,0.000148972,0.000510253,0.0035085,1,1,0.5,0,2.6266,0.974979,0.943026,0,0,0
114,0.154322,0.00134432,0.0192744,0.066157,0.461552,0.000148958,0.000510001,0.00350666,1,1,0.5,0,2.6266,0.974791,0.942745,0,0,0
115,0.155667,0.00134418,0.0192723,0.0661232,0.461321,0.000148945,0.00050975,0.0035048,1,1,0.5,0,2.6266,0.974605,0.942468,0,0,0
116,0.157011,0.00134404,0.0192701,0.0660894,0.461087,0.000148931,0.000509498,0.00350294,1,1,0.5,0,2.6266,0.97442,0.942195,0,0,0
117,0.158355,0.0013439,0.019268,0.0660556,0.460852,0.000148917,0.000509246,0.00350106,1,1,0.5,0,2.6266,0.974233,0.941925,0,0,0
118,0.159698,0.00134376,0.0192658,0.0660218,0.460614,0.000148904,0.000508993,0.00349916,1,1,0.5,0,2.6266,0.974048,0.94166,0,0,0
119,0.161042,0.00134363,0.0192637,0.0659879,0.460375,0.00014889,0.00050874,0.00349726,1,1,0.5,0,2.6266,0.973864,0.941398,0,0,0
120,0.162385,0.00134349,0.0192616,0.065954,0.460134,0.000148877,0.000508486,0.00349534,1,1,0.5,0,2.6266,0.973682,0.941141,0,0,0
121,0.163729,0.00134336,0.0192595,0.0659201,0.459891,0.000148863,0.000508232,0.00349341,1,1,0.5,0,2.6266,0.973503,0.940887,0,0,0
122,0.165072,0.00134323,0.0192574,0.0658863,0.459646,0.00014885,0.000507978,0.00349147,1,1,0.5,0,2.6266,0.973325,0.940637,0,0,0
123,0.166415,0.0013431,0.0192554,0.0658523,0.4594,0.000148836,0.000507723,0.00348951,1,1,0.5,0,2.6266,0.973148,0.940391,0,0,0
124,0.167758,0.00134298,0.0192534,0.0658184,0.459151,0.000148823,0.000507468,0.00348754,1,1,0.5,0,2.6266,0.972974,0.940149,0,0,0
125,0.169101,0.00134285,0.0192513,0.0657845,0.4589,0.00014881,0.000507213,0.00348556,1,1,0.5,0,2.6266,0.972802,0.93991,0,0,0
126,0.170444,0.00134272,0.0192494,0.0657505,0.458648,0.000148797,0.000506957,0.00348356,1,1,0.5,0,2.6266,0.972631,0.939676,0,0,0
127,0.171786,0.0013426,0.0192474,0.0657165,0.458393,0.000148784,0.000506701,0.00348156,1,1,0.5,0,2.6266,0.972462,0.939445,0,0,0
128,0.173129,0.00134248,0.0192456,0.0656825,0.458137,0.000148772,0.000506444,0.00347953,1,1,0.5,0,2.6266,0.972295,0.939217,0,0,0
129,0.174471,0.00134236,0.0192438,0.0656485,0.457879,0.00014876,0.000506188,0.0034775,1,1,0.5,0,2.6266,0.97213,0.938994,0,0,0
130,0.175813,0.00134224,0.019242,0.0656145,0.457619,0.000148748,0.000505931,0.00347545,1,1,0.5,0,2.6266,0.971966,0.938774,0,0,0
131,0.177155,0.00134212,0.0192402,0.0655804,0.457356,0.000148736,0.000505673,0.00347339,1,1,0.5,0,2.6266,0.971804,0.938558,0,0,0
132,0.178498,0.00134201,0.0192384,0.0655464,0.457092,0.000148725,0.000505415,0.00347132,1,1,0.5,0,2.6266,0.971645,0.938345,0,0,0
133,0.179839,0.00134189,0.0192367,0.0655123,0.456826,0.000148713,0.000505157,0.00346923,1,1,0.5,0,2.6266,0.971487,0.938136,0,0,0
134,0.181181,0.00134178,0.019235,0.0654782,0.456558,0.000148702,0.000504899,0.00346713,1,1,0.5,0,2.6266,0.97133,0.937931,0,0,0
135,0.182523,0.00134167,0.0192333,0.0654441,0.456288,0.000148691,0.00050464,0.00346502,1,1,0.5,0,2.6266,0.971176,0.937729,0,0,0
136,0.183864,0.00134156,0.0192316,0.06541,0.456016,0.000148679,0.000504381,0.00346289,1,1,0.5,0,2.6266,0.971023,0.937531,0,0,0
137,0.185206,0.00134145,0.01923,0.0653758,0.455742,0.000148668,0.000504122,0.00346075,1,1,0.5,0,2.6266,0.970872,0.937332,0,0,0
138,0.186547,0.00134134,0.0192284,0.0653416,0.455467,0.000148658,0.000503863,0.0034586,1,1,0.5,0,2.6266,0.970723,0.937113,0,0,0
139,0.187888,0.00134123,0.0192268,0.0653075,0.455189,0.000148647,0.000503603,0.00345643,1,1,0.5,0,2.6266,0.970575,0.936897,0,0,0
140,0.18923,0.00134113,0.0192253,0.0652733,0.454909,0.000148637,0.000503343,0.00345425,1,1,0.5,0,2.6266,0.970429,0.936685,0,0,0
141,0.190571,0.00134103,0.0192238,0.065239,0.454627,0.000148627,0.000503083,0.00345206,1,1,0.5,0,2.6266,0.970285,0.936475,0,0,0
142,0.191911,0.00134092,0.0192223,0.0652048,0.454344,0.000148617,0.000502822,0.00344985,1,1,0.5,0,2.6266,0.970143,0.936263,0,0,0
143,0.193252,0.00134082,0.0192209,0.0651706,0.454058,0.000148608,0.000502561,0.00344763,1,1,0.5,0,2.6266,0.970002,0.936053,0,0,0
144,0.194593,0.00134073,0.0192197,0.0651363,0.45377,0.0001486,0.0005023,0.0034454,1,1,0.5,0,2.6266,0.969864,0.935847,0,0,0
145,0.195934,0.00134063,0.0192184,0.065102,0.453481,0.000148591,0.000502039,0.00344315,1,1,0.5,0,2.6266,0.969726,0.935644,0,0,0
146,0.197274,0.00134053,0.0192172,0.0650677,0.453189,0.000148584,0.000501777,0.00344089,1,1,0.5,0,2.6266,0.969591,0.935443,0,0,0
147,0.198615,0.00134044,0.0192162,0.0650334,0.452895,0.000148577,0.000501516,0.00343862,1,1,0.5,0,2.6266,0.969457,0.935247,0,0,0
148,0.199955,0.00134034,0.0192151,0.0649991,0.4526,0.00014857,0.000501254,0.00343633,1,1,0.5,0,2.6266,0.969325,0.935053,0,0,0
149,0.201295,0.00134025,0.0192141,0.0649648,0.452302,0.000148563,0.000500991,0.00343403,1,1,0.5,0,2.6266,0.969195,0.934862,0,0,0
150,0.202635,0.00134016,0.0192131,0.0649304,0.452002,0.000148557,0.000500729,0.00343171,1,1,0.5,0,2.6266,0.969066,0.934674,0,0,0
151,0.203975,0.00134007,0.0192121,0.0648961,0.4517,0.000148551,0.000500466,0.00342938,1,1,0.5,0,2.6266,0.968939,0.93449,0,0,0
152,0.205315,0.00133999,0.0192112,0.0648617,0.451396,0.000148545,0.000500204,0.00342703,1,1,0.5,0,2.6266,0.968814,0.934308,0,0,0
153,0.206655,0.00133989,0.0192104,0.0648273,0.451091,0.00014854,0.000499941,0.00342467,1,1,0.5,0,2.6266,0.96869,0.93413,0,0,0
154,0.207995,0.00133979,0.0192096,0.0647929,0.450782,0.000148535,0.000499677,0.0034223,1,1,0.5,0,2.6266,0.968568,0.933954,0,0,0
155,0.209335,0.0013397,0.0192088,0.0647585,0.450472,0.000148529,0.000499414,0.00341991,1,1,0.5,0,2.6266,0.968447,0.933782,0,0,0
156,0.210674,0.0013396,0.019208,0.0647241,0.45016,0.000148525,0.000499151,0.00341751,1,1,0.5,0,2.6266,0.968328,0.933612,0,0,0
157,0.212014,0.00133951,0.0192073,0.0646896,0.449846,0.00014852,0.000498887,0.00341509,1,1,0.5,0,2.6266,0.968211,0.933446,0,0,0
158,0.213353,0.00133942,0.0192066,0.0646552,0.449529,0.000148516,0.000498623,0.00341265,1,1,0.5,0,2.6266,0.968095,0.933282,0,0,0
159,0.214693,0.00133932,0.019206,0.0646207,0.449211,0.000148512,0.000498359,0.00341021,1,1,0.5,0,2.6266,0.967981,0.933122,0,0,0
160,0.216032,0.00133923,0.0192054,0.0645863,0.44889,0.000148509,0.000498095,0.00340774,1,1,0.5,0,2.6266,0.967869,0.932964,0,0,0
161,0.217371,0.00133915,0.0192049,0.0645518,0.448567,0.000148505,0.000497831,0.00340526,1,1,0.5,0,2.6266,0.967758,0.932809,0,0,0
162,0.21871,0.00133906,0.0192044,0.0645173,0.448242,0.000148503,0.000497566,0.00340277,1,1,0.5,0,2.6266,0.967641,0.932657,0,0,0
163,0.220049,0.00133897,0.0192039,0.0644829,0.447915,0.0001485,0.000497302,0.00340026,1,1,0.5,0,2.6266,0.967522,0.932508,0,0,0
164,0.221388,0.00133889,0.0192035,0.0644484,0.447585,0.000148498,0.000497037,0.00339774,1,1,0.5,0,2.6266,0.967404,0.932362,0,0,0
165,0.222727,0.0013388,0.0192031,0.0644139,0.447254,0.000148495,0.000496772,0.0033952,1,1,0.5,0,2.6266,0.967287,0.932219,0,0,0
166,0.224066,0.00133872,0.0192028,0.0643794,0.44692,0.000148494,0.000496508,0.00339264,1,1,0.5,0,2.6266,0.967172,0.932078,0,0,0
167,0.225404,0.00133864,0.0192025,0.0643449,0.446584,0.000148492,0.000496243,0.00339007,1,1,0.5,0,2.6266,0.967058,0.931941,0,0,0
168,0.226743,0.00133856,0.0192023,0.0643104,0.446247,0.000148492,0.000495978,0.00338749,1,1,0.5,0,2.6266,0.966946,0.931806,0,0,0
169,0.228081,0.00133848,0.0192022,0.0642759,0.445906,0.000148492,0.000495713,0.00338489,1,1,0.5,0,2.6266,0.966835,0.931674,0,0,0
170,0.22942,0.0013384,0.0192022,0.0642414,0.445564,0.000148492,0.000495447,0.00338227,1,1,0.5,0,2.6266,0.966725,0.931544,0,0,0
171,0.230758,0.00133833,0.0192022,0.0642068,0.44522,0.000148494,0.000495182,0.00337964,1,1,0.5,0,2.6266,0.966616,0.931418,0,0,0
172,0.232096,0.00133825,0.0192023,0.0641723,0.444873,0.000148495,0.000494917,0.003377,1,1,0.5,0,2.6266,0.966509,0.931294,0,0,0
173,0.233434,0.00133818,0.0192025,0.0641378,0.444525,0.000148497,0.000494652,0.00337434,1,1,0.5,0,2.6266,0.966401,0.931173,0,0,0
174,0.234772,0.0013381,0.0192026,0.0641033,0.444174,0.000148499,0.000494386,0.00337166,1,1,0.5,0,2.6266,0.966295,0.931054,0,0,0
175,0.23611,0.00133803,0.0192029,0.0640688,0.443821,0.000148502,0.000494121,0.00336897,1,1,0.5,0,2.6266,0.966189,0.930938,0,0,0
176,0.237448,0.00133796,0.0192032,0.0640343,0.443466,0.000148505,0.000493855,0.00336626,1,1,0.5,0,2.6266,0.966086,0.930825,0,0,0
177,0.238786,0.00133789,0.0192036,0.0639998,0.443109,0.000148509,0.00049359,0.00336354,1,1,0.5,0,2.6266,0.965983,0.930715,0,0,0
178,0.240124,0.00133782,0.019204,0.0639653,0.44275,0.000148512,0.000493324,0.00336081,1,1,0.5,0,2.6266,0.965882,0.930607,0,0,0
179,0.241462,0.00133776,0.0192044,0.0639308,0.442389,0.000148516,0.000493059,0.00335806,1,1,0.5,0,2.6266,0.965782,0.930502,0,0,0
180,0.2428,0.00133769,0.0192049,0.0638963,0.442026,0.000148521,0.000492793,0.00335529,1,1,0.5,0,2.6266,0.965683,0.9304,0,0,0
181,0.244137,0.00133763,0.0192054,0.0638618,0.44166,0.000148525,0.000492528,0.00335255,1,1,0.5,0,2.6266,0.965586,0.9303,0,0,0
182,0.245475,0.00133756,0.0192059,0.0638273,0.441293,0.000148529,0.000492262,0.0033501,1,1,0.5,0,2.6266,0.96549,0.930191,0,0,0
183,0.246812,0.0013375,0.0192064,0.0637928,0.440923,0.000148534,0.000491997,0.00334763,1,1,0.5,0,2.6266,0.965395,0.930064,0,0,0
184,0.24815,0.00133744,0.019207,0.0637583,0.440552,0.000148539,0.000491731,0.00334514,1,1,0.5,0,2.6266,0.965302,0.929939,0,0,0
185,0.249487,0.00133738,0.0192076,0.0637239,0.440179,0.000148544,0.000491466,0.00334263,1,1,0.5,0,2.6266,0.965209,0.929816,0,0,0
186,0.250824,0.00133732,0.0192082,0.0636894,0.439803,0.00014855,0.000491201,0.00334011,1,1,0.5,0,2.6266,0.965118,0.929696,0,0,0
187,0.252162,0.00133726,0.0192089,0.063655,0.439426,0.000148556,0.000490935,0.00333757,1,1,0.5,0,2.6266,0.965029,0.929577,0,0,0
188,0.253499,0.00133721,0.0192096,0.0636206,0.439046,0.000148562,0.00049067,0.00333501,1,1,0.5,0,2.6266,0.96494,0.929461,0,0,0
189,0.254836,0.00133715,0.0192103,0.0635861,0.438664,0.000148568,0.000490405,0.00333243,1,1,0.5,0,2.6266,0.964853,0.929347,0,0,0
190,0.256173,0.0013371,0.0192111,0.0635517,0.438281,0.000148575,0.000490139,0.00332984,1,1,0.5,0,2.6266,0.964767,0.929236,0,0,0
191,0.25751,0.00133704,0.0192119,0.0635173,0.437895,0.000148581,0.000489874,0.00332723,1,1,0.5,0,2.6266,0.964682,0.929126,0,0,0
192,0.258847,0.00133699,0.0192127,0.0634829,0.437508,0.000148588,0.000489609,0.00332461,1,1,0.5,0,2.6266,0.964599,0.929019,0,0,0
193,0.260184,0.00133694,0.0192135,0.0634486,0.437119,0.000148595,0.000489344,0.00332196,1,1,0.5,0,2.6266,0.964516,0.928914,0,0,0
194,0.261521,0.00133689,0.0192144,0.0634142,0.436727,0.000148602,0.000489079,0.0033193,1,1,0.5,0,2.6266,0.964435,0.928811,0,0,0
195,0.262858,0.00133684,0.0192155,0.0633799,0.436334,0.000148611,0.000488815,0.00331689,1,1,0.5,0,2.6266,0.964355,0.92871,0,0,0
196,0.264195,0.00133679,0.0192166,0.0633455,0.435938,0.00014862,0.00048855,0.00331456,1,1,0.5,0,2.6266,0.964276,0.928611,0,0,0
197,0.265531,0.00133675,0.0192177,0.0633112,0.435541,0.000148629,0.000488285,0.00331221,1,1,0.5,0,2.6266,0.964199,0.928514,0,0,0
198,0.266868,0.0013367,0.0192189,0.0632769,0.435142,0.000148638,0.000488021,0.00330984,1,1,0.5,0,2.6266,0.964122,0.92842,0,0,0
199,0.268205,0.00133666,0.0192201,0.0632427,0.434741,0.000148648,0.000487757,0.00330746,1,1,0.5,0,2.6266,0.964047,0.928327,0,0,0
200,0.269541,0.00133661,0.0192214,0.0632084,0.434379,0.000148659,0.000487492,0.00330507,1,1,0.5,0,2.6266,0.963973,0.928237,0,0,0
201,0.270878,0.00133657,0.0192226,0.0631742,0.434064,0.000148669,0.000487228,0.00330266,1,1,0.5,0,2.6266,0.9639,0.928149,0,0,0
202,0.272214,0.00133653,0.019224,0.0631399,0.433747,0.000148679,0.000486964,0.00330024,1,1,0.5,0,2.6266,0.963828,0.928062,0,0,0
203,0.273551,0.00133649,0.0192253,0.0631057,0.433428,0.00014869,0.000486701,0.00329781,1,1,0.5,0,2.6266,0.963757,0.927978,0,0,0
204,0.274887,0.00133645,0.0192267,0.0630716,0.433107,0.000148701,0.000486437,0.00329551,1,1,0.5,0,2.6266,0.963687,0.927896,0,0,0
205,0.276224,0.00133641,0.0192281,0.0630374,0.432784,0.000148713,0.000486173,0.00329339,1,1,0.5,0,2.6266,0.963619,0.927815,0,0,0
206,0.27756,0.00133638,0.0192296,0.0630033,0.432459,0.000148724,0.00048591,0.00329125,1,1,0.5,0,2.6266,0.963551,0.927737,0,0,0
207,0.278897,0.00133634,0.019231,0.0629691,0.432133,0.000148736,0.000485647,0.0032891,1,1,0.5,0,2.6266,0.963484,0.927661,0,0,0
208,0.280233,0.00133631,0.0192325,0.0629351,0.431804,0.000148748,0.000485384,0.00328693,1,1,0.5,0,2.6266,0.963419,0.927586,0,0,0
209,0.281569,0.00133627,0.0192339,0.062901,0.431473,0.000148759,0.000485121,0.00328474,1,1,0.5,0,2.6266,0.963355,0.927514,0,0,0
210,0.282905,0.00133623,0.0192354,0.0628669,0.431141,0.00014877,0.000484859,0.00328254,1,1,0.5,0,2.6266,0.963291,0.927443,0,0,0
211,0.284242,0.0013362,0.0192368,0.0628329,0.430807,0.000148782,0.000484596,0.00328032,1,1,0.5,0,2.6266,0.963229,0.927375,0,0,0
212,0.285578,0.00133616,0.0192383,0.0627989,0.43047,0.000148794,0.000484334,0.00327809,1,1,0.5,0,2.6266,0.963168,0.927308,0,0,0
213,0.286914,0.00133613,0.0192398,0.062765,0.430132,0.000148806,0.000484072,0.00327584,1,1,0.5,0,2.6266,0.963108,0.927243,0,0,0
214,0.28825,0.0013361,0.0192413,0.062731,0.429792,0.000148818,0.00048381,0.00327357,1,1,0.5,0,2.6266,0.963049,0.92718,0,0,0
215,0.289586,0.00133607,0.0192428,0.0626971,0.42945,0.00014883,0.000483549,0.00327129,1,1,0.5,0,2.6266,0.962991,0.927119,0,0,0
216,0.290922,0.00133603,0.0192444,0.0626632,0.429106,0.000148842,0.000483287,0.00326899,1,1,0.5,0,2.6266,0.962934,0.92706,0,0,0
217,0.292258,0.00133599,0.0192459,0.0626294,0.428761,0.000148854,0.000483026,0.00326668,1,1,0.5,0,2.6266,0.962877,0.927003,0,0,0
218,0.293594,0.00133596,0.0192475,0.0625955,0.428413,0.000148867,0.000482765,0.00326435,1,1,0.5,0,2.6266,0.962822,0.926948,0,0,0
219,0.29493,0.00133592,0.0192491,0.0625617,0.428064,0.000148879,0.000482504,0.003262,1,1,0.5,0,2.6266,0.962762,0.926894,0,0,0
220,0.296266,0.00133588,0.0192507,0.062528,0.427712,0.000148892,0.000482244,0.00325964,1,1,0.5,0,2.6266,0.962693,0.926843,0,0,0
221,0.297602,0.00133585,0.0192523,0.0624942,0.427359,0.000148905,0.000481984,0.00325727,1,1,0.5,0,2.6266,0.962624,0.926793,0,0,0
222,0.298937,0.00133582,0.0192539,0.0624605,0.427005,0.000148917,0.000481724,0.00325487,1,1,0.5,0,2.6266,0.962556,0.926745,0,0,0
223,0.300273,0.00133578,0.0192555,0.0624268,0.426648,0.00014893,0.000481464,0.00325247,1,1,0.5,0,2.6266,0.96249,0.926699,0,0,0
224,0.301609,0.00133575,0.0192571,0.0623932,0.426289,0.000148943,0.000481205,0.00325004,1,1,0.5,0,2.6266,0.962423,0.926655,0,0,0
225,0.302945,0.00133572,0.0192587,0.0623595,0.425929,0.000148955,0.000480946,0.0032476,1,1,0.5,0,2.6266,0.962358,0.926612,0,0,0
226,0.30428,0.00133569,0.0192603,0.062326,0.425566,0.000148968,0.000480687,0.00324515,1,1,0.5,0,2.6266,0.962294,0.926571,0,0,0
227,0.305616,0.00133566,0.019262,0.0622924,0.425202,0.000148982,0.000480428,0.00324268,1,1,0.5,0,2.6266,0.96223,0.926495,0,0,0
228,0.306952,0.00133564,0.0192637,0.0622589,0.424835,0.000148995,0.00048017,0.0032402,1,1,0.5,0,2.6266,0.962167,0.926421,0,0,0
229,0.308287,0.00133561,0.0192653,0.0622254,0.424467,0.000149008,0.000479912,0.00323769,1,1,0.5,0,2.6266,0.962105,0.926348,0,0,0
230,0.309623,0.00133559,0.019267,0.0621919,0.424097,0.000149021,0.000479654,0.00323518,1,1,0.5,0,2.6266,0.962044,0.926277,0,0,0
231,0.310958,0.00133556,0.0192687,0.0621585,0.423724,0.000149035,0.000479397,0.00323265,1,1,0.5,0,2.6266,0.961984,0.926207,0,0,0
232,0.312294,0.00133554,0.0192705,0.0621251,0.42335,0.000149049,0.00047914,0.0032301,1,1,0.5,0,2.6266,0.961924,0.926139,0,0,0
233,0.31363,0.00133552,0.0192722,0.0620918,0.422973,0.000149062,0.000478883,0.00322753,1,1,0.5,0,2.6266,0.961866,0.926072,0,0,0
234,0.314965,0.00133549,0.019274,0.0620585,0.422595,0.000149077,0.000478627,0.00322495,1,1,0.5,0,2.6266,0.961808,0.926007,0,0,0
235,0.3163,0.00133547,0.0192759,0.0620252,0.422214,0.000149092,0.000478371,0.00322235,1,1,0.5,0,2.6266,0.961751,0.925943,0,0,0
236,0.317636,0.00133545,0.0192778,0.061992,0.421831,0.000149107,0.000478115,0.00321974,1,1,0.5,0,2.6266,0.961694,0.925881,0,0,0
237,0.318971,0.00133544,0.0192797,0.0619588,0.421446,0.000149122,0.000477859,0.0032171,1,1,0.5,0,2.6266,0.961639,0.925821,0,0,0
238,0.320307,0.00133542,0.0192817,0.0619256,0.421091,0.000149137,0.000477604,0.00321446,1,1,0.5,0,2.6266,0.961585,0.925762,0,0,0
239,0.321642,0.0013354,0.0192837,0.0618925,0.42074,0.000149153,0.000477349,0.00321179,1,1,0.5,0,2.6266,0.961531,0.925705,0,0,0
240,0.322978,0.00133538,0.0192858,0.0618594,0.420386,0.000149169,0.000477095,0.00320911,1,1,0.5,0,2.6266,0.961478,0.925649,0,0,0
241,0.324313,0.00133537,0.0192878,0.0618263,0.420029,0.000149186,0.000476841,0.0032064,1,1,0.5,0,2.6266,0.961426,0.925595,0,0,0
242,0.325648,0.00133536,0.01929,0.0617933,0.419671,0.000149203,0.000476587,0.00320369,1,1,0.5,0,2.6266,0.961375,0.925543,0,0,0
243,0.326984,0.00133534,0.0192922,0.0617603,0.41931,0.000149221,0.000476334,0.00320095,1,1,0.5,0,2.6266,0.961325,0.925492,0,0,0
244,0.328319,0.00133533,0.0192945,0.0617274,0.418947,0.000149238,0.000476081,0.0031982,1,1,0.5,0,2.6266,0.961276,0.925443,0,0,0
245,0.329654,0.00133532,0.0192968,0.0616945,0.418581,0.000149257,0.000475828,0.00319543,1,1,0.5,0,2.6266,0.961227,0.925396,0,0,0
246,0.33099,0.00133531,0.0192992,0.0616617,0.418213,0.000149275,0.000475576,0.00319264,1,1,0.5,0,2.6266,0.96118,0.92535,0,0,0
247,0.332325,0.0013353,0.0193016,0.0616289,0.417843,0.000149294,0.000475324,0.00318984,1,1,0.5,0,2.6266,0.961134,0.925306,0,0,0
248,0.33366,0.00133529,0.0193041,0.0615961,0.41747,0.000149314,0.000475073,0.00318702,1,1,0.5,0,2.6266,0.961088,0.925264,0,0,0
249,0.334995,0.00133528,0.0193066,0.0615634,0.417095,0.000149334,0.000474822,0.00318418,1,1,0.5,0,2.6266,0.961043,0.925223,0,0,0
250,0.336331,0.00133527,0.0193092,0.0615307,0.416718,0.000149355,0.000474571,0.00318133,1,1,0.5,0,2.6266,0.961,0.925184,0,0,0
251,0.337666,0.00133527,0.0193118,0.0614981,0.416338,0.000149376,0.000474321,0.00317846,1,1,0.5,0,2.6266,0.960957,0.925147,0,0,0
252,0.339001,0.00133526,0.0193146,0.0614655,0.415956,0.000149397,0.000474071,0.00317558,1,1,0.5,0,2.6266,0.960915,0.925112,0,0,0
253,0.340337,0.00133525,0.0193173,0.0614329,0.415572,0.000149419,0.000473822,0.00317267,1,1,0.5,0,2.6266,0.960875,0.925078,0,0,0
254,0.341672,0.00133525,0.0193201,0.0614004,0.415186,0.000149441,0.000473573,0.00316975,1,1,0.5,0,2.6266,0.960835,0.925047,0,0,0
255,0.343007,0.00133525,0.019323,0.061368,0.414797,0.000149464,0.000473324,0.00316682,1,1,0.5,0,2.6266,0.960796,0.925017,0,0,0
256,0.344342,0.00133524,0.0193259,0.0613356,0.414407,0.000149487,0.000473076,0.00316387,1,1,0.5,0,2.6266,0.960759,0.924989,0,0,0
257,0.345678,0.00133524,0.0193289,0.0613032,0.414014,0.000149511,0.000472828,0.00316091,1,1,0.5,0,2.6266,0.960722,0.924963,0,0,0
258,0.347013,0.00133524,0.019332,0.0612709,0.413619,0.000149535,0.000472581,0.00315793,1,1,0.5,0,2.6266,0.960687,0.924938,0,0,0
259,0.348348,0.00133523,0.0193351,0.0612386,0.413222,0.000149559,0.000472334,0.00315494,1,1,0.5,0,2.6266,0.960653,0.924916,0,0,0
260,0.349683,0.00133523,0.0193382,0.0612064,0.412823,0.000149584,0.000472088,0.00315193,1,1,0.5,0,2.6266,0.960619,0.924896,0,0,0
261,0.351018,0.00133523,0.0193414,0.0611743,0.412423,0.00014961,0.000471842,0.00314891,1,1,0.5,0,2.6266,0.960587,0.924877,0,0,0
262,0.352354,0.00133523,0.0193447,0.0611421,0.41202,0.000149635,0.000471597,0.00314587,1,1,0.5,0,2.6266,0.960556,0.924861,0,0,0
263,0.353689,0.00133523,0.019348,0.0611101,0.411615,0.000149662,0.000471352,0.00314282,1,1,0.5,0,2.6266,0.960526,0.924846,0,0,0
264,0.355024,0.00133523,0.0193514,0.0610781,0.411209,0.000149688,0.000471107,0.00313976,1,1,0.5,0,2.6266,0.960498,0.924834,0,0,0
265,0.356359,0.00133523,0.0193548,0.0610461,0.4108,0.000149715,0.000470863,0.00313669,1,1,0.5,0,2.6266,0.96047,0.924824,0,0,0
266,0.357695,0.00133522,0.0193582,0.0610142,0.41039,0.000149743,0.00047062,0.0031336,1,1,0.5,0,2.6266,0.960444,0.924815,0,0,0
267,0.35903,0.0013352,0.0193618,0.0609823,0.409979,0.000149771,0.000470377,0.0031305,1,1,0.5,0,2.6266,0.960418,0.924809,0,0,0
268,0.360365,0.00133519,0.0193653,0.0609505,0.409565,0.000149799,0.000470134,0.00312739,1,1,0.5,0,2.6266,0.960394,0.924805,0,0,0
269,0.3617,0.00133518,0.019369,0.0609188,0.409151,0.000149828,0.000469892,0.00312427,1,1,0.5,0,2.6266,0.960372,0.924803,0,0,0
270,0.363035,0.00133516,0.0193726,0.0608871,0.408734,0.000149857,0.00046965,0.00312115,1,1,0.5,0,2.6266,0.960342,0.924768,0,0,0
271,0.36437,0.00133515,0.0193764,0.0608555,0.408317,0.000149886,0.000469409,0.00311801,1,1,0.5,0,2.6266,0.960303,0.924732,0,0,0
272,0.365706,0.00133514,0.0193801,0.0608239,0.407898,0.000149916,0.000469169,0.00311486,1,1,0.5,0,2.6266,0.960266,0.924697,0,0,0
273,0.367041,0.00133513,0.0193839,0.0607924,0.407478,0.000149946,0.000468929,0.0031117,1,1,0.5,0,2.6266,0.96023,0.924665,0,0,0
274,0.368376,0.00133512,0.0193877,0.0607609,0.407056,0.000149976,0.000468689,0.00310854,1,1,0.5,0,2.6266,0.960195,0.924634,0,0,0
275,0.369711,0.00133511,0.0193916,0.0607295,0.406634,0.000150007,0.00046845,0.00310537,1,1,0.5,0,2.6266,0.960161,0.924606,0,0,0
276,0.371046,0.00133509,0.0193955,0.0606981,0.406211,0.000150037,0.000468211,0.00310219,1,1,0.5,0,2.6266,0.960129,0.924579,0,0,0
277,0.372381,0.00133508,0.0193994,0.0606668,0.405786,0.000150068,0.000467973,0.00309901,1,1,0.5,0,2.6266,0.960097,0.924555,0,0,0
278,0.373716,0.00133507,0.0194033,0.0606356,0.405361,0.000150099,0.000467736,0.00309582,1,1,0.5,0,2.6266,0.960067,0.924533,0,0,0
279,0.375051,0.00133506,0.0194072,0.0606044,0.404935,0.000150131,0.000467499,0.00309262,1,1,0.5,0,2.6266,0.960038,0.924512,0,0,0
280,0.376386,0.00133505,0.0194112,0.0605733,0.404508,0.000150162,0.000467262,0.00308942,1,1,0.5,0,2.6266,0.96001,0.924494,0,0,0
281,0.377721,0.00133504,0.0194153,0.0605423,0.404079,0.000150194,0.000467026,0.00308621,1,1,0.5,0,2.6266,0.959983,0.924478,0,0,0
282,0.379056,0.00133503,0.0194193,0.0605113,0.40365,0.000150226,0.00046679,0.00308299,1,1,0.5,0,2.6266,0.959957,0.924463,0,0,0
283,0.380391,0.00133502,0.0194233,0.0604804,0.403219,0.000150258,0.000466555,0.00307976,1,1,0.5,0,2.6266,0.959933,0.924451,0,0,0
284,0.381726,0.00133501,0.0194273,0.0604495,0.402786,0.00015029,0.000466321,0.00307652,1,1,0.5,0,2.6266,0.95991,0.924441,0,0,0
285,0.383061,0.001335,0.0194314,0.0604187,0.402352,0.000150322,0.000466087,0.00307326,1,1,0.5,0,2.6266,0.959888,0.924433,0,0,0
286,0.384396,0.00133499,0.0194354,0.0603879,0.401917,0.000150354,0.000465853,0.00307,1,1,0.5,0,2.6266,0.959867,0.924427,0,0,0
287,0.385731,0.00133498,0.0194395,0.0603573,0.40148,0.000150386,0.00046562,0.00306673,1,1,0.5,0,2.6266,0.959847,0.924423,0,0,0
288,0.387066,0.00133497,0.0194435,0.0603267,0.401042,0.000150418,0.000465388,0.00306345,1,1,0.5,0,2.6266,0.959829,0.924421,0,0,0
289,0.388401,0.00133496,0.0194476,0.0602961,0.400602,0.00015045,0.000465156,0.00306016,1,1,0.5,0,2.6266,0.959812,0.924422,0,0,0
290,0.389736,0.00133495,0.0194517,0.0602656,0.400161,0.000150482,0.000464925,0.00305685,1,1,0.5,0,2.6266,0.959794,0.924424,0,0,0
291,0.391071,0.00133494,0.0194557,0.0602352,0.399719,0.000150515,0.000464694,0.00305354,1,1,0.5,0,2.6266,0.959776,0.924428,0,0,0
292,0.392406,0.00133493,0.0194599,0.0602049,0.399275,0.000150547,0.000464463,0.00305022,1,1,0.5,0,2.6266,0.95976,0.924435,0,0,0
293,0.393741,0.00133493,0.019464,0.0601746,0.398831,0.00015058,0.000464233,0.00304689,1,1,0.5,0,2.6266,0.959744,0.924443,0,0,0
294,0.395076,0.00133492,0.0194682,0.0601444,0.398386,0.000150613,0.000464004,0.00304355,1,1,0.5,0,2.6266,0.95973,0.924454,0,0,0
295,0.396411,0.00133491,0.0194724,0.0601142,0.397939,0.000150646,0.000463775,0.00304021,1,1,0.5,0,2.6266,0.959717,0.924467,0,0,0
296,0.397746,0.0013349,0.0194765,0.0600841,0.397493,0.000150679,0.000463547,0.00303687,1,1,0.5,0,2.6266,0.959705,0.924481,0,0,0
297,0.399081,0.00133489,0.0194807,0.0600541,0.397045,0.000150712,0.000463319,0.00303352,1,1,0.5,0,2.6266,0.959694,0.924498,0,0,0
298,0.400416,0.00133489,0.0194849,0.0600241,0.396597,0.000150745,0.000463091,0.00303032,1,1,0.5,0,2.6266,0.959684,0.92451,0,0,0
299,0.40175,0.00133488,0.0194891,0.0599943,0.396149,0.000150778,0.000462864,0.00302748,1,1,0.5,0,2.6266,0.959675,0.924524,0,0,0
300,0.403085,0.00133487,0.0194933,0.0599644,0.3957,0.000150811,0.000462638,0.00302463,1,1,0.5,0,2.6266,0.959667,0.924541,0,0,0
301,0.40442,0.00133487,0.0194974,0.0599347,0.395251,0.000150844,0.000462412,0.00302176,1,1,0.5,0,2.6266,0.95966,0.924559,0,0,0
302,0.405755,0.00133486,0.0195016,0.059905,0.394802,0.000150877,0.000462187,0.00301889,1,1,0.5,0,2.6266,0.959655,0.924579,0,0,0
303,0.40709,0.00133485,0.0195058,0.0598754,0.394353,0.00015091,0.000461962,0.003016,1,1,0.5,0,2.6266,0.95965,0.924601,0,0,0
304,0.408425,0.00133483,0.0195099,0.0598458,0.393904,0.000150943,0.000461737,0.0030131,1,1,0.5,0,2.6266,0.959647,0.924625,0,0,0
305,0.40976,0.00133481,0.0195141,0.0598163,0.393455,0.000150976,0.000461513,0.00301018,1,1,0.5,0,2.6266,0.959644,0.924651,0,0,0
306,0.411094,0.00133479,0.0195183,0.0597869,0.393007,0.000151008,0.00046129,0.00300726,1,1,0.5,0,2.6266,0.959643,0.924679,0,0,0
307,0.412429,0.00133477,0.0195224,0.0597575,0.392558,0.000151041,0.000461066,0.00300432,1,1,0.5,0,2.6266,0.959642,0.924709,0,0,0
308,0.413764,0.00133475,0.0195266,0.0597282,0.39211,0.000151074,0.000460844,0.00300137,1,1,0.5,0,2.6266,0.959643,0.924741,0,0,0
309,0.415099,0.00133474,0.0195308,0.059699,0.391697,0.000151107,0.000460622,0.00299841,1,1,0.5,0,2.6266,0.959645,0.924775,0,0,0
310,0.416433,0.00133472,0.019535,0.0596699,0.391304,0.00015114,0.0004604,0.00299545,1,1,0.5,0,2.6266,0.959648,0.924811,0,0,0
311,0.417768,0.0013347,0.0195391,0.0596408,0.390911,0.000151172,0.000460179,0.00299247,1,1,0.5,0,2.6266,0.959651,0.924848,0,0,0
312,0.419103,0.00133468,0.0195433,0.0596117,0.390516,0.000151205,0.000459958,0.00298948,1,1,0.5,0,2.6266,0.959656,0.924888,0,0,0
313,0.420437,0.00133466,0.0195474,0.0595828,0.39012,0.000151238,0.000459737,0.00298648,1,1,0.5,0,2.6266,0.959662,0.92493,0,0,0
314,0.421772,0.00133465,0.0195516,0.0595539,0.389723,0.000151271,0.000459517,0.00298347,1,1,0.5,0,2.6266,0.959669,0.924931,0,0,0
315,0.423107,0.00133463,0.0195558,0.059525,0.389325,0.000151303,0.000459298,0.00298045,1,1,0.5,0,2.6266,0.959677,0.924935,0,0,0
316,0.424441,0.00133462,0.01956,0.0594962,0.388926,0.000151336,0.000459079,0.00297743,1,1,0.5,0,2.6266,0.959685,0.924939,0,0,0
317,0.425776,0.0013346,0.0195642,0.0594675,0.388527,0.000151369,0.00045886,0.0029744,1,1,0.5,0,2.6266,0.959695,0.924946,0,0,0
318,0.42711,0.00133459,0.0195684,0.0594389,0.388126,0.000151402,0.000458642,0.00297136,1,1,0.5,0,2.6266,0.959706,0.924953,0,0,0
319,0.428445,0.00133457,0.0195726,0.0594103,0.387725,0.000151435,0.000458424,0.00296831,1,1,0.5,0,2.6266,0.959718,0.924963,0,0,0
320,0.42978,0.00133456,0.0195768,0.0593818,0.387323,0.000151468,0.000458206,0.00296525,1,1,0.5,0,2.6266,0.95971,0.924974,0,0,0
321,0.431114,0.00133455,0.019581,0.0593533,0.38692,0.000151501,0.000457989,0.00296219,1,1,0.5,0,2.6266,0.959702,0.924987,0,0,0
322,0.432449,0.00133454,0.0195852,0.0593249,0.386517,0.000151534,0.000457773,0.00295912,1,1,0.5,0,2.6266,0.959696,0.925001,0,0,0
323,0.433783,0.00133453,0.0195894,0.0592965,0.386114,0.000151566,0.000457557,0.00295605,1,1,0.5,0,2.6266,0.95969,0.925017,0,0,0
324,0.435118,0.00133452,0.0195935,0.0592682,0.385709,0.000151599,0.000457341,0.00295297,1,1,0.5,0,2.6266,0.959685,0.925034,0,0,0
325,0.436452,0.00133451,0.0195977,0.05924,0.385305,0.000151631,0.000457125,0.00294989,1,1,0.5,0,2.6266,0.959681,0.925053,0,0,0
326,0.437787,0.0013345,0.0196018,0.0592118,0.3849,0.000151664,0.00045691,0.00294681,1,1,0.5,0,2.6266,0.959677,0.925073,0,0,0
327,0.439121,0.00133449,0.019606,0.0591837,0.384495,0.000151696,0.000456695,0.00294372,1,1,0.5,0,2.6266,0.959674,0.925095,0,0,0
328,0.440456,0.00133448,0.0196101,0.0591556,0.38409,0.000151729,0.000456481,0.00294062,1,1,0.5,0,2.6266,0.959673,0.925119,0,0,0
329,0.44179,0.00133448,0.0196143,0.0591276,0.383684,0.000151761,0.000456267,0.00293753,1,1,0.5,0,2.6266,0.959671,0.925144,0,0,0
330,0.443125,0.00133447,0.0196185,0.0590997,0.383279,0.000151793,0.000456054,0.00293443,1,1,0.5,0,2.6266,0.959671,0.92517,0,0,0
331,0.444459,0.00133447,0.0196226,0.0590718,0.382873,0.000151826,0.00045584,0.00293133,1,1,0.5,0,2.6266,0.959671,0.925199,0,0,0
332,0.445794,0.00133446,0.0196267,0.0590439,0.382467,0.000151858,0.000455628,0.00292823,1,1,0.5,0,2.6266,0.959673,0.925228,0,0,0
333,0.447128,0.00133446,0.0196309,0.0590161,0.382062,0.00015189,0.000455415,0.00292513,1,1,0.5,0,2.6266,0.959674,0.925259,0,0,0
334,0.448463,0.00133446,0.019635,0.0589884,0.381657,0.000151923,0.000455203,0.00292203,1,1,0.5,0,2.6266,0.959677,0.925292,0,0,0
335,0.449797,0.00133446,0.0196392,0.0589607,0.381252,0.000151955,0.000454991,0.00291893,1,1,0.5,0,2.6266,0.95968,0.925326,0,0,0
336,0.451131,0.00133446,0.0196433,0.058933,0.380847,0.000151988,0.00045478,0.00291583,1,1,0.5,0,2.6266,0.959684,0.925361,0,0,0
337,0.452466,0.00133446,0.0196475,0.0589055,0.380443,0.00015202,0.000454569,0.00291274,1,1,0.5,0,2.6266,0.959689,0.925398,0,0,0
338,0.4538,0.00133446,0.0196518,0.0588779,0.380039,0.000152053,0.000454358,0.00290964,1,1,0.5,0,2.6266,0.959695,0.925437,0,0,0
339,0.455135,0.00133446,0.019656,0.0588504,0.379636,0.000152086,0.000454148,0.00290655,1,1,0.5,0,2.6266,0.959701,0.925477,0,0,0
340,0.456469,0.00133447,0.0196602,0.058823,0.379233,0.00015212,0.000453938,0.00290347,1,1,0.5,0,2.6266,0.959707,0.925518,0,0,0
341,0.457804,0.00133447,0.0196645,0.0587956,0.378832,0.000152153,0.000453729,0.00290039,1,1,0.5,0,2.6266,0.959715,0.92556,0,0,0
342,0.459138,0.00133448,0.0196688,0.0587682,0.378431,0.000152186,0.000453519,0.00289731,1,1,0.5,0,2.6266,0.959723,0.925604,0,0,0
343,0.460473,0.00133448,0.0196731,0.0587409,0.37803,0.00015222,0.00045331,0.00289424,1,1,0.5,0,2.6266,0.959732,0.92565,0,0,0
344,0.461807,0.00133449,0.0196774,0.0587137,0.377631,0.000152253,0.000453102,0.00289117,1,1,0.5,0,2.6266,0.959741,0.925696,0,0,0
345,0.463142,0.0013345,0.0196817,0.0586865,0.377232,0.000152287,0.000452894,0.00288811,1,1,0.5,0,2.6266,0.959751,0.925744,0,0,0
346,0.464476,0.00133451,0.019686,0.0586593,0.376834,0.000152321,0.000452686,0.00288505,1,1,0.5,0,2.6266,0.959762,0.925793,0,0,0
347,0.465811,0.00133452,0.0196904,0.0586322,0.376436,0.000152355,0.000452479,0.002882,1,1,0.5,0,2.6266,0.959769,0.925844,0,0,0
348,0.467145,0.00133451,0.0196948,0.0586051,0.37604,0.000152389,0.000452272,0.00287895,1,1,0.5,0,2.6266,0.959777,0.925896,0,0,0
349,0.46848,0.00133451,0.0196992,0.0585781,0.375644,0.000152424,0.000452065,0.00287591,1,1,0.5,0,2.6266,0.959786,0.925948,0,0,0
350,0.469814,0.00133451,0.0197036,0.0585511,0.375248,0.000152458,0.000451859,0.00287287,1,1,0.5,0,2.6266,0.959795,0.926002,0,0,0
351,0.471149,0.00133451,0.0197081,0.0585242,0.374854,0.000152493,0.000451653,0.00286984,1,1,0.5,0,2.6266,0.959804,0.926058,0,0,0
352,0.472483,0.00133451,0.0197125,0.0584973,0.374461,0.000152528,0.000451447,0.00286682,1,1,0.5,0,2.6266,0.959814,0.926114,0,0,0
353,0.473818,0.00133451,0.019717,0.0584704,0.374068,0.000152563,0.000451242,0.00286381,1,1,0.5,0,2.6266,0.959824,0.926171,0,0,0
354,0.475152,0.00133451,0.0197214,0.0584436,0.373677,0.000152598,0.000451037,0.0028608,1,1,0.5,0,2.6266,0.959835,0.926211,0,0,0
355,0.476487,0.00133452,0.0197259,0.0584168,0.373287,0.000152633,0.000450833,0.0028578,1,1,0.5,0,2.6266,0.959846,0.926225,0,0,0
356,0.477821,0.00133452,0.0197303,0.0583901,0.372898,0.000152667,0.000450629,0.00285481,1,1,0.5,0,2.6266,0.959858,0.92624,0,0,0
357,0.479156,0.00133453,0.0197348,0.0583634,0.37251,0.000152703,0.000450425,0.00285183,1,1,0.5,0,2.6266,0.95987,0.926255,0,0,0
358,0.48049,0.00133453,0.0197392,0.0583368,0.372123,0.000152737,0.000450222,0.00284886,1,1,0.5,0,2.6266,0.959882,0.926271,0,0,0
359,0.481825,0.00133454,0.0197437,0.0583102,0.371737,0.000152772,0.000450019,0.0028459,1,1,0.5,0,2.6266,0.959895,0.926287,0,0,0
360,0.483159,0.00133455,0.0197482,0.0582836,0.371353,0.000152808,0.000449817,0.00284294,1,1,0.5,0,2.6266,0.959908,0.926304,0,0,0
361,0.484494,0.00133456,0.0197526,0.0582571,0.37097,0.000152843,0.000449615,0.00284,1,1,0.5,0,2.6266,0.959922,0.926322,0,0,0
362,0.485829,0.00133457,0.0197571,0.0582307,0.370589,0.000152878,0.000449413,0.00283708,1,1,0.5,0,2.6266,0.959935,0.92634,0,0,0
363,0.487163,0.00133458,0.0197616,0.0582042,0.370209,0.000152914,0.000449212,0.00283416,1,1,0.5,0,2.6266,0.95995,0.926352,0,0,0
364,0.488498,0.00133459,0.0197661,0.0581778,0.369831,0.000152949,0.000449011,0.00283126,1,1,0.5,0,2.6266,0.959957,0.926363,0,0,0
365,0.489832,0.0013346,0.0197706,0.0581515,0.369454,0.000152985,0.00044881,0.00282837,1,1,0.5,0,2.6266,0.959948,0.926375,0,0,0
366,0.491167,0.00133462,0.0197751,0.0581252,0.369079,0.00015302,0.00044861,0.00282549,1,1,0.5,0,2.6266,0.959938,0.926387,0,0,0
367,0.492502,0.00133463,0.0197796,0.0580989,0.368706,0.000153056,0.00044841,0.00282263,1,1,0.5,0,2.6266,0.959929,0.9264,0,0,0
368,0.493836,0.00133465,0.0197841,0.0580727,0.368335,0.000153091,0.000448211,0.00281978,1,1,0.5,0,2.6266,0.95992,0.926413,0,0,0
369,0.495171,0.00133467,0.0197886,0.0580465,0.367965,0.000153126,0.000448012,0.00281695,1,1,0.5,0,2.6266,0.959911,0.926426,0,0,0
370,0.496506,0.00133469,0.0197931,0.0580204,0.367598,0.000153162,0.000447814,0.00281414,1,1,0.5,0,2.6266,0.959902,0.92644,0,0,0
371,0.49784,0.00133471,0.0197976,0.0579943,0.367232,0.000153198,0.000447616,0.00281134,1,1,0.5,0,2.6266,0.959894,0.926454,0,0,0
372,0.499175,0.00133473,0.0198021,0.0579682,0.366869,0.000153233,0.000447418,0.00280856,1,1,0.5,0,2.6266,0.959885,0.926469,0,0,0
373,0.5,0.000824946,0.0198049,0.0579521,0.366645,0.000153256,0.000447296,0.00280685,1,1,0.5,0,2.6266,0.95988,0.926479,0,0,0
