family,problem,method,nx,ny,ncell,mpi_ranks,omp_threads_per_rank,total_cores,config_label,repeat_count,successful_repeats,runtime_statistic,solver_time_sec,best_solver_time_sec,median_solver_time_sec,wall_time_sec,hydro_time_sec,cleaning_time_sec,diagnostics_compute_time_sec,output_time_sec,seconds_per_step,cell_updates_per_second,steps,total_cell_updates,speedup,parallel_efficiency,final_L1_fv,final_L2_fv,final_Linf_fv,energy_drift,projection_iterations_total,projection_true_residual,projection_converged,status,failure_reason,summary_file
hybrid,divergence_advection,elliptic_projection,128,128,16384,1,8,8,1x8,1,1,best,4.95245,4.95245,4.95245,5.07756,1.0672,3.88525,0.0353095,0.000161124,0.338504,48401.2,15,245760,1.0181506123231936,0.1272688265403992,3.78207e-09,4.44197e-09,2.15728e-08,-4.38142e-06,8592,2.15729e-08,1,finished,,results/performance/runs/summaries/perf_hybrid_divergence_advection_elliptic_projection_n128_r1_t8_rep1_elliptic_projection_summary.csv
hybrid,divergence_advection,elliptic_projection,128,128,16384,2,4,8,2x4,1,1,best,1.8658000000000001,1.8658000000000001,1.8658000000000001,1.95512,0.58406,1.28174,0.0292623,0.000175677,0.130341,125701.0,15,245760,2.702508307428449,0.3378135384285561,7.42906e-13,9.55085e-13,4.90469e-12,-4.38142e-06,3033,4.90327e-12,1,finished,,results/performance/runs/summaries/perf_hybrid_divergence_advection_elliptic_projection_n128_r2_t4_rep1_elliptic_projection_summary.csv
hybrid,divergence_advection,elliptic_projection,128,128,16384,4,2,8,4x2,1,1,best,1.117664,1.117664,1.117664,1.18271,0.356424,0.76124,0.0222547,0.000200182,0.0788474,207794.0,15,245760,4.511498983594354,0.5639373729492942,7.42835e-13,9.55035e-13,4.90545e-12,-4.38142e-06,3033,4.90326e-12,1,finished,,results/performance/runs/summaries/perf_hybrid_divergence_advection_elliptic_projection_n128_r4_t2_rep1_elliptic_projection_summary.csv
hybrid,divergence_advection,elliptic_projection,128,128,16384,8,1,8,8x1,1,1,best,0.64993,0.64993,0.64993,0.699561,0.21557,0.43436,0.0185753,0.000198817,0.0466374,351306.0,15,245760,7.758281661101965,0.9697852076377457,7.4287e-13,9.55057e-13,4.89229e-12,-4.38142e-06,3033,4.90326e-12,1,finished,,results/performance/runs/summaries/perf_hybrid_divergence_advection_elliptic_projection_n128_r8_t1_rep1_elliptic_projection_summary.csv
hybrid,divergence_advection,mixed_glm,128,128,16384,1,8,8,1x8,1,1,best,1.534135,1.534135,1.534135,1.65301,1.00193,0.532205,0.0344812,0.000173586,0.110201,148674.0,15,245760,1.0780035655271536,0.1347504456908942,0.0110368,0.0192145,0.0611219,1.38641e-14,0,nan,,finished,,results/performance/runs/summaries/perf_hybrid_divergence_advection_mixed_glm_n128_r1_t8_rep1_mixed_glm_summary.csv
hybrid,divergence_advection,mixed_glm,128,128,16384,2,4,8,2x4,1,1,best,0.871992,0.871992,0.871992,0.953777,0.54864,0.323352,0.0261491,0.000169664,0.0635851,257670.0,15,245760,1.8965804732153506,0.23707255915191883,0.0110368,0.0192145,0.0611219,1.38641e-14,0,nan,,finished,,results/performance/runs/summaries/perf_hybrid_divergence_advection_mixed_glm_n128_r2_t4_rep1_mixed_glm_summary.csv
hybrid,divergence_advection,mixed_glm,128,128,16384,4,2,8,4x2,1,1,best,0.509864,0.509864,0.509864,0.57204,0.308166,0.201698,0.0216477,0.000176863,0.038136,429620.0,15,245760,3.2436159446440618,0.4054519930805077,0.0110368,0.0192145,0.0611219,1.38641e-14,0,nan,,finished,,results/performance/runs/summaries/perf_hybrid_divergence_advection_mixed_glm_n128_r4_t2_rep1_mixed_glm_summary.csv
hybrid,divergence_advection,mixed_glm,128,128,16384,8,1,8,8x1,1,1,best,0.299849,0.299849,0.299849,0.344386,0.184631,0.115218,0.0161773,0.000174363,0.022959,713619.0,15,245760,5.515452777898209,0.6894315972372761,0.0110368,0.0192145,0.0611219,1.38641e-14,0,nan,,finished,,results/performance/runs/summaries/perf_hybrid_divergence_advection_mixed_glm_n128_r8_t1_rep1_mixed_glm_summary.csv
mpi,divergence_advection,elliptic_projection,128,128,16384,1,1,1,1x1,1,1,best,5.04234,5.04234,5.04234,5.16929,1.1081,3.93424,0.0364602,0.000168204,0.344619,47542.3,15,245760,1.0,1.0,3.78207e-09,4.44197e-09,2.15728e-08,-4.38142e-06,8592,2.15729e-08,1,finished,,results/performance/runs/summaries/perf_mpi_divergence_advection_elliptic_projection_n128_r1_t1_rep1_elliptic_projection_summary.csv
mpi,divergence_advection,elliptic_projection,128,128,16384,2,1,2,2x1,1,1,best,1.688267,1.688267,1.688267,1.77882,0.572587,1.11568,0.0301692,0.000160984,0.118588,138159.0,15,245760,2.9866958247717927,1.4933479123858964,7.42855e-13,9.55039e-13,4.90179e-12,-4.38142e-06,3033,4.90327e-12,1,finished,,results/performance/runs/summaries/perf_mpi_divergence_advection_elliptic_projection_n128_r2_t1_rep1_elliptic_projection_summary.csv
mpi,divergence_advection,elliptic_projection,128,128,16384,4,1,4,4x1,1,1,best,1.089616,1.089616,1.089616,1.15707,0.376232,0.713384,0.022949,0.000179923,0.0771379,212399.0,15,245760,4.627630284430479,1.1569075711076198,7.42961e-13,9.55079e-13,4.90853e-12,-4.38142e-06,3033,4.90326e-12,1,finished,,results/performance/runs/summaries/perf_mpi_divergence_advection_elliptic_projection_n128_r4_t1_rep1_elliptic_projection_summary.csv
mpi,divergence_advection,elliptic_projection,128,128,16384,8,1,8,8x1,1,1,best,0.68902,0.68902,0.68902,0.73897,0.228145,0.460875,0.0184713,0.000186669,0.0492647,332571.0,15,245760,7.3181330004934555,0.9147666250616819,7.4287e-13,9.55057e-13,4.89229e-12,-4.38142e-06,3033,4.90326e-12,1,finished,,results/performance/runs/summaries/perf_mpi_divergence_advection_elliptic_projection_n128_r8_t1_rep1_elliptic_projection_summary.csv
mpi,divergence_advection,mixed_glm,128,128,16384,1,1,1,1x1,1,1,best,1.653803,1.653803,1.653803,1.78066,1.08582,0.567983,0.0361417,0.000158262,0.118711,138016.0,15,245760,1.0,1.0,0.0110368,0.0192145,0.0611219,1.38641e-14,0,nan,,finished,,results/performance/runs/summaries/perf_mpi_divergence_advection_mixed_glm_n128_r1_t1_rep1_mixed_glm_summary.csv
mpi,divergence_advection,mixed_glm,128,128,16384,2,1,2,2x1,1,1,best,0.9194070000000001,0.9194070000000001,0.9194070000000001,1.00432,0.598778,0.320629,0.0274023,0.000164094,0.0669546,244703.0,15,245760,1.7987713819886075,0.8993856909943038,0.0110368,0.0192145,0.0611219,1.38641e-14,0,nan,,finished,,results/performance/runs/summaries/perf_mpi_divergence_advection_mixed_glm_n128_r2_t1_rep1_mixed_glm_summary.csv
mpi,divergence_advection,mixed_glm,128,128,16384,4,1,4,4x1,1,1,best,0.577842,0.577842,0.577842,0.642588,0.371188,0.206654,0.0216416,0.00020437,0.0428392,382453.0,15,245760,2.862033220153606,0.7155083050384015,0.0110368,0.0192145,0.0611219,1.38641e-14,0,nan,,finished,,results/performance/runs/summaries/perf_mpi_divergence_advection_mixed_glm_n128_r4_t1_rep1_mixed_glm_summary.csv
mpi,divergence_advection,mixed_glm,128,128,16384,8,1,8,8x1,1,1,best,0.356175,0.356175,0.356175,0.405029,0.22029,0.135885,0.0167742,0.000231142,0.0270019,606771.0,15,245760,4.643231557520881,0.5804039446901101,0.0110368,0.0192145,0.0611219,1.38641e-14,0,nan,,finished,,results/performance/runs/summaries/perf_mpi_divergence_advection_mixed_glm_n128_r8_t1_rep1_mixed_glm_summary.csv
mpi,divergence_advection,none,128,128,16384,1,1,1,1x1,1,1,best,1.066227722,1.066227722,1.066227722,1.18704,1.06621,1.7722e-05,0.0338007,0.000184166,0.0791357,207037.0,15,245760,1.0,1.0,0.0198284,0.0700474,0.490832,9.8063e-15,0,nan,,finished,,results/performance/runs/summaries/perf_mpi_divergence_advection_none_n128_r1_t1_rep1_none_summary.csv
mpi,divergence_advection,none,128,128,16384,2,1,2,2x1,1,1,best,0.5794917230000001,0.5794917230000001,0.5794917230000001,0.664593,0.579477,1.4723e-05,0.0272597,0.000192732,0.0443062,369790.0,15,245760,1.839936067559674,0.919968033779837,0.0198284,0.0700474,0.490832,9.8063e-15,0,nan,,finished,,results/performance/runs/summaries/perf_mpi_divergence_advection_none_n128_r2_t1_rep1_none_summary.csv
mpi,divergence_advection,none,128,128,16384,4,1,4,4x1,1,1,best,0.344762628,0.344762628,0.344762628,0.407895,0.344747,1.5628e-05,0.0217271,0.000190504,0.027193,602509.0,15,245760,3.0926429821738104,0.7731607455434526,0.0198284,0.0700474,0.490832,9.8063e-15,0,nan,,finished,,results/performance/runs/summaries/perf_mpi_divergence_advection_none_n128_r4_t1_rep1_none_summary.csv
mpi,divergence_advection,none,128,128,16384,8,1,8,8x1,1,1,best,0.172740703,0.172740703,0.172740703,0.21619,0.172732,8.703e-06,0.0161825,0.000175628,0.0144127,1136780.0,15,245760,6.17241740645226,0.7715521758065325,0.0198284,0.0700474,0.490832,9.8063e-15,0,nan,,finished,,results/performance/runs/summaries/perf_mpi_divergence_advection_none_n128_r8_t1_rep1_none_summary.csv
openmp,divergence_advection,elliptic_projection,128,128,16384,1,1,1,1x1,1,1,best,5.93505,5.93505,5.93505,6.06214,1.16119,4.77386,0.0370884,0.000184263,0.404143,40540.1,15,245760,1.0,1.0,3.78207e-09,4.44197e-09,2.15728e-08,-4.38142e-06,8592,2.15729e-08,1,finished,,results/performance/runs/summaries/perf_openmp_divergence_advection_elliptic_projection_n128_r1_t1_rep1_elliptic_projection_summary.csv
openmp,divergence_advection,elliptic_projection,128,128,16384,1,2,2,1x2,1,1,best,5.214516,5.214516,5.214516,5.33025,0.806016,4.4085,0.0351292,0.000223563,0.35535,46106.7,15,245760,1.1381785001714446,0.5690892500857223,3.78207e-09,4.44197e-09,2.15728e-08,-4.38142e-06,8592,2.15729e-08,1,finished,,results/performance/runs/summaries/perf_openmp_divergence_advection_elliptic_projection_n128_r1_t2_rep1_elliptic_projection_summary.csv
openmp,divergence_advection,elliptic_projection,128,128,16384,1,4,4,1x4,1,1,best,4.946686,4.946686,4.946686,5.05607,0.478846,4.46784,0.035515,0.000221429,0.337071,48607.0,15,245760,1.199803262224447,0.29995081555611175,3.78207e-09,4.44197e-09,2.15728e-08,-4.38142e-06,8592,2.15729e-08,1,finished,,results/performance/runs/summaries/perf_openmp_divergence_advection_elliptic_projection_n128_r1_t4_rep1_elliptic_projection_summary.csv
openmp,divergence_advection,elliptic_projection,128,128,16384,1,8,8,1x8,1,1,best,4.840751,4.840751,4.840751,4.94683,0.307791,4.53296,0.0354552,0.000247102,0.329788,49680.3,15,245760,1.2260597580829917,0.15325746976037397,3.78207e-09,4.44197e-09,2.15728e-08,-4.38142e-06,8592,2.15729e-08,1,finished,,results/performance/runs/summaries/perf_openmp_divergence_advection_elliptic_projection_n128_r1_t8_rep1_elliptic_projection_summary.csv
openmp,divergence_advection,mixed_glm,128,128,16384,1,1,1,1x1,1,1,best,1.755896,1.755896,1.755896,1.88881,1.15228,0.603616,0.0401186,0.000217039,0.125921,130113.0,15,245760,1.0,1.0,0.0110368,0.0192145,0.0611219,1.38641e-14,0,nan,,finished,,results/performance/runs/summaries/perf_openmp_divergence_advection_mixed_glm_n128_r1_t1_rep1_mixed_glm_summary.csv
openmp,divergence_advection,mixed_glm,128,128,16384,1,2,2,1x2,1,1,best,1.527883,1.527883,1.527883,1.66119,0.90258,0.625303,0.0410887,0.000178699,0.110746,147942.0,15,245760,1.1492345945337437,0.5746172972668718,0.0110368,0.0192145,0.0611219,1.38641e-14,0,nan,,finished,,results/performance/runs/summaries/perf_openmp_divergence_advection_mixed_glm_n128_r1_t2_rep1_mixed_glm_summary.csv
openmp,divergence_advection,mixed_glm,128,128,16384,1,4,4,1x4,1,1,best,1.072394,1.072394,1.072394,1.18573,0.484626,0.587768,0.0359356,0.000230483,0.0790489,207264.0,15,245760,1.6373608953425698,0.40934022383564245,0.0110368,0.0192145,0.0611219,1.38641e-14,0,nan,,finished,,results/performance/runs/summaries/perf_openmp_divergence_advection_mixed_glm_n128_r1_t4_rep1_mixed_glm_summary.csv
openmp,divergence_advection,mixed_glm,128,128,16384,1,8,8,1x8,1,1,best,0.918984,0.918984,0.918984,1.03272,0.32155,0.597434,0.0374978,0.000199182,0.0688481,237973.0,15,245760,1.9106926780009226,0.23883658475011532,0.0110368,0.0192145,0.0611219,1.38641e-14,0,nan,,finished,,results/performance/runs/summaries/perf_openmp_divergence_advection_mixed_glm_n128_r1_t8_rep1_mixed_glm_summary.csv
openmp,divergence_advection,none,128,128,16384,1,1,1,1x1,1,1,best,1.129697417,1.129697417,1.129697417,1.25407,1.12968,1.7417e-05,0.0364047,0.000177893,0.0836047,195970.0,15,245760,1.0,1.0,0.0198284,0.0700474,0.490832,9.8063e-15,0,nan,,finished,,results/performance/runs/summaries/perf_openmp_divergence_advection_none_n128_r1_t1_rep1_none_summary.csv
openmp,divergence_advection,none,128,128,16384,1,2,2,1x2,1,1,best,0.823229089,0.823229089,0.823229089,0.936695,0.823212,1.7089e-05,0.0332951,0.000202561,0.0624463,262369.0,15,245760,1.3722758732593814,0.6861379366296907,0.0198284,0.0700474,0.490832,9.8063e-15,0,nan,,finished,,results/performance/runs/summaries/perf_openmp_divergence_advection_none_n128_r1_t2_rep1_none_summary.csv
openmp,divergence_advection,none,128,128,16384,1,4,4,1x4,1,1,best,0.48196219,0.48196219,0.48196219,0.588062,0.481948,1.419e-05,0.0329192,0.000180151,0.0392041,417915.0,15,245760,2.3439544438122835,0.5859886109530709,0.0198284,0.0700474,0.490832,9.8063e-15,0,nan,,finished,,results/performance/runs/summaries/perf_openmp_divergence_advection_none_n128_r1_t4_rep1_none_summary.csv
openmp,divergence_advection,none,128,128,16384,1,8,8,1x8,1,1,best,0.30547511699999996,0.30547511699999996,0.30547511699999996,0.411029,0.305463,1.2117e-05,0.0343185,0.000185474,0.027402,597914.0,15,245760,3.6981651012838475,0.46227063766048093,0.0198284,0.0700474,0.490832,9.8063e-15,0,nan,,finished,,results/performance/runs/summaries/perf_openmp_divergence_advection_none_n128_r1_t8_rep1_none_summary.csv
