step,time,dt,L1,L2,Linf,L1_norm,L2_norm,Linf_norm
0,0,0.00195312,0.0395825,0.139698,0.951866,0.000298826,0.00104551,0.00702527
1,0.00195312,0.00195312,0.0395825,0.139698,0.951866,0.000298826,0.00104551,0.00702527
2,0.00390625,0.00195312,0.0395825,0.139698,0.951866,0.000298826,0.00104551,0.00702527
3,0.00585938,0.00195312,0.0395825,0.139698,0.951866,0.000298826,0.00104551,0.00702527
4,0.0078125,0.00195312,0.0395825,0.139698,0.951866,0.000298826,0.00104551,0.00702527
5,0.00976562,0.00195312,0.0395825,0.139698,0.951866,0.000298826,0.00104551,0.00702527
6,0.0117188,0.00195312,0.0395825,0.139698,0.951866,0.000298826,0.00104551,0.00702527
7,0.0136719,0.00195312,0.0395825,0.139698,0.951866,0.000298826,0.00104551,0.00702527
8,0.015625,0.00195312,0.0395825,0.139698,0.951866,0.000298826,0.00104551,0.00702527
9,0.0175781,0.00195312,0.0395825,0.139698,0.951866,0.000298826,0.00104551,0.00702527
10,0.0195312,0.00195312,0.0395825,0.139698,0.951866,0.000298826,0.00104551,0.00702527
11,0.0214844,0.00195312,0.0395825,0.139698,0.951866,0.000298826,0.00104551,0.00702527
12,0.0234375,0.00195312,0.0395825,0.139698,0.951866,0.000298826,0.00104551,0.00702527
13,0.0253906,0.00195312,0.0395825,0.139698,0.951866,0.000298826,0.00104551,0.00702527
14,0.0273438,0.00195312,0.0395825,0.139698,0.951866,0.000298826,0.00104551,0.00702527
15,0.0292969,0.00195312,0.0395825,0.139698,0.951866,0.000298826,0.00104551,0.00702527
16,0.03125,0.00195312,0.0395825,0.139698,0.951866,0.000298826,0.00104551,0.00702527
17,0.0332031,0.00195312,0.0395825,0.139698,0.951866,0.000298826,0.00104551,0.00702527
18,0.0351562,0.00195312,0.0395825,0.139698,0.951866,0.000298826,0.00104551,0.00702527
19,0.0371094,0.00195312,0.0395825,0.139698,0.951866,0.000298826,0.00104551,0.00702527
20,0.0390625,0.00195312,0.0395825,0.139698,0.951866,0.000298826,0.00104551,0.00702527
21,0.0410156,0.00195312,0.0395825,0.139698,0.951866,0.000298826,0.00104551,0.00702527
22,0.0429688,0.00195312,0.0395825,0.139698,0.951866,0.000298826,0.00104551,0.00702527
23,0.0449219,0.00195312,0.0395825,0.139698,0.951866,0.000298826,0.00104551,0.00702527
24,0.046875,0.00195312,0.0395825,0.139698,0.951866,0.000298826,0.00104551,0.00702527
25,0.0488281,0.00195312,0.0395825,0.139698,0.951866,0.000298826,0.00104551,0.00702527
26,0.0507812,0.00195312,0.0395825,0.139698,0.951866,0.000298826,0.00104551,0.00702527
27,0.0527344,0.00195312,0.0395825,0.139698,0.951866,0.000298826,0.00104551,0.00702527
28,0.0546875,0.00195312,0.0395825,0.139698,0.951866,0.000298826,0.00104551,0.00702527
29,0.0566406,0.00195312,0.0395825,0.139698,0.951866,0.000298826,0.00104551,0.00702527
30,0.0585938,0.00195312,0.0395825,0.139698,0.951866,0.000298826,0.00104551,0.00702527
31,0.0605469,0.00195312,0.0395825,0.139698,0.951866,0.000298826,0.00104551,0.00702527
32,0.0625,0.00195312,0.0395825,0.139698,0.951866,0.000298826,0.00104551,0.00702527
33,0.0644531,0.00195312,0.0395825,0.139698,0.951866,0.000298826,0.00104551,0.00702527
34,0.0664062,0.00195312,0.0395825,0.139698,0.951866,0.000298826,0.00104551,0.00702527
35,0.0683594,0.00195312,0.0395825,0.139698,0.951866,0.000298826,0.00104551,0.00702527
36,0.0703125,0.00195312,0.0395825,0.139698,0.951866,0.000298826,0.00104551,0.00702527
37,0.0722656,0.00195312,0.0395825,0.139698,0.951866,0.000298826,0.00104551,0.00702527
38,0.0742188,0.00195312,0.0395825,0.139698,0.951866,0.000298826,0.00104551,0.00702527
39,0.0761719,0.00195312,0.0395825,0.139698,0.951866,0.000298826,0.00104551,0.00702527
40,0.078125,0.00195312,0.0395825,0.139698,0.951866,0.000298826,0.00104551,0.00702527
41,0.0800781,0.00195312,0.0395825,0.139698,0.951866,0.000298826,0.00104551,0.00702527
42,0.0820312,0.00195312,0.0395825,0.139698,0.951866,0.000298826,0.00104551,0.00702527
43,0.0839844,0.00195312,0.0395825,0.139698,0.951866,0.000298826,0.00104551,0.00702527
44,0.0859375,0.00195312,0.0395825,0.139698,0.951866,0.000298826,0.00104551,0.00702527
45,0.0878906,0.00195312,0.0395825,0.139698,0.951866,0.000298826,0.00104551,0.00702527
46,0.0898438,0.00195312,0.0395825,0.139698,0.951866,0.000298826,0.00104551,0.00702527
47,0.0917969,0.00195312,0.0395825,0.139698,0.951866,0.000298826,0.00104551,0.00702527
48,0.09375,0.00195312,0.0395825,0.139698,0.951866,0.000298826,0.00104551,0.00702527
49,0.0957031,0.00195312,0.0395825,0.139698,0.951866,0.000298826,0.00104551,0.00702527
50,0.0976562,0.00195312,0.0395825,0.139698,0.951866,0.000298826,0.00104551,0.00702527
51,0.0996094,0.00195312,0.0395825,0.139698,0.951866,0.000298826,0.00104551,0.00702527
52,0.101562,0.00195312,0.0395825,0.139698,0.951866,0.000298826,0.00104551,0.00702527
53,0.103516,0.00195312,0.0395825,0.139698,0.951866,0.000298826,0.00104551,0.00702527
54,0.105469,0.00195312,0.0395825,0.139698,0.951866,0.000298826,0.00104551,0.00702527
55,0.107422,0.00195312,0.0395825,0.139698,0.951866,0.000298826,0.00104551,0.00702527
56,0.109375,0.00195312,0.0395825,0.139698,0.951866,0.000298826,0.00104551,0.00702527
57,0.111328,0.00195312,0.0395825,0.139698,0.951866,0.000298826,0.00104551,0.00702527
58,0.113281,0.00195312,0.0395825,0.139698,0.951866,0.000298826,0.00104551,0.00702527
59,0.115234,0.00195312,0.0395825,0.139698,0.951866,0.000298826,0.00104551,0.00702527
60,0.117188,0.00195312,0.0395825,0.139698,0.951866,0.000298826,0.00104551,0.00702527
61,0.119141,0.00195312,0.0395825,0.139698,0.951866,0.000298826,0.00104551,0.00702527
62,0.121094,0.00195312,0.0395825,0.139698,0.951866,0.000298826,0.00104551,0.00702527
63,0.123047,0.00195312,0.0395825,0.139698,0.951866,0.000298826,0.00104551,0.00702527
64,0.125,0.00195312,0.0395825,0.139698,0.951866,0.000298826,0.00104551,0.00702527
65,0.126953,0.00195312,0.0395825,0.139698,0.951866,0.000298826,0.00104551,0.00702527
66,0.128906,0.00195312,0.0395825,0.139698,0.951866,0.000298826,0.00104551,0.00702527
67,0.130859,0.00195312,0.0395825,0.139698,0.951866,0.000298826,0.00104551,0.00702527
68,0.132812,0.00195312,0.0395825,0.139698,0.951866,0.000298826,0.00104551,0.00702527
69,0.134766,0.00195312,0.0395825,0.139698,0.951866,0.000298826,0.00104551,0.00702527
70,0.136719,0.00195312,0.0395825,0.139698,0.951866,0.000298826,0.00104551,0.00702527
71,0.138672,0.00195312,0.0395825,0.139698,0.951866,0.000298826,0.00104551,0.00702527
72,0.140625,0.00195312,0.0395825,0.139698,0.951866,0.000298826,0.00104551,0.00702527
73,0.142578,0.00195312,0.0395825,0.139698,0.951866,0.000298826,0.00104551,0.00702527
74,0.144531,0.00195312,0.0395825,0.139698,0.951866,0.000298826,0.00104551,0.00702527
75,0.146484,0.00195312,0.0395825,0.139698,0.951866,0.000298826,0.00104551,0.00702527
76,0.148438,0.00195312,0.0395825,0.139698,0.951866,0.000298826,0.00104551,0.00702527
77,0.150391,0.00195312,0.0395825,0.139698,0.951866,0.000298826,0.00104551,0.00702527
78,0.152344,0.00195312,0.0395825,0.139698,0.951866,0.000298826,0.00104551,0.00702527
79,0.154297,0.00195312,0.0395825,0.139698,0.951866,0.000298826,0.00104551,0.00702527
80,0.15625,0.00195312,0.0395825,0.139698,0.951866,0.000298826,0.00104551,0.00702527
81,0.158203,0.00195312,0.0395825,0.139698,0.951866,0.000298826,0.00104551,0.00702527
82,0.160156,0.00195312,0.0395825,0.139698,0.951866,0.000298826,0.00104551,0.00702527
83,0.162109,0.00195312,0.0395825,0.139698,0.951866,0.000298826,0.00104551,0.00702527
84,0.164062,0.00195312,0.0395825,0.139698,0.951866,0.000298826,0.00104551,0.00702527
85,0.166016,0.00195312,0.0395825,0.139698,0.951866,0.000298826,0.00104551,0.00702527
86,0.167969,0.00195312,0.0395825,0.139698,0.951866,0.000298826,0.00104551,0.00702527
87,0.169922,0.00195312,0.0395825,0.139698,0.951866,0.000298826,0.00104551,0.00702527
88,0.171875,0.00195312,0.0395825,0.139698,0.951866,0.000298826,0.00104551,0.00702527
89,0.173828,0.00195312,0.0395825,0.139698,0.951866,0.000298826,0.00104551,0.00702527
90,0.175781,0.00195312,0.0395825,0.139698,0.951866,0.000298826,0.00104551,0.00702527
91,0.177734,0.00195312,0.0395825,0.139698,0.951866,0.000298826,0.00104551,0.00702527
92,0.179688,0.00195312,0.0395825,0.139698,0.951866,0.000298826,0.00104551,0.00702527
93,0.181641,0.00195312,0.0395825,0.139698,0.951866,0.000298826,0.00104551,0.00702527
94,0.183594,0.00195312,0.0395825,0.139698,0.951866,0.000298826,0.00104551,0.00702527
95,0.185547,0.00195312,0.0395825,0.139698,0.951866,0.000298826,0.00104551,0.00702527
96,0.1875,0.00195312,0.0395825,0.139698,0.951866,0.000298826,0.00104551,0.00702527
97,0.189453,0.00195312,0.0395825,0.139698,0.951866,0.000298826,0.00104551,0.00702527
98,0.191406,0.00195312,0.0395825,0.139698,0.951866,0.000298826,0.00104551,0.00702527
99,0.193359,0.00195312,0.0395825,0.139698,0.951866,0.000298826,0.00104551,0.00702527
100,0.195312,0.00195312,0.0395825,0.139698,0.951866,0.000298826,0.00104551,0.00702527
101,0.197266,0.00195312,0.0395825,0.139698,0.951866,0.000298826,0.00104551,0.00702527
102,0.199219,0.00195312,0.0395825,0.139698,0.951866,0.000298826,0.00104551,0.00702527
103,0.201172,0.00195312,0.0395825,0.139698,0.951866,0.000298826,0.00104551,0.00702527
104,0.203125,0.00195312,0.0395825,0.139698,0.951866,0.000298826,0.00104551,0.00702527
105,0.205078,0.00195312,0.0395825,0.139698,0.951866,0.000298826,0.00104551,0.00702527
106,0.207031,0.00195312,0.0395825,0.139698,0.951866,0.000298826,0.00104551,0.00702527
107,0.208984,0.00195312,0.0395825,0.139698,0.951866,0.000298826,0.00104551,0.00702527
108,0.210938,0.00195312,0.0395825,0.139698,0.951866,0.000298826,0.00104551,0.00702527
109,0.212891,0.00195312,0.0395825,0.139698,0.951866,0.000298826,0.00104551,0.00702527
110,0.214844,0.00195312,0.0395825,0.139698,0.951866,0.000298826,0.00104551,0.00702527
111,0.216797,0.00195312,0.0395825,0.139698,0.951866,0.000298826,0.00104551,0.00702527
112,0.21875,0.00195312,0.0395825,0.139698,0.951866,0.000298826,0.00104551,0.00702527
113,0.220703,0.00195312,0.0395825,0.139698,0.951866,0.000298826,0.00104551,0.00702527
114,0.222656,0.00195312,0.0395825,0.139698,0.951866,0.000298826,0.00104551,0.00702527
115,0.224609,0.00195312,0.0395825,0.139698,0.951866,0.000298826,0.00104551,0.00702527
116,0.226562,0.00195312,0.0395825,0.139698,0.951866,0.000298826,0.00104551,0.00702527
117,0.228516,0.00195312,0.0395825,0.139698,0.951866,0.000298826,0.00104551,0.00702527
118,0.230469,0.00195312,0.0395825,0.139698,0.951866,0.000298826,0.00104551,0.00702527
119,0.232422,0.00195312,0.0395825,0.139698,0.951866,0.000298826,0.00104551,0.00702527
120,0.234375,0.00195312,0.0395825,0.139698,0.951866,0.000298826,0.00104551,0.00702527
121,0.236328,0.00195312,0.0395825,0.139698,0.951866,0.000298826,0.00104551,0.00702527
122,0.238281,0.00195312,0.0395825,0.139698,0.951866,0.000298826,0.00104551,0.00702527
123,0.240234,0.00195312,0.0395825,0.139698,0.951866,0.000298826,0.00104551,0.00702527
124,0.242188,0.00195312,0.0395825,0.139698,0.951866,0.000298826,0.00104551,0.00702527
125,0.244141,0.00195312,0.0395825,0.139698,0.951866,0.000298826,0.00104551,0.00702527
126,0.246094,0.00195312,0.0395825,0.139698,0.951866,0.000298826,0.00104551,0.00702527
127,0.248047,0.00195312,0.0395825,0.139698,0.951866,0.000298826,0.00104551,0.00702527
128,0.25,0.00195312,0.0395825,0.139698,0.951866,0.000298826,0.00104551,0.00702527
129,0.251953,0.00195312,0.0395825,0.139698,0.951866,0.000298826,0.00104551,0.00702527
130,0.253906,0.00195312,0.0395825,0.139698,0.951866,0.000298826,0.00104551,0.00702527
131,0.255859,0.00195312,0.0395825,0.139698,0.951866,0.000298826,0.00104551,0.00702527
132,0.257812,0.00195312,0.0395825,0.139698,0.951866,0.000298826,0.00104551,0.00702527
133,0.259766,0.00195312,0.0395825,0.139698,0.951866,0.000298826,0.00104551,0.00702527
134,0.261719,0.00195312,0.0395825,0.139698,0.951866,0.000298826,0.00104551,0.00702527
135,0.263672,0.00195312,0.0395825,0.139698,0.951866,0.000298826,0.00104551,0.00702527
136,0.265625,0.00195312,0.0395825,0.139698,0.951866,0.000298826,0.00104551,0.00702527
137,0.267578,0.00195312,0.0395825,0.139698,0.951866,0.000298826,0.00104551,0.00702527
138,0.269531,0.00195312,0.0395825,0.139698,0.951866,0.000298826,0.00104551,0.00702527
139,0.271484,0.00195312,0.0395825,0.139698,0.951866,0.000298826,0.00104551,0.00702527
140,0.273438,0.00195312,0.0395825,0.139698,0.951866,0.000298826,0.00104551,0.00702527
141,0.275391,0.00195312,0.0395825,0.139698,0.951866,0.000298826,0.00104551,0.00702527
142,0.277344,0.00195312,0.0395825,0.139698,0.951866,0.000298826,0.00104551,0.00702527
143,0.279297,0.00195312,0.0395825,0.139698,0.951866,0.000298826,0.00104551,0.00702527
144,0.28125,0.00195312,0.0395825,0.139698,0.951866,0.000298826,0.00104551,0.00702527
145,0.283203,0.00195312,0.0395825,0.139698,0.951866,0.000298826,0.00104551,0.00702527
146,0.285156,0.00195312,0.0395825,0.139698,0.951866,0.000298826,0.00104551,0.00702527
147,0.287109,0.00195312,0.0395825,0.139698,0.951866,0.000298826,0.00104551,0.00702527
148,0.289062,0.00195312,0.0395825,0.139698,0.951866,0.000298826,0.00104551,0.00702527
149,0.291016,0.00195312,0.0395825,0.139698,0.951866,0.000298826,0.00104551,0.00702527
150,0.292969,0.00195312,0.0395825,0.139698,0.951866,0.000298826,0.00104551,0.00702527
151,0.294922,0.00195312,0.0395825,0.139698,0.951866,0.000298826,0.00104551,0.00702527
152,0.296875,0.00195312,0.0395825,0.139698,0.951866,0.000298826,0.00104551,0.00702527
153,0.298828,0.00195312,0.0395825,0.139698,0.951866,0.000298826,0.00104551,0.00702527
154,0.300781,0.00195312,0.0395825,0.139698,0.951866,0.000298826,0.00104551,0.00702527
155,0.302734,0.00195312,0.0395825,0.139698,0.951866,0.000298826,0.00104551,0.00702527
156,0.304688,0.00195312,0.0395825,0.139698,0.951866,0.000298826,0.00104551,0.00702527
157,0.306641,0.00195312,0.0395825,0.139698,0.951866,0.000298826,0.00104551,0.00702527
158,0.308594,0.00195312,0.0395825,0.139698,0.951866,0.000298826,0.00104551,0.00702527
159,0.310547,0.00195312,0.0395825,0.139698,0.951866,0.000298826,0.00104551,0.00702527
160,0.3125,0.00195312,0.0395825,0.139698,0.951866,0.000298826,0.00104551,0.00702527
161,0.314453,0.00195312,0.0395825,0.139698,0.951866,0.000298826,0.00104551,0.00702527
162,0.316406,0.00195312,0.0395825,0.139698,0.951866,0.000298826,0.00104551,0.00702527
163,0.318359,0.00195312,0.0395825,0.139698,0.951866,0.000298826,0.00104551,0.00702527
164,0.320312,0.00195312,0.0395825,0.139698,0.951866,0.000298826,0.00104551,0.00702527
165,0.322266,0.00195312,0.0395825,0.139698,0.951866,0.000298826,0.00104551,0.00702527
166,0.324219,0.00195312,0.0395825,0.139698,0.951866,0.000298826,0.00104551,0.00702527
167,0.326172,0.00195312,0.0395825,0.139698,0.951866,0.000298826,0.00104551,0.00702527
168,0.328125,0.00195312,0.0395825,0.139698,0.951866,0.000298826,0.00104551,0.00702527
169,0.330078,0.00195312,0.0395825,0.139698,0.951866,0.000298826,0.00104551,0.00702527
170,0.332031,0.00195312,0.0395825,0.139698,0.951866,0.000298826,0.00104551,0.00702527
171,0.333984,0.00195312,0.0395825,0.139698,0.951866,0.000298826,0.00104551,0.00702527
172,0.335938,0.00195312,0.0395825,0.139698,0.951866,0.000298826,0.00104551,0.00702527
173,0.337891,0.00195312,0.0395825,0.139698,0.951866,0.000298826,0.00104551,0.00702527
174,0.339844,0.00195312,0.0395825,0.139698,0.951866,0.000298826,0.00104551,0.00702527
175,0.341797,0.00195312,0.0395825,0.139698,0.951866,0.000298826,0.00104551,0.00702527
176,0.34375,0.00195312,0.0395825,0.139698,0.951866,0.000298826,0.00104551,0.00702527
177,0.345703,0.00195312,0.0395825,0.139698,0.951866,0.000298826,0.00104551,0.00702527
178,0.347656,0.00195312,0.0395825,0.139698,0.951866,0.000298826,0.00104551,0.00702527
179,0.349609,0.00195312,0.0395825,0.139698,0.951866,0.000298826,0.00104551,0.00702527
180,0.351562,0.00195312,0.0395825,0.139698,0.951866,0.000298826,0.00104551,0.00702527
181,0.353516,0.00195312,0.0395825,0.139698,0.951866,0.000298826,0.00104551,0.00702527
182,0.355469,0.00195312,0.0395825,0.139698,0.951866,0.000298826,0.00104551,0.00702527
183,0.357422,0.00195312,0.0395825,0.139698,0.951866,0.000298826,0.00104551,0.00702527
184,0.359375,0.00195312,0.0395825,0.139698,0.951866,0.000298826,0.00104551,0.00702527
185,0.361328,0.00195312,0.0395825,0.139698,0.951866,0.000298826,0.00104551,0.00702527
186,0.363281,0.00195312,0.0395825,0.139698,0.951866,0.000298826,0.00104551,0.00702527
187,0.365234,0.00195312,0.0395825,0.139698,0.951866,0.000298826,0.00104551,0.00702527
188,0.367188,0.00195312,0.0395825,0.139698,0.951866,0.000298826,0.00104551,0.00702527
189,0.369141,0.00195312,0.0395825,0.139698,0.951866,0.000298826,0.00104551,0.00702527
190,0.371094,0.00195312,0.0395825,0.139698,0.951866,0.000298826,0.00104551,0.00702527
191,0.373047,0.00195312,0.0395825,0.139698,0.951866,0.000298826,0.00104551,0.00702527
192,0.375,0.00195312,0.0395825,0.139698,0.951866,0.000298826,0.00104551,0.00702527
193,0.376953,0.00195312,0.0395825,0.139698,0.951866,0.000298826,0.00104551,0.00702527
194,0.378906,0.00195312,0.0395825,0.139698,0.951866,0.000298826,0.00104551,0.00702527
195,0.380859,0.00195312,0.0395825,0.139698,0.951866,0.000298826,0.00104551,0.00702527
196,0.382812,0.00195312,0.0395825,0.139698,0.951866,0.000298826,0.00104551,0.00702527
197,0.384766,0.00195312,0.0395825,0.139698,0.951866,0.000298826,0.00104551,0.00702527
198,0.386719,0.00195312,0.0395825,0.139698,0.951866,0.000298826,0.00104551,0.00702527
199,0.388672,0.00195312,0.0395825,0.139698,0.951866,0.000298826,0.00104551,0.00702527
200,0.390625,0.00195312,0.0395825,0.139698,0.951866,0.000298826,0.00104551,0.00702527
201,0.392578,0.00195312,0.0395825,0.139698,0.951866,0.000298826,0.00104551,0.00702527
202,0.394531,0.00195312,0.0395825,0.139698,0.951866,0.000298826,0.00104551,0.00702527
203,0.396484,0.00195312,0.0395825,0.139698,0.951866,0.000298826,0.00104551,0.00702527
204,0.398438,0.00195312,0.0395825,0.139698,0.951866,0.000298826,0.00104551,0.00702527
205,0.400391,0.00195312,0.0395825,0.139698,0.951866,0.000298826,0.00104551,0.00702527
206,0.402344,0.00195312,0.0395825,0.139698,0.951866,0.000298826,0.00104551,0.00702527
207,0.404297,0.00195312,0.0395825,0.139698,0.951866,0.000298826,0.00104551,0.00702527
208,0.40625,0.00195312,0.0395825,0.139698,0.951866,0.000298826,0.00104551,0.00702527
209,0.408203,0.00195312,0.0395825,0.139698,0.951866,0.000298826,0.00104551,0.00702527
210,0.410156,0.00195312,0.0395825,0.139698,0.951866,0.000298826,0.00104551,0.00702527
211,0.412109,0.00195312,0.0395825,0.139698,0.951866,0.000298826,0.00104551,0.00702527
212,0.414062,0.00195312,0.0395825,0.139698,0.951866,0.000298826,0.00104551,0.00702527
213,0.416016,0.00195312,0.0395825,0.139698,0.951866,0.000298826,0.00104551,0.00702527
214,0.417969,0.00195312,0.0395825,0.139698,0.951866,0.000298826,0.00104551,0.00702527
215,0.419922,0.00195312,0.0395825,0.139698,0.951866,0.000298826,0.00104551,0.00702527
216,0.421875,0.00195312,0.0395825,0.139698,0.951866,0.000298826,0.00104551,0.00702527
217,0.423828,0.00195312,0.0395825,0.139698,0.951866,0.000298826,0.00104551,0.00702527
218,0.425781,0.00195312,0.0395825,0.139698,0.951866,0.000298826,0.00104551,0.00702527
219,0.427734,0.00195312,0.0395825,0.139698,0.951866,0.000298826,0.00104551,0.00702527
220,0.429688,0.00195312,0.0395825,0.139698,0.951866,0.000298826,0.00104551,0.00702527
221,0.431641,0.00195312,0.0395825,0.139698,0.951866,0.000298826,0.00104551,0.00702527
222,0.433594,0.00195312,0.0395825,0.139698,0.951866,0.000298826,0.00104551,0.00702527
223,0.435547,0.00195312,0.0395825,0.139698,0.951866,0.000298826,0.00104551,0.00702527
224,0.4375,0.00195312,0.0395825,0.139698,0.951866,0.000298826,0.00104551,0.00702527
225,0.439453,0.00195312,0.0395825,0.139698,0.951866,0.000298826,0.00104551,0.00702527
226,0.441406,0.00195312,0.0395825,0.139698,0.951866,0.000298826,0.00104551,0.00702527
227,0.443359,0.00195312,0.0395825,0.139698,0.951866,0.000298826,0.00104551,0.00702527
228,0.445312,0.00195312,0.0395825,0.139698,0.951866,0.000298826,0.00104551,0.00702527
229,0.447266,0.00195312,0.0395825,0.139698,0.951866,0.000298826,0.00104551,0.00702527
230,0.449219,0.00195312,0.0395825,0.139698,0.951866,0.000298826,0.00104551,0.00702527
231,0.451172,0.00195312,0.0395825,0.139698,0.951866,0.000298826,0.00104551,0.00702527
232,0.453125,0.00195312,0.0395825,0.139698,0.951866,0.000298826,0.00104551,0.00702527
233,0.455078,0.00195312,0.0395825,0.139698,0.951866,0.000298826,0.00104551,0.00702527
234,0.457031,0.00195312,0.0395825,0.139698,0.951866,0.000298826,0.00104551,0.00702527
235,0.458984,0.00195312,0.0395825,0.139698,0.951866,0.000298826,0.00104551,0.00702527
236,0.460938,0.00195312,0.0395825,0.139698,0.951866,0.000298826,0.00104551,0.00702527
237,0.462891,0.00195312,0.0395825,0.139698,0.951866,0.000298826,0.00104551,0.00702527
238,0.464844,0.00195312,0.0395825,0.139698,0.951866,0.000298826,0.00104551,0.00702527
239,0.466797,0.00195312,0.0395825,0.139698,0.951866,0.000298826,0.00104551,0.00702527
240,0.46875,0.00195312,0.0395825,0.139698,0.951866,0.000298826,0.00104551,0.00702527
241,0.470703,0.00195312,0.0395825,0.139698,0.951866,0.000298826,0.00104551,0.00702527
242,0.472656,0.00195312,0.0395825,0.139698,0.951866,0.000298826,0.00104551,0.00702527
243,0.474609,0.00195312,0.0395825,0.139698,0.951866,0.000298826,0.00104551,0.00702527
244,0.476562,0.00195312,0.0395825,0.139698,0.951866,0.000298826,0.00104551,0.00702527
245,0.478516,0.00195312,0.0395825,0.139698,0.951866,0.000298826,0.00104551,0.00702527
246,0.480469,0.00195312,0.0395825,0.139698,0.951866,0.000298826,0.00104551,0.00702527
247,0.482422,0.00195312,0.0395825,0.139698,0.951866,0.000298826,0.00104551,0.00702527
248,0.484375,0.00195312,0.0395825,0.139698,0.951866,0.000298826,0.00104551,0.00702527
249,0.486328,0.00195312,0.0395825,0.139698,0.951866,0.000298826,0.00104551,0.00702527
250,0.488281,0.00195312,0.0395825,0.139698,0.951866,0.000298826,0.00104551,0.00702527
251,0.490234,0.00195312,0.0395825,0.139698,0.951866,0.000298826,0.00104551,0.00702527
252,0.492188,0.00195312,0.0395825,0.139698,0.951866,0.000298826,0.00104551,0.00702527
253,0.494141,0.00195312,0.0395825,0.139698,0.951866,0.000298826,0.00104551,0.00702527
254,0.496094,0.00195312,0.0395825,0.139698,0.951866,0.000298826,0.00104551,0.00702527
255,0.498047,0.00195312,0.0395825,0.139698,0.951866,0.000298826,0.00104551,0.00702527
256,0.5,0.00195312,0.0395825,0.139698,0.951866,0.000298826,0.00104551,0.00702527
