step,time,dt,L1_centered,L2_centered,Linf_centered,L1_norm_centered,L2_norm_centered,Linf_norm_centered,L1_fv,L2_fv,Linf_fv,L1_norm_fv,L2_norm_fv,Linf_norm_fv
0,0,0.000976562,0.0395825,0.139698,0.951866,0.000298826,0.00104551,0.00702527,0.0396506,0.140103,0.984753,0.000299321,0.00104839,0.0072322
1,0.000976562,0.000976562,0.0395555,0.139548,0.950744,0.000298633,0.00104444,0.00701943,0.0396296,0.139952,0.983777,0.000299172,0.00104731,0.0072213
2,0.00195312,0.000976562,0.0395311,0.139398,0.950317,0.00029846,0.00104336,0.00701019,0.0396089,0.139802,0.982374,0.000299025,0.00104623,0.00721053
3,0.00292969,0.000976562,0.0395153,0.139249,0.949423,0.000298349,0.00104229,0.00699755,0.0395845,0.139651,0.980553,0.000298852,0.00104514,0.00720375
4,0.00390625,0.000976562,0.0394904,0.1391,0.948058,0.000298171,0.00104121,0.00698148,0.0395616,0.139501,0.978324,0.000298689,0.00104407,0.00719395
5,0.00488281,0.000976562,0.0394623,0.138951,0.946676,0.000297971,0.00104014,0.00696758,0.0395419,0.139352,0.976,0.000298549,0.00104299,0.00718117
6,0.00585938,0.000976562,0.0394481,0.138803,0.945372,0.000297871,0.00103908,0.00696432,0.0395184,0.139202,0.975761,0.000298383,0.00104192,0.0071655
7,0.00683594,0.000976562,0.0394252,0.138655,0.943661,0.000297709,0.00103801,0.00695803,0.0394942,0.139053,0.975086,0.000298211,0.00104085,0.0071493
8,0.0078125,0.000976562,0.0393954,0.138507,0.941554,0.000297496,0.00103695,0.00694879,0.0394747,0.138905,0.973985,0.000298072,0.00103978,0.00714771
9,0.00878906,0.000976562,0.0393808,0.13836,0.94035,0.000297393,0.00103589,0.00693663,0.0394523,0.138757,0.972466,0.000297913,0.00103871,0.00714303
10,0.00976562,0.000976562,0.0393599,0.138213,0.939096,0.000297245,0.00103483,0.00692164,0.0394273,0.138609,0.970538,0.000297736,0.00103765,0.00713533
11,0.0107422,0.000976562,0.0393311,0.138066,0.937528,0.000297039,0.00103378,0.00690386,0.0394075,0.138461,0.968211,0.000297595,0.00103659,0.00712467
12,0.0117188,0.000976562,0.0393135,0.13792,0.936515,0.000296915,0.00103272,0.00689766,0.0393862,0.138314,0.965494,0.000297443,0.00103553,0.0071111
13,0.0126953,0.000976562,0.0392945,0.137774,0.935095,0.000296781,0.00103167,0.00689341,0.0393607,0.138167,0.963873,0.000297263,0.00103447,0.00709468
14,0.0136719,0.000976562,0.0392673,0.137628,0.933278,0.000296587,0.00103062,0.00688621,0.0393411,0.13802,0.963069,0.000297124,0.00103341,0.00707548
15,0.0146484,0.000976562,0.0392464,0.137482,0.931073,0.000296438,0.00102958,0.0068761,0.0393206,0.137874,0.961848,0.000296978,0.00103236,0.0070649
16,0.015625,0.000976562,0.0392291,0.137337,0.928754,0.000296316,0.00102853,0.00686315,0.0392958,0.137728,0.960219,0.000296801,0.00103131,0.00705926
17,0.0166016,0.000976562,0.0392037,0.137193,0.927457,0.000296135,0.00102749,0.00685028,0.0392747,0.137582,0.959233,0.000296651,0.00103026,0.00705066
18,0.0175781,0.000976562,0.0391798,0.137048,0.926826,0.000295965,0.00102645,0.00683984,0.0392551,0.137437,0.958168,0.000296512,0.00102922,0.00703917
19,0.0185547,0.000976562,0.0391636,0.136904,0.925746,0.000295851,0.00102541,0.00682612,0.0392313,0.137292,0.956697,0.000296343,0.00102817,0.00703153
20,0.0195312,0.000976562,0.0391401,0.13676,0.924214,0.000295683,0.00102438,0.0068091,0.0392091,0.137147,0.954829,0.000296185,0.00102713,0.00702406
21,0.0205078,0.000976562,0.0391145,0.136617,0.923331,0.000295501,0.00102335,0.00679991,0.0391892,0.137003,0.952572,0.000296043,0.00102609,0.0070137
22,0.0214844,0.000976562,0.0390982,0.136474,0.92235,0.000295385,0.00102232,0.00679722,0.0391668,0.136859,0.951094,0.000295885,0.00102506,0.00700052
23,0.0224609,0.000976562,0.0390764,0.136331,0.920974,0.000295231,0.00102129,0.0067931,0.0391433,0.136715,0.950724,0.000295717,0.00102402,0.00698456
24,0.0234375,0.000976562,0.0390505,0.136188,0.919211,0.000295046,0.00102026,0.00678611,0.0391244,0.136572,0.94994,0.000295583,0.00102299,0.00697457
25,0.0244141,0.000976562,0.0390328,0.136046,0.917103,0.00029492,0.00101924,0.00677628,0.0391027,0.136429,0.94875,0.000295428,0.00102196,0.006972
26,0.0253906,0.000976562,0.0390127,0.135904,0.915674,0.000294778,0.00101821,0.00676369,0.0390782,0.136286,0.947163,0.000295254,0.00102093,0.00696649
27,0.0263672,0.000976562,0.0389873,0.135763,0.914399,0.000294597,0.00101719,0.00674839,0.0390592,0.136144,0.945186,0.00029512,0.00101991,0.0069581
28,0.0273438,0.000976562,0.0389677,0.135621,0.913688,0.000294457,0.00101618,0.00673215,0.0390389,0.136002,0.94283,0.000294975,0.00101888,0.00694687
29,0.0283203,0.000976562,0.038949,0.13548,0.912582,0.000294325,0.00101516,0.00672993,0.0390139,0.13586,0.940103,0.000294797,0.00101786,0.00693288
30,0.0292969,0.000976562,0.0389246,0.13534,0.91109,0.000294151,0.00101415,0.00672483,0.0389946,0.135719,0.939298,0.00029466,0.00101684,0.00691618
31,0.0302734,0.000976562,0.0389032,0.1352,0.909221,0.000293998,0.00101314,0.00671692,0.0389745,0.135577,0.938385,0.000294517,0.00101583,0.00689682
32,0.03125,0.000976562,0.0388853,0.135059,0.906982,0.000293871,0.00101213,0.00670624,0.0389507,0.135437,0.937076,0.000294348,0.00101481,0.00689221
33,0.0322266,0.000976562,0.0388622,0.13492,0.905088,0.000293707,0.00101112,0.00669285,0.0389302,0.135296,0.935544,0.000294201,0.0010138,0.00688574
34,0.0332031,0.000976562,0.0388395,0.13478,0.90423,0.000293545,0.00101012,0.0066768,0.038911,0.135156,0.934791,0.000294065,0.00101279,0.00687645
35,0.0341797,0.000976562,0.0388216,0.134641,0.902981,0.000293418,0.00100911,0.00666415,0.0388879,0.135016,0.933643,0.000293901,0.00101178,0.00686506
36,0.0351562,0.000976562,0.0387998,0.134502,0.901296,0.000293263,0.00100811,0.00665196,0.0388661,0.134876,0.932108,0.000293745,0.00101077,0.00685974
37,0.0361328,0.000976562,0.0387766,0.134364,0.90079,0.000293098,0.00100712,0.00664257,0.0388474,0.134737,0.930195,0.000293612,0.00100977,0.00685162
38,0.0371094,0.000976562,0.0387581,0.134226,0.900108,0.000292966,0.00100612,0.00663602,0.0388257,0.134598,0.927911,0.000293458,0.00100877,0.00684074
39,0.0380859,0.000976562,0.0387376,0.134088,0.899041,0.00029282,0.00100513,0.00663365,0.0388025,0.134459,0.927224,0.000293293,0.00100777,0.00682716
40,0.0390625,0.000976562,0.0387144,0.13395,0.897597,0.000292655,0.00100413,0.00662873,0.0387839,0.134321,0.926733,0.00029316,0.00100677,0.00681094
41,0.0400391,0.000976562,0.0386949,0.133813,0.895785,0.000292516,0.00100314,0.00662106,0.0387631,0.134183,0.925846,0.000293012,0.00100578,0.00680677
42,0.0410156,0.000976562,0.0386754,0.133676,0.893614,0.000292377,0.00100216,0.0066107,0.0387393,0.134045,0.924573,0.000292843,0.00100478,0.00680328
43,0.0419922,0.000976562,0.0386527,0.133539,0.892078,0.000292216,0.00100117,0.00659769,0.038721,0.133907,0.922921,0.000292712,0.00100379,0.00679698
44,0.0429688,0.000976562,0.0386323,0.133403,0.891646,0.00029207,0.00100019,0.0065821,0.0387009,0.13377,0.920899,0.000292569,0.0010028,0.00678794
45,0.0439453,0.000976562,0.0386132,0.133267,0.890831,0.000291934,0.000999205,0.00657196,0.0386768,0.133633,0.918515,0.000292398,0.00100181,0.0067762
46,0.0449219,0.000976562,0.0385913,0.133131,0.889639,0.000291779,0.000998225,0.00656881,0.0386579,0.133497,0.916364,0.000292263,0.00100083,0.00676181
47,0.0458984,0.000976562,0.0385701,0.132995,0.88808,0.000291628,0.000997247,0.00656291,0.0386387,0.13336,0.915735,0.000292127,0.000999846,0.00674484
48,0.046875,0.000976562,0.0385512,0.13286,0.886161,0.000291493,0.000996272,0.00655433,0.0386153,0.133224,0.914721,0.00029196,0.000998864,0.00673081
49,0.0478516,0.000976562,0.0385301,0.132725,0.883891,0.000291342,0.000995298,0.00654311,0.0385953,0.133089,0.913329,0.000291817,0.000997885,0.0067263
50,0.0488281,0.000976562,0.0385086,0.132591,0.88248,0.00029119,0.000994327,0.0065293,0.0385766,0.132953,0.91221,0.000291683,0.000996909,0.00671906
51,0.0498047,0.000976562,0.0384894,0.132456,0.881077,0.000291053,0.000993357,0.00651325,0.0385544,0.132818,0.91136,0.000291525,0.000995934,0.00670912
52,0.0507812,0.000976562,0.0384691,0.132322,0.879616,0.000290908,0.00099239,0.00650325,0.038533,0.132683,0.910133,0.000291373,0.000994961,0.0067008
53,0.0517578,0.000976562,0.0384475,0.132188,0.879024,0.000290755,0.000991424,0.00649067,0.0385151,0.132549,0.908538,0.000291245,0.00099399,0.00669474
54,0.0527344,0.000976562,0.038428,0.132055,0.878616,0.000290615,0.000990461,0.00648356,0.0384936,0.132414,0.906582,0.000291092,0.000993021,0.006686
55,0.0537109,0.000976562,0.0384082,0.131922,0.877834,0.000290474,0.000989499,0.00647947,0.0384713,0.13228,0.90455,0.000290933,0.000992054,0.00667463
56,0.0546875,0.000976562,0.038387,0.131789,0.876686,0.000290323,0.00098854,0.00647647,0.0384532,0.132147,0.904327,0.000290804,0.000991089,0.00666068
57,0.0556641,0.000976562,0.038367,0.131656,0.875178,0.00029018,0.000987582,0.00647079,0.0384329,0.132013,0.903721,0.00029066,0.000990126,0.00664711
58,0.0566406,0.000976562,0.0383475,0.131524,0.87332,0.000290041,0.000986627,0.00646249,0.0384098,0.13188,0.902738,0.000290494,0.000989166,0.00664548
59,0.0576172,0.000976562,0.0383267,0.131392,0.87112,0.000289893,0.000985673,0.00645161,0.0383918,0.131747,0.901387,0.000290367,0.000988207,0.00664113
60,0.0585938,0.000976562,0.0383064,0.13126,0.870358,0.000289748,0.000984721,0.00643822,0.0383721,0.131615,0.899675,0.000290226,0.00098725,0.0066341
61,0.0595703,0.000976562,0.038287,0.131128,0.86981,0.00028961,0.000983772,0.00642235,0.0383489,0.131483,0.89761,0.00029006,0.000986295,0.00662444
62,0.0605469,0.000976562,0.0382667,0.130997,0.868897,0.000289465,0.000982824,0.00641792,0.0383307,0.131351,0.895201,0.000289931,0.000985342,0.00661221
63,0.0615234,0.000976562,0.0382462,0.130866,0.867625,0.000289319,0.000981878,0.0064139,0.0383121,0.131219,0.893866,0.000289798,0.000984391,0.00659746
64,0.0625,0.000976562,0.0382268,0.130735,0.866003,0.00028918,0.000980934,0.00640726,0.038289,0.131087,0.893124,0.000289633,0.000983442,0.00658024
65,0.0634766,0.000976562,0.0382068,0.130605,0.864038,0.000289038,0.000979992,0.00639805,0.0382701,0.130956,0.892015,0.000289498,0.000982494,0.00657214
66,0.0644531,0.000976562,0.0381864,0.130475,0.862079,0.000288893,0.000979052,0.00638632,0.0382514,0.130825,0.890546,0.000289365,0.000981549,0.00656678
67,0.0654297,0.000976562,0.0381669,0.130345,0.860632,0.000288753,0.000978114,0.00637213,0.0382298,0.130695,0.889819,0.000289211,0.000980606,0.00655881
68,0.0664062,0.000976562,0.0381473,0.130215,0.85913,0.000288613,0.000977178,0.00635908,0.0382093,0.130564,0.888878,0.000289064,0.000979665,0.00654828
69,0.0673828,0.000976562,0.038127,0.130086,0.858089,0.000288469,0.000976244,0.00634859,0.0381915,0.130434,0.887577,0.000288938,0.000978725,0.00654287
70,0.0683594,0.000976562,0.0381073,0.129957,0.857845,0.000288328,0.000975311,0.00633822,0.0381705,0.130305,0.885926,0.000288788,0.000977788,0.00653611
71,0.0693359,0.000976562,0.0380879,0.129828,0.857326,0.00028819,0.000974381,0.00633063,0.038149,0.130175,0.88393,0.000288634,0.000976852,0.00652679
72,0.0703125,0.000976562,0.0380679,0.1297,0.856451,0.000288047,0.000973452,0.00632912,0.0381316,0.130046,0.882692,0.00028851,0.000975918,0.00651496
73,0.0712891,0.000976562,0.0380481,0.129572,0.855227,0.000287906,0.000972525,0.00632529,0.0381118,0.129917,0.882343,0.000288369,0.000974986,0.00650066
74,0.0722656,0.000976562,0.0380288,0.129444,0.85366,0.000287768,0.0009716,0.0063189,0.0380893,0.129788,0.881629,0.000288208,0.000974056,0.00649289
75,0.0732422,0.000976562,0.038009,0.129316,0.851758,0.000287627,0.000970677,0.00631001,0.0380719,0.12966,0.880556,0.000288084,0.000973128,0.00649033
76,0.0742188,0.000976562,0.0379893,0.129188,0.849792,0.000287486,0.000969756,0.00629865,0.0380526,0.129532,0.879132,0.000287946,0.000972202,0.00648517
77,0.0751953,0.000976562,0.03797,0.129061,0.849492,0.000287348,0.000968837,0.00628489,0.0380301,0.129404,0.877365,0.000287786,0.000971278,0.00647745
78,0.0761719,0.000976562,0.0379505,0.128934,0.848836,0.000287209,0.000967919,0.00627197,0.0380124,0.129276,0.875261,0.000287659,0.000970355,0.00646722
79,0.0771484,0.000976562,0.0379308,0.128808,0.847831,0.000287069,0.000967004,0.00626968,0.0379939,0.129149,0.872828,0.000287527,0.000969435,0.00645453
80,0.078125,0.000976562,0.0379115,0.128681,0.846484,0.000286931,0.00096609,0.00626484,0.0379714,0.129022,0.872255,0.000287367,0.000968516,0.00643944
81,0.0791016,0.000976562,0.0378921,0.128555,0.844803,0.000286792,0.000965178,0.0062575,0.0379531,0.128895,0.871407,0.000287236,0.000967599,0.00642304
82,0.0800781,0.000976562,0.0378726,0.128429,0.842796,0.000286653,0.000964268,0.00624771,0.0379354,0.128768,0.870209,0.00028711,0.000966684,0.00641943
83,0.0810547,0.000976562,0.0378533,0.128304,0.841231,0.000286515,0.000963359,0.00623551,0.0379139,0.128642,0.868992,0.000286956,0.000965771,0.00641329
84,0.0820312,0.000976562,0.0378341,0.128178,0.839727,0.000286378,0.000962453,0.00622096,0.0378944,0.128516,0.868315,0.000286817,0.00096486,0.00640464
85,0.0830078,0.000976562,0.0378147,0.128053,0.838534,0.00028624,0.000961548,0.00621077,0.0378766,0.12839,0.867288,0.00028669,0.00096395,0.00639583
86,0.0839844,0.000976562,0.0377954,0.127928,0.837766,0.000286102,0.000960645,0.00619983,0.0378563,0.128265,0.865918,0.000286544,0.000963042,0.0063909
87,0.0849609,0.000976562,0.0377763,0.127804,0.837491,0.000285965,0.000959744,0.0061917,0.0378358,0.128139,0.864213,0.000286398,0.000962136,0.00638349
88,0.0859375,0.000976562,0.0377571,0.127679,0.836869,0.000285828,0.000958845,0.00618651,0.0378187,0.128014,0.86218,0.000286276,0.000961232,0.00637362
89,0.0869141,0.000976562,0.0377379,0.127555,0.835906,0.000285691,0.000957947,0.00618439,0.0377988,0.12789,0.861684,0.000286133,0.00096033,0.00636136
90,0.0878906,0.000976562,0.0377188,0.127432,0.83461,0.000285554,0.000957051,0.00617977,0.0377775,0.127765,0.861218,0.000285981,0.000959429,0.00634674
91,0.0888672,0.000976562,0.0376997,0.127308,0.832988,0.000285418,0.000956157,0.00617272,0.0377604,0.127641,0.860403,0.000285859,0.00095853,0.0063444
92,0.0898438,0.000976562,0.0376806,0.127185,0.831046,0.000285281,0.000955265,0.00616327,0.0377417,0.127517,0.859246,0.000285726,0.000957633,0.00634096
93,0.0908203,0.000976562,0.0376615,0.127062,0.829848,0.000285145,0.000954375,0.00615147,0.0377197,0.127393,0.857754,0.000285568,0.000956738,0.00633504
94,0.0917969,0.000976562,0.0376426,0.126939,0.82943,0.000285009,0.000953486,0.00613737,0.0377027,0.12727,0.855934,0.000285447,0.000955845,0.00632668
95,0.0927734,0.000976562,0.0376236,0.126816,0.828672,0.000284874,0.000952599,0.00613008,0.0376841,0.127146,0.853794,0.000285313,0.000954953,0.00631591
96,0.09375,0.000976562,0.0376047,0.126694,0.827581,0.000284738,0.000951714,0.00612691,0.0376625,0.127023,0.852083,0.000285159,0.000954063,0.0063028
97,0.0947266,0.000976562,0.0375858,0.126572,0.826165,0.000284603,0.00095083,0.0061213,0.037645,0.126901,0.851477,0.000285034,0.000953175,0.00628739
98,0.0957031,0.000976562,0.0375669,0.12645,0.824429,0.000284469,0.000949949,0.00611331,0.0376275,0.126778,0.850531,0.000284909,0.000952289,0.00627682
99,0.0966797,0.000976562,0.037548,0.126329,0.822433,0.000284334,0.000949069,0.00610297,0.0376059,0.126656,0.849251,0.000284754,0.000951404,0.00627236
100,0.0976562,0.000976562,0.0375293,0.126207,0.821194,0.000284199,0.00094819,0.00609034,0.0375877,0.126534,0.848418,0.000284625,0.000950521,0.00626547
101,0.0986328,0.000976562,0.0375105,0.126086,0.819636,0.000284065,0.000947314,0.00607707,0.0375704,0.126412,0.847644,0.000284501,0.00094964,0.00625619
102,0.0996094,0.000976562,0.0374916,0.125965,0.818725,0.00028393,0.000946439,0.00606799,0.0375503,0.126291,0.846537,0.000284357,0.00094876,0.00625022
103,0.100586,0.000976562,0.037473,0.125845,0.818302,0.000283797,0.000945566,0.00605711,0.0375306,0.12617,0.845102,0.000284216,0.000947883,0.00624457
104,0.101562,0.000976562,0.0374543,0.125724,0.817914,0.000283663,0.000944694,0.00605054,0.0375137,0.126049,0.843348,0.000284095,0.000947007,0.00623654
105,0.102539,0.000976562,0.0374355,0.125604,0.817195,0.000283529,0.000943825,0.00604791,0.037494,0.125928,0.841714,0.000283954,0.000946132,0.00622616
106,0.103516,0.000976562,0.0374169,0.125484,0.81615,0.000283396,0.000942956,0.00604495,0.0374739,0.125807,0.841478,0.00028381,0.00094526,0.0062135
107,0.104492,0.000976562,0.0373983,0.125365,0.814787,0.000283263,0.00094209,0.0060396,0.0374572,0.125687,0.840902,0.000283691,0.000944389,0.00620315
108,0.105469,0.000976562,0.0373797,0.125245,0.813113,0.00028313,0.000941225,0.00603192,0.0374386,0.125567,0.839993,0.000283558,0.00094352,0.00620131
109,0.106445,0.000976562,0.0373613,0.125126,0.811134,0.000282997,0.000940362,0.00602195,0.0374173,0.125447,0.838757,0.000283405,0.000942652,0.00619706
110,0.107422,0.000976562,0.0373428,0.125007,0.810654,0.000282865,0.000939501,0.00600973,0.0374009,0.125328,0.837202,0.000283288,0.000941786,0.00619042
111,0.108398,0.000976562,0.0373242,0.124889,0.810125,0.000282732,0.000938641,0.00599532,0.0373827,0.125208,0.835333,0.000283158,0.000940922,0.00618145
112,0.109375,0.000976562,0.0373058,0.12477,0.809272,0.000282601,0.000937783,0.00599329,0.0373617,0.125089,0.833159,0.000283007,0.00094006,0.00617019
113,0.110352,0.000976562,0.0372875,0.124652,0.808102,0.000282469,0.000936927,0.0059893,0.0373447,0.124971,0.832199,0.000282886,0.000939199,0.00615669
114,0.111328,0.000976562,0.037269,0.124534,0.80662,0.000282338,0.000936072,0.00598298,0.0373273,0.124852,0.831486,0.000282761,0.00093834,0.00614098
115,0.112305,0.000976562,0.0372506,0.124416,0.804834,0.000282206,0.000935219,0.00597437,0.0373061,0.124734,0.830448,0.000282609,0.000937482,0.00613586
116,0.113281,0.000976562,0.0372323,0.124299,0.803222,0.000282075,0.000934368,0.00596353,0.0372891,0.124615,0.829163,0.000282487,0.000936627,0.0061306
117,0.114258,0.000976562,0.0372141,0.124182,0.801919,0.000281944,0.000933518,0.00595049,0.037272,0.124498,0.828624,0.000282366,0.000935772,0.00612301
118,0.115234,0.000976562,0.0371957,0.124065,0.800639,0.000281813,0.00093267,0.00594001,0.0372518,0.12438,0.82776,0.00028222,0.00093492,0.00611389
119,0.116211,0.000976562,0.0371774,0.123948,0.799735,0.000281682,0.000931824,0.00593044,0.0372335,0.124263,0.826577,0.00028209,0.000934069,0.00610989
120,0.117188,0.000976562,0.0371592,0.123831,0.799564,0.000281551,0.000930979,0.00592172,0.0372166,0.124145,0.825082,0.000281969,0.00093322,0.00610356
121,0.118164,0.000976562,0.0371411,0.123715,0.799071,0.000281422,0.000930135,0.00591571,0.0371973,0.124028,0.823281,0.00028183,0.000932372,0.00609494
122,0.119141,0.000976562,0.0371229,0.123599,0.79826,0.000281291,0.000929294,0.00591427,0.0371783,0.123912,0.822381,0.000281694,0.000931526,0.00608409
123,0.120117,0.000976562,0.0371047,0.123483,0.797138,0.000281161,0.000928454,0.00591051,0.0371618,0.123795,0.822027,0.000281576,0.000930682,0.00607105
124,0.121094,0.000976562,0.0370866,0.123367,0.795713,0.000281031,0.000927615,0.00590448,0.037143,0.123679,0.821348,0.000281441,0.000929839,0.00606604
125,0.12207,0.000976562,0.0370686,0.123252,0.79399,0.000280902,0.000926778,0.00589621,0.0371231,0.123563,0.820351,0.000281299,0.000928998,0.00606334
126,0.123047,0.000976562,0.0370505,0.123137,0.792483,0.000280773,0.000925943,0.00588575,0.037107,0.123447,0.819042,0.000281183,0.000928158,0.00605831
127,0.124023,0.000976562,0.0370324,0.123022,0.792167,0.000280643,0.000925109,0.00587315,0.037089,0.123332,0.817427,0.000281055,0.000927321,0.00605101
128,0.125,0.000976562,0.0370144,0.122907,0.791535,0.000280514,0.000924277,0.00586383,0.0370686,0.123216,0.815514,0.000280908,0.000926484,0.00604148
129,0.125977,0.000976562,0.0369966,0.122793,0.790593,0.000280386,0.000923447,0.00586134,0.0370524,0.123101,0.813547,0.000280792,0.000925649,0.00602975
130,0.126953,0.000976562,0.0369786,0.122678,0.789348,0.000280258,0.000922618,0.00585658,0.0370345,0.122986,0.81305,0.000280664,0.000924816,0.00601588
131,0.12793,0.000976562,0.0369607,0.122564,0.787806,0.000280129,0.000921791,0.00584959,0.0370143,0.122872,0.812237,0.000280519,0.000923985,0.00600363
132,0.128906,0.000976562,0.0369428,0.122451,0.785973,0.000280001,0.000920965,0.00584041,0.0369978,0.122757,0.811114,0.000280401,0.000923155,0.00599988
133,0.129883,0.000976562,0.036925,0.122337,0.784727,0.000279873,0.000920141,0.00582909,0.0369811,0.122643,0.810204,0.000280282,0.000922326,0.00599387
134,0.130859,0.000976562,0.0369072,0.122224,0.783364,0.000279746,0.000919318,0.00581575,0.0369607,0.122529,0.809566,0.000280135,0.0009215,0.00598564
135,0.131836,0.000976562,0.0368893,0.12211,0.782357,0.000279617,0.000918497,0.00580785,0.0369439,0.122415,0.808617,0.000280015,0.000920674,0.00597929
136,0.132812,0.000976562,0.0368716,0.121997,0.781796,0.000279491,0.000917677,0.00579781,0.0369272,0.122302,0.807364,0.000279895,0.000919851,0.00597454
137,0.133789,0.000976562,0.0368539,0.121885,0.781512,0.000279363,0.000916859,0.00579108,0.0369079,0.122188,0.805812,0.000279757,0.000919028,0.00596757
138,0.134766,0.000976562,0.0368362,0.121772,0.780918,0.000279237,0.000916043,0.00578759,0.0368899,0.122075,0.803968,0.000279627,0.000918208,0.00595842
139,0.135742,0.000976562,0.0368183,0.12166,0.780022,0.000279108,0.000915228,0.00578531,0.0368736,0.121962,0.803754,0.000279511,0.000917389,0.00594712
140,0.136719,0.000976562,0.0368009,0.121548,0.778829,0.000278983,0.000914414,0.00578081,0.0368547,0.12185,0.803289,0.000279375,0.000916571,0.00593499
141,0.137695,0.000976562,0.0367832,0.121436,0.777345,0.000278857,0.000913602,0.00577413,0.0368363,0.121737,0.802514,0.000279243,0.000915755,0.00593372
142,0.138672,0.000976562,0.0367656,0.121324,0.775577,0.000278731,0.000912792,0.00576532,0.0368203,0.121625,0.801434,0.000279128,0.000914941,0.0059302
143,0.139648,0.000976562,0.0367479,0.121213,0.774775,0.000278604,0.000911983,0.0057544,0.0368024,0.121513,0.800057,0.000279,0.000914128,0.00592445
144,0.140625,0.000976562,0.0367305,0.121102,0.774348,0.000278479,0.000911176,0.00574143,0.0367828,0.121401,0.798388,0.000278859,0.000913316,0.00591653
145,0.141602,0.000976562,0.036713,0.120991,0.773619,0.000278353,0.00091037,0.00573727,0.0367672,0.12129,0.796434,0.000278747,0.000912506,0.00590647
146,0.142578,0.000976562,0.0366954,0.12088,0.772595,0.000278227,0.000909566,0.00573396,0.0367494,0.121178,0.7952,0.00027862,0.000911698,0.00589431
147,0.143555,0.000976562,0.036678,0.120769,0.77128,0.000278102,0.000908763,0.00572848,0.0367301,0.121067,0.794596,0.000278481,0.000910891,0.0058801
148,0.144531,0.000976562,0.0366605,0.120659,0.769682,0.000277977,0.000907961,0.00572086,0.0367139,0.120956,0.793689,0.000278365,0.000910086,0.00587316
149,0.145508,0.000976562,0.0366432,0.120549,0.768045,0.000277853,0.000907161,0.00571115,0.0366972,0.120846,0.792486,0.000278245,0.000909282,0.00586861
150,0.146484,0.000976562,0.0366256,0.120439,0.766909,0.000277726,0.000906363,0.00569939,0.0366772,0.120735,0.791933,0.000278101,0.00090848,0.00586191
151,0.147461,0.000976562,0.0366085,0.120329,0.765591,0.000277603,0.000905566,0.00568877,0.0366613,0.120625,0.791203,0.000277988,0.000907679,0.00585307
152,0.148438,0.000976562,0.036591,0.12022,0.764732,0.000277478,0.000904771,0.00568034,0.0366447,0.120515,0.790174,0.000277869,0.000906879,0.00584936
153,0.149414,0.000976562,0.0365738,0.12011,0.764497,0.000277354,0.000903977,0.00567138,0.0366255,0.120405,0.788855,0.00027773,0.000906082,0.00584392
154,0.150391,0.000976562,0.0365565,0.120001,0.764106,0.00027723,0.000903184,0.00566493,0.0366088,0.120295,0.78725,0.00027761,0.000905285,0.00583635
155,0.151367,0.000976562,0.0365392,0.119892,0.763419,0.000277106,0.000902393,0.00566386,0.0365926,0.120186,0.786061,0.000277494,0.00090449,0.00582668
156,0.152344,0.000976562,0.0365221,0.119784,0.762443,0.000276983,0.000901604,0.00566079,0.0365736,0.120076,0.785794,0.000277358,0.000903697,0.00581497
157,0.15332,0.000976562,0.0365047,0.119675,0.761183,0.000276858,0.000900816,0.00565559,0.0365566,0.119967,0.785225,0.000277236,0.000902905,0.00580806
158,0.154297,0.000976562,0.0364877,0.119567,0.759645,0.000276736,0.000900029,0.00564831,0.0365406,0.119859,0.78436,0.000277121,0.000902114,0.00580593
159,0.155273,0.000976562,0.0364704,0.119459,0.757928,0.000276612,0.000899244,0.00563898,0.0365225,0.11975,0.783204,0.000276991,0.000901325,0.00580164
160,0.15625,0.000976562,0.0364534,0.119351,0.757692,0.00027649,0.00089846,0.00562764,0.0365043,0.119642,0.781763,0.00027686,0.000900537,0.00579522
161,0.157227,0.000976562,0.0364363,0.119243,0.757161,0.000276367,0.000897678,0.00561696,0.0364888,0.119533,0.780043,0.00027675,0.000899751,0.00578671
162,0.158203,0.000976562,0.0364192,0.119136,0.756342,0.000276245,0.000896897,0.005615,0.0364713,0.119425,0.778051,0.000276623,0.000898966,0.00577616
163,0.15918,0.000976562,0.0364022,0.119029,0.75524,0.000276123,0.000896117,0.00561092,0.0364529,0.119318,0.777502,0.000276491,0.000898183,0.0057636
164,0.160156,0.000976562,0.036385,0.118921,0.753861,0.000275999,0.000895339,0.00560476,0.0364372,0.11921,0.776798,0.000276378,0.000897401,0.00575028
165,0.161133,0.000976562,0.0363682,0.118815,0.752211,0.000275878,0.000894562,0.00559655,0.0364199,0.119103,0.775805,0.000276254,0.000896621,0.0057471
166,0.162109,0.000976562,0.0363511,0.118708,0.750931,0.000275755,0.000893787,0.00558635,0.0364012,0.118995,0.774842,0.00027612,0.000895842,0.00574182
167,0.163086,0.000976562,0.0363343,0.118602,0.74973,0.000275635,0.000893013,0.00557418,0.0363858,0.118888,0.774314,0.000276009,0.000895064,0.00573446
168,0.164062,0.000976562,0.0363173,0.118495,0.748674,0.000275513,0.000892241,0.00556615,0.0363693,0.118782,0.773496,0.000275891,0.000894288,0.00572787
169,0.165039,0.000976562,0.0363005,0.118389,0.748008,0.000275392,0.00089147,0.00555723,0.0363502,0.118675,0.772394,0.000275753,0.000893513,0.00572386
170,0.166016,0.000976562,0.0362836,0.118283,0.747804,0.000275271,0.000890701,0.00555015,0.0363346,0.118569,0.771013,0.000275641,0.00089274,0.00571777
171,0.166992,0.000976562,0.0362666,0.118178,0.747313,0.000275149,0.000889932,0.00554602,0.0363182,0.118462,0.76936,0.000275524,0.000891968,0.00570963
172,0.167969,0.000976562,0.0362499,0.118072,0.746539,0.000275029,0.000889166,0.00554428,0.0362996,0.118356,0.768843,0.00027539,0.000891198,0.0056995
173,0.168945,0.000976562,0.036233,0.117967,0.745488,0.000274907,0.0008884,0.00554047,0.0362836,0.118251,0.768466,0.000275275,0.000890429,0.00568739
174,0.169922,0.000976562,0.0362164,0.117862,0.744165,0.000274788,0.000887636,0.00553462,0.0362677,0.118145,0.7678,0.000275161,0.000889661,0.00568538
175,0.170898,0.000976562,0.0361997,0.117757,0.742577,0.000274667,0.000886874,0.00552677,0.0362491,0.11804,0.76685,0.000275027,0.000888894,0.00568243
176,0.171875,0.000976562,0.036183,0.117652,0.741546,0.000274547,0.000886112,0.00551696,0.0362326,0.117934,0.765623,0.000274909,0.00088813,0.00567742
177,0.172852,0.000976562,0.0361663,0.117548,0.7412,0.000274427,0.000885352,0.00550523,0.0362172,0.11783,0.764123,0.000274798,0.000887366,0.00567037
178,0.173828,0.000976562,0.0361494,0.117444,0.740573,0.000274306,0.000884594,0.00549956,0.0361996,0.117725,0.762356,0.000274671,0.000886604,0.00566132
179,0.174805,0.000976562,0.0361329,0.11734,0.73967,0.000274188,0.000883837,0.00549679,0.0361822,0.11762,0.760936,0.000274546,0.000885843,0.00565031
180,0.175781,0.000976562,0.0361162,0.117236,0.738496,0.000274067,0.000883081,0.00549199,0.0361669,0.117516,0.760421,0.000274436,0.000885084,0.00563738
181,0.176758,0.000976562,0.0360998,0.117132,0.737057,0.000273949,0.000882327,0.00548519,0.0361494,0.117411,0.759623,0.00027431,0.000884326,0.0056292
182,0.177734,0.000976562,0.0360832,0.117029,0.735413,0.00027383,0.000881573,0.00547645,0.0361321,0.117307,0.758548,0.000274186,0.000883569,0.00562525
183,0.178711,0.000976562,0.0360667,0.116925,0.734418,0.000273711,0.000880822,0.00546578,0.0361166,0.117204,0.757934,0.000274075,0.000882814,0.00561926
184,0.179688,0.000976562,0.0360502,0.116822,0.733156,0.000273593,0.000880071,0.00545514,0.0361001,0.1171,0.757312,0.000273956,0.00088206,0.00561129
185,0.180664,0.000976562,0.0360335,0.116719,0.732339,0.000273473,0.000879322,0.00544767,0.0360817,0.116997,0.756413,0.000273824,0.000881307,0.00560727
186,0.181641,0.000976562,0.0360171,0.116616,0.731995,0.000273355,0.000878575,0.0054387,0.0360668,0.116893,0.755241,0.000273716,0.000880556,0.00560256
187,0.182617,0.000976562,0.0360005,0.116514,0.731685,0.000273236,0.000877828,0.00543293,0.0360504,0.11679,0.753803,0.000273598,0.000879806,0.00559586
188,0.183594,0.000976562,0.0359843,0.116412,0.7311,0.000273119,0.000877083,0.00543117,0.0360324,0.116687,0.752414,0.000273469,0.000879057,0.0055872
189,0.18457,0.000976562,0.035968,0.116309,0.730244,0.000273001,0.00087634,0.00542865,0.0360168,0.116585,0.752216,0.000273357,0.00087831,0.00557662
190,0.185547,0.000976562,0.0359515,0.116207,0.729123,0.000272883,0.000875597,0.00542414,0.036001,0.116482,0.751736,0.000273243,0.000877564,0.0055684
191,0.186523,0.000976562,0.0359353,0.116106,0.727743,0.000272766,0.000874856,0.00541768,0.0359825,0.11638,0.750979,0.00027311,0.000876819,0.00556672
192,0.1875,0.000976562,0.0359187,0.116004,0.726108,0.000272647,0.000874116,0.00540931,0.0359675,0.116278,0.749951,0.000273002,0.000876076,0.00556302
193,0.188477,0.000976562,0.0359025,0.115903,0.725718,0.000272531,0.000873378,0.00539905,0.0359517,0.116176,0.748657,0.000272889,0.000875334,0.00555733
194,0.189453,0.000976562,0.0358861,0.115801,0.72527,0.000272412,0.000872641,0.00538752,0.0359341,0.116074,0.747102,0.000272761,0.000874594,0.00554969
195,0.19043,0.000976562,0.0358699,0.1157,0.724552,0.000272296,0.000871905,0.00538597,0.035918,0.115973,0.745292,0.000272645,0.000873854,0.00554013
196,0.191406,0.000976562,0.0358539,0.115599,0.72357,0.00027218,0.000871171,0.00538244,0.0359027,0.115871,0.744538,0.000272536,0.000873116,0.0055287
197,0.192383,0.000976562,0.0358376,0.115499,0.722329,0.000272063,0.000870437,0.00537696,0.0358852,0.11577,0.743922,0.000272409,0.00087238,0.00551542
198,0.193359,0.000976562,0.0358215,0.115398,0.720834,0.000271948,0.000869706,0.00536958,0.0358692,0.115669,0.743037,0.000272295,0.000871644,0.00551206
199,0.194336,0.000976562,0.0358053,0.115298,0.719538,0.000271831,0.000868975,0.00536032,0.0358537,0.115568,0.742043,0.000272183,0.00087091,0.00550737
200,0.195312,0.000976562,0.0357891,0.115198,0.718474,0.000271714,0.000868246,0.00534923,0.035837,0.115468,0.741604,0.000272063,0.000870178,0.00550074
201,0.196289,0.000976562,0.0357729,0.115098,0.717402,0.000271597,0.000867518,0.0053411,0.0358199,0.115367,0.740894,0.000271939,0.000869446,0.00549404
202,0.197266,0.000976562,0.0357567,0.114998,0.71666,0.000271481,0.000866791,0.00533312,0.0358052,0.115267,0.739918,0.000271834,0.000868716,0.00549063
203,0.198242,0.000976562,0.0357409,0.114898,0.71652,0.000271367,0.000866065,0.00532594,0.0357886,0.115167,0.738682,0.000271714,0.000867987,0.00548526
204,0.199219,0.000976562,0.0357249,0.114799,0.71611,0.000271252,0.000865341,0.00532134,0.0357716,0.115067,0.737191,0.000271592,0.00086726,0.00547799
205,0.200195,0.000976562,0.0357089,0.1147,0.715437,0.000271137,0.000864618,0.00532003,0.0357565,0.114967,0.736456,0.000271483,0.000866533,0.00546883
206,0.201172,0.000976562,0.0356929,0.114601,0.714505,0.000271022,0.000863897,0.00531677,0.0357403,0.114868,0.736149,0.000271367,0.000865808,0.00545784
207,0.202148,0.000976562,0.0356768,0.114502,0.713319,0.000270906,0.000863176,0.00531161,0.035723,0.114768,0.735573,0.000271241,0.000865084,0.00545437
208,0.203125,0.000976562,0.0356608,0.114403,0.711884,0.000270791,0.000862457,0.00530458,0.0357083,0.114669,0.734731,0.000271136,0.000864362,0.0054519
209,0.204102,0.000976562,0.0356448,0.114305,0.710698,0.000270675,0.000861739,0.0052957,0.0356925,0.11457,0.73363,0.000271023,0.000863641,0.00544748
210,0.205078,0.000976562,0.0356289,0.114206,0.710417,0.000270561,0.000861022,0.00528503,0.0356751,0.114471,0.732274,0.000270897,0.000862921,0.00544116
211,0.206055,0.000976562,0.0356132,0.114108,0.709872,0.000270448,0.000860307,0.00527834,0.03566,0.114373,0.730668,0.000270789,0.000862202,0.00543297
212,0.207031,0.000976562,0.0355974,0.11401,0.70907,0.000270334,0.000859593,0.005276,0.0356447,0.114274,0.729131,0.000270678,0.000861485,0.00542294
213,0.208008,0.000976562,0.0355816,0.113912,0.708015,0.00027022,0.00085888,0.00527176,0.0356273,0.114176,0.728686,0.000270552,0.000860768,0.00541111
214,0.208984,0.000976562,0.0355657,0.113815,0.706711,0.000270105,0.000858168,0.00526566,0.0356122,0.114078,0.727978,0.000270444,0.000860053,0.00540216
215,0.209961,0.000976562,0.0355499,0.113717,0.705165,0.000269991,0.000857458,0.00525772,0.0355969,0.11398,0.727011,0.000270334,0.00085934,0.00539867
216,0.210938,0.000976562,0.035534,0.11362,0.704199,0.000269877,0.000856749,0.00524799,0.0355797,0.113882,0.726356,0.000270209,0.000858627,0.00539329
217,0.211914,0.000976562,0.0355182,0.113523,0.703072,0.000269763,0.000856041,0.00523744,0.0355642,0.113784,0.725823,0.000270098,0.000857916,0.00538605
218,0.212891,0.000976562,0.0355025,0.113426,0.702226,0.00026965,0.000855334,0.00523077,0.0355495,0.113687,0.725031,0.000269992,0.000857206,0.00538184
219,0.213867,0.000976562,0.0354869,0.113329,0.7018,0.000269538,0.000854629,0.00522231,0.035533,0.11359,0.723984,0.000269873,0.000856497,0.00537773
220,0.214844,0.000976562,0.0354713,0.113232,0.701555,0.000269425,0.000853924,0.00521676,0.0355168,0.113493,0.722687,0.000269757,0.00085579,0.00537176
221,0.21582,0.000976562,0.0354557,0.113136,0.701052,0.000269313,0.000853221,0.00521449,0.0355021,0.113396,0.721169,0.000269651,0.000855083,0.00536395
222,0.216797,0.000976562,0.03544,0.11304,0.700297,0.0002692,0.000852519,0.0052124,0.0354857,0.113299,0.721024,0.000269532,0.000854378,0.00535433
223,0.217773,0.000976562,0.0354244,0.112944,0.699293,0.000269088,0.000851819,0.00520846,0.0354697,0.113203,0.720615,0.000269417,0.000853674,0.00534527
224,0.21875,0.000976562,0.0354087,0.112848,0.698046,0.000268974,0.000851119,0.00520268,0.0354548,0.113106,0.719948,0.00026931,0.000852972,0.00534394
225,0.219727,0.000976562,0.0353931,0.112752,0.696561,0.000268862,0.000850421,0.00519511,0.0354391,0.11301,0.719028,0.000269197,0.00085227,0.00534072
226,0.220703,0.000976562,0.0353774,0.112656,0.695997,0.000268749,0.000849724,0.00518578,0.0354223,0.112914,0.717858,0.000269075,0.00085157,0.00533563
227,0.22168,0.000976562,0.0353621,0.112561,0.695615,0.000268638,0.000849028,0.00517472,0.0354079,0.112818,0.716444,0.000268971,0.000850871,0.00532872
228,0.222656,0.000976562,0.0353467,0.112466,0.694981,0.000268527,0.000848334,0.00517257,0.0353923,0.112722,0.714791,0.000268859,0.000850173,0.00532001
229,0.223633,0.000976562,0.0353313,0.112371,0.694099,0.000268416,0.00084764,0.00516948,0.0353758,0.112627,0.713898,0.00026874,0.000849477,0.00530954
230,0.224609,0.000976562,0.0353159,0.112276,0.692975,0.000268305,0.000846948,0.00516458,0.035361,0.112532,0.713355,0.000268633,0.000848781,0.00529734
231,0.225586,0.000976562,0.0353004,0.112181,0.691614,0.000268193,0.000846257,0.00515788,0.0353457,0.112436,0.71256,0.000268523,0.000848087,0.00529305
232,0.226562,0.000976562,0.0352848,0.112087,0.690317,0.000268081,0.000845567,0.00514943,0.0353287,0.112341,0.711552,0.0002684,0.000847394,0.00528884
233,0.227539,0.000976562,0.0352694,0.111992,0.689369,0.000267969,0.000844878,0.00513926,0.0353144,0.112247,0.711184,0.000268297,0.000846702,0.00528281
234,0.228516,0.000976562,0.035254,0.111898,0.688305,0.000267858,0.000844191,0.00513115,0.0352994,0.112152,0.710563,0.000268189,0.000846011,0.00527612
235,0.229492,0.000976562,0.0352387,0.111804,0.687544,0.000267748,0.000843504,0.00512396,0.0352829,0.112057,0.709694,0.00026807,0.000845322,0.00527318
236,0.230469,0.000976562,0.0352235,0.11171,0.687418,0.000267639,0.000842819,0.00511684,0.0352678,0.111963,0.70858,0.000267961,0.000844634,0.00526842
237,0.231445,0.000976562,0.0352082,0.111616,0.687075,0.000267528,0.000842135,0.00511193,0.0352532,0.111869,0.707228,0.000267856,0.000843947,0.00526186
238,0.232422,0.000976562,0.0351929,0.111523,0.686485,0.000267418,0.000841452,0.00511094,0.0352366,0.111775,0.706342,0.000267735,0.000843261,0.00525355
239,0.233398,0.000976562,0.0351776,0.111429,0.685653,0.000267307,0.000840771,0.00510813,0.0352219,0.111681,0.706091,0.00026763,0.000842576,0.00524351
240,0.234375,0.000976562,0.0351623,0.111336,0.684582,0.000267197,0.00084009,0.00510354,0.0352068,0.111587,0.705588,0.000267521,0.000841892,0.00523904
241,0.235352,0.000976562,0.0351471,0.111243,0.683279,0.000267087,0.000839411,0.00509719,0.0351911,0.111494,0.704836,0.000267408,0.00084121,0.00523693
242,0.236328,0.000976562,0.0351318,0.11115,0.681996,0.000266977,0.000838732,0.00508912,0.0351753,0.1114,0.703841,0.000267294,0.000840528,0.00523301
243,0.237305,0.000976562,0.0351165,0.111057,0.681765,0.000266867,0.000838055,0.00507935,0.0351613,0.111307,0.702608,0.000267193,0.000839848,0.0052273
244,0.238281,0.000976562,0.0351014,0.110965,0.681288,0.000266758,0.000837379,0.00507204,0.0351454,0.111214,0.701141,0.000267077,0.000839169,0.00521983
245,0.239258,0.000976562,0.0350864,0.110872,0.68057,0.00026665,0.000836705,0.00507003,0.03513,0.111121,0.699541,0.000266966,0.000838491,0.00521064
246,0.240234,0.000976562,0.0350714,0.11078,0.679615,0.000266541,0.000836031,0.00506625,0.0351152,0.111029,0.699153,0.00026686,0.000837815,0.00519976
247,0.241211,0.000976562,0.0350564,0.110688,0.678427,0.000266433,0.000835358,0.00506073,0.0350999,0.110936,0.698519,0.00026675,0.000837139,0.00519039
248,0.242188,0.000976562,0.0350413,0.110596,0.677012,0.000266324,0.000834687,0.00505348,0.0350839,0.110844,0.697642,0.000266633,0.000836465,0.00518729
249,0.243164,0.000976562,0.0350261,0.110504,0.676036,0.000266214,0.000834017,0.00504455,0.03507,0.110751,0.696963,0.000266534,0.000835791,0.00518241
250,0.244141,0.000976562,0.035011,0.110412,0.675022,0.000266105,0.000833347,0.00503417,0.0350546,0.110659,0.696503,0.000266422,0.000835119,0.00517578
251,0.245117,0.000976562,0.034996,0.110321,0.674173,0.000265997,0.000832679,0.00502819,0.0350389,0.110567,0.6958,0.000266309,0.000834448,0.0051715
252,0.246094,0.000976562,0.034981,0.11023,0.673686,0.000265889,0.000832013,0.00502051,0.0350243,0.110476,0.694858,0.000266203,0.000833778,0.00516788
253,0.24707,0.000976562,0.0349661,0.110138,0.673492,0.000265781,0.000831347,0.00501493,0.0350096,0.110384,0.693682,0.000266098,0.00083311,0.00516251
254,0.248047,0.000976562,0.0349512,0.110047,0.673057,0.000265674,0.000830682,0.00501229,0.0349934,0.110293,0.692277,0.00026598,0.000832442,0.00515541
255,0.249023,0.000976562,0.0349362,0.109957,0.672385,0.000265565,0.000830018,0.00501055,0.0349795,0.110201,0.691985,0.00026588,0.000831775,0.00514663
256,0.25,0.000976562,0.0349213,0.109866,0.671481,0.000265457,0.000829356,0.00500706,0.0349644,0.11011,0.691634,0.000265771,0.00083111,0.0051371
257,0.250977,0.000976562,0.0349064,0.109775,0.670348,0.00026535,0.000828695,0.00500186,0.0349486,0.110019,0.691042,0.000265656,0.000830446,0.00513603
258,0.251953,0.000976562,0.0348916,0.109685,0.668991,0.000265243,0.000828034,0.00499497,0.0349339,0.109929,0.690211,0.000265551,0.000829782,0.00513319
259,0.25293,0.000976562,0.0348768,0.109595,0.668309,0.000265136,0.000827375,0.00498643,0.0349199,0.109838,0.689147,0.00026545,0.00082912,0.00512861
260,0.253906,0.000976562,0.0348618,0.109505,0.66798,0.000265028,0.000826717,0.00497626,0.0349039,0.109747,0.687854,0.000265334,0.000828459,0.00512231
261,0.254883,0.000976562,0.0348468,0.109415,0.667415,0.000264919,0.00082606,0.00497332,0.0348896,0.109657,0.686338,0.000265231,0.0008278,0.00511433
262,0.255859,0.000976562,0.0348321,0.109325,0.666618,0.000264813,0.000825404,0.00497059,0.034875,0.109567,0.685357,0.000265125,0.000827141,0.00510469
263,0.256836,0.000976562,0.0348175,0.109235,0.665594,0.000264708,0.00082475,0.00496616,0.0348593,0.109477,0.684873,0.000265012,0.000826483,0.00509343
264,0.257812,0.000976562,0.0348029,0.109146,0.664346,0.000264602,0.000824096,0.00496005,0.0348447,0.109387,0.684153,0.000264906,0.000825827,0.00508854
265,0.258789,0.000976562,0.0347882,0.109057,0.663062,0.000264496,0.000823443,0.00495229,0.0348307,0.109297,0.683201,0.000264805,0.000825171,0.00508473
266,0.259766,0.000976562,0.0347734,0.108967,0.662211,0.000264389,0.000822792,0.00494291,0.0348154,0.109208,0.682835,0.000264694,0.000824517,0.00507921
267,0.260742,0.000976562,0.0347586,0.108878,0.661173,0.000264282,0.000822141,0.0049349,0.0348003,0.109118,0.682288,0.000264585,0.000823863,0.0050726
268,0.261719,0.000976562,0.0347439,0.10879,0.660483,0.000264176,0.000821492,0.00492839,0.0347862,0.109029,0.681508,0.000264484,0.000823211,0.00507005
269,0.262695,0.000976562,0.0347293,0.108701,0.66029,0.000264071,0.000820844,0.00492144,0.0347712,0.10894,0.680498,0.000264375,0.00082256,0.00506579
270,0.263672,0.000976562,0.0347148,0.108612,0.660001,0.000263965,0.000820196,0.00491635,0.0347561,0.108851,0.679264,0.000264266,0.00082191,0.00505984
271,0.264648,0.000976562,0.0347001,0.108524,0.659479,0.000263859,0.00081955,0.0049156,0.0347421,0.108762,0.678282,0.000264165,0.000821261,0.00505224
272,0.265625,0.000976562,0.0346854,0.108436,0.65873,0.000263753,0.000818905,0.00491316,0.0347273,0.108674,0.678075,0.000264058,0.000820613,0.00504302
273,0.266602,0.000976562,0.0346708,0.108348,0.657758,0.000263647,0.000818261,0.00490904,0.0347118,0.108585,0.67763,0.000263946,0.000819966,0.00503791
274,0.267578,0.000976562,0.0346564,0.10826,0.656567,0.000263543,0.000817618,0.00490327,0.034698,0.108497,0.676954,0.000263846,0.00081932,0.00503609
275,0.268555,0.000976562,0.034642,0.108172,0.655233,0.000263439,0.000816976,0.00489587,0.0346836,0.108409,0.67605,0.000263742,0.000818676,0.00503257
276,0.269531,0.000976562,0.0346275,0.108084,0.655042,0.000263335,0.000816335,0.00488689,0.0346683,0.108321,0.674921,0.000263631,0.000818032,0.00502737
277,0.270508,0.000976562,0.0346129,0.107997,0.65462,0.000263229,0.000815695,0.00487925,0.0346542,0.108233,0.673573,0.000263529,0.000817389,0.00502052
278,0.271484,0.000976562,0.0345982,0.107909,0.653972,0.000263122,0.000815057,0.00487751,0.0346398,0.108145,0.672011,0.000263425,0.000816748,0.00501205
279,0.272461,0.000976562,0.0345838,0.107822,0.653102,0.000263019,0.000814419,0.00487411,0.0346243,0.108057,0.67161,0.000263313,0.000816107,0.00500199
280,0.273438,0.000976562,0.0345695,0.107735,0.652013,0.000262915,0.000813782,0.00486906,0.0346106,0.10797,0.671037,0.000263214,0.000815468,0.00499249
281,0.274414,0.000976562,0.0345552,0.107648,0.650711,0.000262812,0.000813147,0.0048624,0.0345963,0.107882,0.670237,0.000263111,0.000814829,0.00498969
282,0.275391,0.000976562,0.0345408,0.107561,0.649738,0.000262708,0.000812512,0.00485416,0.0345812,0.107795,0.669548,0.000263001,0.000814192,0.00498522
283,0.276367,0.000976562,0.0345263,0.107475,0.648821,0.000262603,0.000811878,0.00484436,0.0345668,0.107708,0.669147,0.000262898,0.000813556,0.00497912
284,0.277344,0.000976562,0.0345118,0.107388,0.647984,0.000262498,0.000811246,0.00483862,0.034553,0.107621,0.668518,0.000262798,0.00081292,0.00497484
285,0.27832,0.000976562,0.0344976,0.107302,0.647457,0.000262395,0.000810614,0.00483161,0.0345378,0.107535,0.667665,0.000262687,0.000812286,0.00497162
286,0.279297,0.000976562,0.0344834,0.107216,0.647303,0.000262292,0.000809984,0.0048261,0.034524,0.107448,0.666592,0.000262587,0.000811653,0.00496676
287,0.280273,0.000976562,0.0344692,0.10713,0.646922,0.000262189,0.000809354,0.00482323,0.0345096,0.107362,0.665304,0.000262483,0.000811021,0.00496027
288,0.28125,0.000976562,0.0344548,0.107044,0.64632,0.000262085,0.000808726,0.00482175,0.0344949,0.107275,0.664895,0.000262377,0.000810389,0.0049522
289,0.282227,0.000976562,0.0344402,0.106958,0.645499,0.00026198,0.000808099,0.00481865,0.0344803,0.107189,0.66459,0.000262271,0.000809759,0.00494257
290,0.283203,0.000976562,0.0344261,0.106872,0.644464,0.000261877,0.000807472,0.00481392,0.0344669,0.107103,0.664058,0.000262175,0.00080913,0.00494162
291,0.28418,0.000976562,0.034412,0.106787,0.643218,0.000261776,0.000806847,0.00480762,0.0344521,0.107017,0.663304,0.000262067,0.000808502,0.00493909
292,0.285156,0.000976562,0.034398,0.106702,0.642462,0.000261674,0.000806222,0.00479975,0.0344378,0.106932,0.66233,0.000261964,0.000807875,0.00493492
293,0.286133,0.000976562,0.0343838,0.106617,0.642175,0.000261572,0.000805599,0.00479036,0.0344237,0.106846,0.661142,0.000261862,0.000807249,0.00492914
294,0.287109,0.000976562,0.0343695,0.106531,0.641667,0.000261468,0.000804977,0.00478693,0.0344094,0.106761,0.659743,0.000261758,0.000806624,0.00492178
295,0.288086,0.000976562,0.0343552,0.106447,0.640941,0.000261364,0.000804355,0.00478449,0.0343946,0.106675,0.658716,0.000261651,0.000806,0.00491286
296,0.289062,0.000976562,0.0343411,0.106362,0.640002,0.000261263,0.000803735,0.00478044,0.0343813,0.10659,0.65828,0.000261555,0.000805377,0.00490241
297,0.290039,0.000976562,0.0343271,0.106277,0.638853,0.000261161,0.000803115,0.00477482,0.0343668,0.106505,0.657623,0.00026145,0.000804755,0.00489721
298,0.291016,0.000976562,0.0343131,0.106193,0.637592,0.00026106,0.000802497,0.00476765,0.0343524,0.10642,0.656749,0.000261346,0.000804134,0.00489372
299,0.291992,0.000976562,0.034299,0.106108,0.636823,0.000260957,0.00080188,0.00475896,0.0343384,0.106336,0.656364,0.000261245,0.000803514,0.00488864
300,0.292969,0.000976562,0.0342846,0.106024,0.635844,0.000260853,0.000801263,0.00475112,0.0343246,0.106251,0.655877,0.000261145,0.000802895,0.00488218
301,0.293945,0.000976562,0.0342706,0.10594,0.635191,0.000260753,0.000800648,0.00474518,0.0343097,0.106167,0.655171,0.000261036,0.000802277,0.00487993
302,0.294922,0.000976562,0.0342569,0.105856,0.634952,0.000260653,0.000800034,0.00473849,0.0342965,0.106082,0.65425,0.000260941,0.00080166,0.00487609
303,0.295898,0.000976562,0.034243,0.105772,0.634704,0.000260552,0.00079942,0.00473353,0.034282,0.105998,0.653119,0.000260836,0.000801044,0.00487065
304,0.296875,0.000976562,0.034229,0.105689,0.634239,0.000260451,0.000798808,0.00473277,0.0342676,0.105914,0.652082,0.000260732,0.000800429,0.00486367
305,0.297852,0.000976562,0.0342148,0.105605,0.63356,0.000260348,0.000798196,0.00473061,0.0342536,0.10583,0.651908,0.00026063,0.000799815,0.00485515
306,0.298828,0.000976562,0.0342007,0.105522,0.632672,0.000260246,0.000797586,0.00472688,0.0342404,0.105747,0.651512,0.000260535,0.000799201,0.00484969
307,0.299805,0.000976562,0.034187,0.105439,0.631578,0.000260147,0.000796976,0.00472159,0.0342254,0.105663,0.650899,0.000260426,0.000798589,0.00484809
308,0.300781,0.000976562,0.0341732,0.105355,0.630282,0.000260047,0.000796368,0.00471478,0.0342122,0.105579,0.650071,0.000260331,0.000797978,0.00484489
309,0.301758,0.000976562,0.0341593,0.105273,0.630068,0.000259946,0.00079576,0.00470648,0.034198,0.105496,0.649032,0.000260228,0.000797368,0.00484012
310,0.302734,0.000976562,0.0341453,0.10519,0.62969,0.000259845,0.000795153,0.00469875,0.0341836,0.105413,0.647788,0.000260124,0.000796759,0.00483379
311,0.303711,0.000976562,0.0341312,0.105107,0.629101,0.000259743,0.000794548,0.00469722,0.0341698,0.10533,0.646342,0.000260023,0.000796151,0.00482595
312,0.304688,0.000976562,0.0341175,0.105024,0.628302,0.000259643,0.000793943,0.00469412,0.0341567,0.105247,0.645872,0.000259929,0.000795543,0.00481661
313,0.305664,0.000976562,0.0341039,0.104942,0.627299,0.000259545,0.000793339,0.00468948,0.034142,0.105164,0.645349,0.000259822,0.000794937,0.00480719
314,0.306641,0.000976562,0.0340902,0.10486,0.626095,0.000259446,0.000792737,0.00468332,0.0341284,0.105082,0.644614,0.000259724,0.000794332,0.00480463
315,0.307617,0.000976562,0.0340763,0.104778,0.625135,0.000259345,0.000792135,0.00467566,0.0341145,0.104999,0.643927,0.000259623,0.000793728,0.00480051
316,0.308594,0.000976562,0.0340623,0.104696,0.6243,0.000259244,0.000791534,0.00466655,0.0341008,0.104917,0.643574,0.000259524,0.000793124,0.00479484
317,0.30957,0.000976562,0.0340485,0.104614,0.623488,0.000259144,0.000790934,0.00466091,0.0340866,0.104834,0.643006,0.000259421,0.000792522,0.00479065
318,0.310547,0.000976562,0.034035,0.104532,0.622936,0.000259046,0.000790335,0.00465448,0.0340735,0.104752,0.642229,0.000259326,0.00079192,0.00478775
319,0.311523,0.000976562,0.0340214,0.10445,0.622813,0.000258947,0.000789737,0.00464913,0.0340591,0.10467,0.641245,0.000259222,0.00079132,0.00478331
320,0.3125,0.000976562,0.0340077,0.104369,0.622477,0.000258848,0.00078914,0.00464612,0.0340453,0.104588,0.640058,0.000259122,0.00079072,0.00477735
321,0.313477,0.000976562,0.0339938,0.104287,0.621932,0.000258747,0.000788544,0.00464486,0.0340317,0.104507,0.639573,0.000259023,0.000790121,0.00476989
322,0.314453,0.000976562,0.0339799,0.104206,0.621182,0.000258647,0.000787949,0.00464205,0.0340184,0.104425,0.639304,0.000258927,0.000789524,0.00476096
323,0.31543,0.000976562,0.0339665,0.104125,0.62023,0.000258549,0.000787354,0.00463773,0.0340041,0.104344,0.638823,0.000258823,0.000788927,0.00475949
324,0.316406,0.000976562,0.0339531,0.104044,0.619081,0.000258452,0.000786761,0.00463192,0.033991,0.104262,0.638132,0.000258728,0.000788331,0.0047572
325,0.317383,0.000976562,0.0339396,0.103963,0.618287,0.000258354,0.000786169,0.00462464,0.033977,0.104181,0.637236,0.000258626,0.000787736,0.00475338
326,0.318359,0.000976562,0.0339258,0.103883,0.618033,0.000258254,0.000785577,0.00461592,0.033963,0.1041,0.636137,0.000258525,0.000787142,0.00474804
327,0.319336,0.000976562,0.0339119,0.103802,0.617571,0.000258154,0.000784987,0.00461223,0.0339496,0.104019,0.634841,0.000258428,0.000786549,0.0047412
328,0.320312,0.000976562,0.0338985,0.103722,0.616905,0.000258057,0.000784397,0.00461002,0.0339365,0.103938,0.6338,0.000258333,0.000785957,0.00473291
329,0.321289,0.000976562,0.0338851,0.103641,0.616039,0.00025796,0.000783808,0.0046063,0.0339222,0.103858,0.633403,0.000258229,0.000785366,0.00472317
330,0.322266,0.000976562,0.0338717,0.103561,0.614975,0.000257862,0.00078322,0.00460109,0.0339089,0.103777,0.632799,0.000258133,0.000784776,0.00471787
331,0.323242,0.000976562,0.0338582,0.103481,0.613747,0.000257764,0.000782634,0.00459443,0.0338954,0.103697,0.63199,0.000258035,0.000784187,0.00471465
332,0.324219,0.000976562,0.0338444,0.103401,0.613047,0.000257664,0.000782048,0.00458633,0.0338816,0.103617,0.631598,0.000257935,0.000783598,0.00470992
333,0.325195,0.000976562,0.0338309,0.103321,0.61215,0.000257567,0.000781463,0.00457873,0.0338683,0.103536,0.631161,0.000257839,0.000783011,0.00470372
334,0.326172,0.000976562,0.0338177,0.103242,0.61151,0.000257471,0.000780879,0.00457327,0.033855,0.103456,0.630518,0.000257742,0.000782424,0.00470169
335,0.327148,0.000976562,0.0338044,0.103162,0.611238,0.000257374,0.000780295,0.00456689,0.033841,0.103377,0.629673,0.00025764,0.000781839,0.00469818
336,0.328125,0.000976562,0.033791,0.103083,0.611024,0.000257277,0.000779713,0.00456228,0.0338275,0.103297,0.628629,0.000257542,0.000781254,0.00469318
337,0.329102,0.000976562,0.0337773,0.103003,0.610605,0.000257178,0.000779132,0.00456132,0.0338144,0.103217,0.627572,0.000257448,0.00078067,0.00468672
338,0.330078,0.000976562,0.0337638,0.102924,0.609985,0.00025708,0.000778551,0.00455939,0.0338007,0.103138,0.627423,0.000257348,0.000780087,0.00467881
339,0.331055,0.000976562,0.0337507,0.102845,0.609168,0.000256984,0.000777972,0.00455597,0.0337875,0.103058,0.627066,0.000257252,0.000779505,0.00467321
340,0.332031,0.000976562,0.0337375,0.102766,0.608158,0.000256889,0.000777393,0.0045511,0.0337741,0.102979,0.626505,0.000257155,0.000778924,0.00467178
341,0.333008,0.000976562,0.0337241,0.102687,0.606958,0.000256792,0.000776815,0.00454479,0.0337604,0.1029,0.625742,0.000257055,0.000778344,0.00466885
342,0.333984,0.000976562,0.0337106,0.102609,0.606683,0.000256694,0.000776238,0.00453707,0.0337469,0.102821,0.624781,0.000256958,0.000777765,0.00466444
343,0.334961,0.000976562,0.0336971,0.10253,0.606342,0.000256595,0.000775662,0.00452945,0.033734,0.102742,0.623626,0.000256865,0.000777186,0.00465856
344,0.335938,0.000976562,0.033684,0.102452,0.605801,0.0002565,0.000775087,0.00452807,0.0337205,0.102663,0.622282,0.000256766,0.000776609,0.00465125
345,0.336914,0.000976562,0.0336709,0.102374,0.605064,0.000256406,0.000774513,0.00452522,0.0337072,0.102585,0.621775,0.000256669,0.000776032,0.00464254
346,0.337891,0.000976562,0.0336578,0.102295,0.604134,0.00025631,0.000773939,0.00452091,0.0336939,0.102506,0.621294,0.000256573,0.000775457,0.00463337
347,0.338867,0.000976562,0.0336444,0.102217,0.603015,0.000256213,0.000773367,0.00451518,0.0336805,0.102428,0.620613,0.000256476,0.000774882,0.004631
348,0.339844,0.000976562,0.0336309,0.102139,0.602078,0.000256115,0.000772795,0.00450804,0.033667,0.10235,0.619938,0.000256378,0.000774308,0.00462716
349,0.34082,0.000976562,0.0336178,0.102062,0.601312,0.00025602,0.000772225,0.00449953,0.0336542,0.102271,0.619624,0.000256285,0.000773735,0.00462187
350,0.341797,0.000976562,0.0336048,0.101984,0.600534,0.000255926,0.000771655,0.00449405,0.0336407,0.102193,0.619108,0.000256187,0.000773163,0.00461782
351,0.342773,0.000976562,0.0335917,0.101906,0.599971,0.000255831,0.000771086,0.00448811,0.0336275,0.102116,0.618394,0.000256091,0.000772592,0.00461519
352,0.34375,0.000976562,0.0335785,0.101829,0.59987,0.000255735,0.000770518,0.00448298,0.0336142,0.102038,0.617486,0.000255995,0.000772021,0.0046111
353,0.344727,0.000976562,0.033565,0.101752,0.59957,0.000255637,0.000769951,0.00447992,0.0336013,0.10196,0.616387,0.000255901,0.000771452,0.00460558
354,0.345703,0.000976562,0.033552,0.101675,0.599073,0.000255543,0.000769384,0.00447882,0.0335877,0.101883,0.615858,0.000255802,0.000770883,0.00459865
355,0.34668,0.000976562,0.0335392,0.101598,0.598383,0.000255449,0.000768819,0.00447626,0.033575,0.101805,0.615619,0.000255711,0.000770315,0.00459033
356,0.347656,0.000976562,0.0335261,0.101521,0.597504,0.000255355,0.000768254,0.00447227,0.0335615,0.101728,0.615178,0.000255612,0.000769748,0.00458856
357,0.348633,0.000976562,0.033513,0.101444,0.596438,0.00025526,0.00076769,0.00446688,0.0335483,0.101651,0.614541,0.000255516,0.000769182,0.00458647
358,0.349609,0.000976562,0.0334997,0.101367,0.595632,0.000255163,0.000767128,0.0044601,0.033535,0.101574,0.613711,0.00025542,0.000768617,0.00458293
359,0.350586,0.000976562,0.0334866,0.101291,0.595405,0.000255068,0.000766566,0.00445197,0.0335226,0.101497,0.61269,0.00025533,0.000768053,0.00457796
360,0.351562,0.000976562,0.0334738,0.101214,0.594981,0.000254975,0.000766004,0.00444821,0.0335089,0.10142,0.611484,0.00025523,0.000767489,0.00457158
361,0.352539,0.000976562,0.033461,0.101138,0.594366,0.000254882,0.000765444,0.00444618,0.0334963,0.101344,0.610453,0.000255139,0.000766927,0.00456383
362,0.353516,0.000976562,0.0334479,0.101062,0.593562,0.000254787,0.000764885,0.00444272,0.033483,0.101267,0.610089,0.000255042,0.000766365,0.00455472
363,0.354492,0.000976562,0.0334347,0.100985,0.592572,0.000254691,0.000764326,0.00443787,0.0334698,0.101191,0.609528,0.000254947,0.000765804,0.00454949
364,0.355469,0.000976562,0.0334217,0.100909,0.591401,0.000254596,0.000763768,0.00443164,0.0334568,0.101114,0.608775,0.000254852,0.000765244,0.00454648
365,0.356445,0.000976562,0.0334089,0.100834,0.590742,0.000254504,0.000763211,0.00442406,0.0334444,0.101038,0.608386,0.000254762,0.000764685,0.00454206
366,0.357422,0.000976562,0.0333961,0.100758,0.589915,0.000254411,0.000762655,0.00441674,0.0334306,0.100962,0.607989,0.000254662,0.000764127,0.00453624
367,0.358398,0.000976562,0.0333833,0.100682,0.589297,0.000254318,0.0007621,0.0044117,0.0334181,0.100886,0.607399,0.000254571,0.000763569,0.00453428
368,0.359375,0.000976562,0.0333701,0.100607,0.589007,0.000254222,0.000761546,0.00440566,0.033405,0.10081,0.606619,0.000254475,0.000763013,0.00453105
369,0.360352,0.000976562,0.0333571,0.100531,0.588818,0.000254128,0.000760992,0.00440133,0.0333922,0.100735,0.605652,0.000254383,0.000762457,0.00452642
370,0.361328,0.000976562,0.0333445,0.100456,0.588437,0.000254035,0.000760439,0.00440027,0.033379,0.100659,0.604599,0.000254287,0.000761902,0.0045204
371,0.362305,0.000976562,0.0333318,0.100381,0.587867,0.000253943,0.000759887,0.00439852,0.0333667,0.100584,0.60447,0.000254197,0.000761348,0.00451303
372,0.363281,0.000976562,0.0333189,0.100306,0.587111,0.000253849,0.000759336,0.00439537,0.0333531,0.100508,0.604144,0.000254099,0.000760795,0.00450747
373,0.364258,0.000976562,0.033306,0.100231,0.586173,0.000253756,0.000758786,0.00439084,0.0333405,0.100433,0.603626,0.000254007,0.000760242,0.00450617
374,0.365234,0.000976562,0.033293,0.100156,0.585056,0.000253661,0.000758237,0.00438496,0.0333274,0.100358,0.602918,0.000253912,0.000759691,0.00450345
375,0.366211,0.000976562,0.0332803,0.100081,0.584749,0.00025357,0.000757688,0.00437775,0.0333151,0.100283,0.602025,0.000253823,0.00075914,0.00449934
376,0.367188,0.000976562,0.0332678,0.100007,0.584437,0.000253478,0.000757141,0.00437037,0.0333017,0.100208,0.600948,0.000253725,0.00075859,0.00449384
377,0.368164,0.000976562,0.033255,0.0999324,0.583936,0.000253386,0.000756594,0.00436911,0.0332895,0.100133,0.599692,0.000253637,0.000758041,0.004487
378,0.369141,0.000976562,0.0332421,0.0998581,0.583251,0.000253292,0.000756047,0.00436646,0.0332761,0.100059,0.599174,0.000253539,0.000757493,0.00447883
379,0.370117,0.000976562,0.0332293,0.0997839,0.582384,0.000253198,0.000755502,0.00436243,0.0332634,0.099984,0.598727,0.000253447,0.000756945,0.00447004
380,0.371094,0.000976562,0.0332166,0.0997097,0.581339,0.000253107,0.000754958,0.00435706,0.0332505,0.0999096,0.598092,0.000253353,0.000756398,0.00446783
381,0.37207,0.000976562,0.033204,0.0996357,0.580432,0.000253015,0.000754414,0.00435037,0.0332384,0.0998353,0.597438,0.000253266,0.000755853,0.00446422
382,0.373047,0.000976562,0.0331915,0.0995619,0.579726,0.000252924,0.000753871,0.00434238,0.033225,0.0997611,0.597154,0.000253168,0.000755308,0.00445924
383,0.374023,0.000976562,0.0331787,0.0994881,0.578986,0.000252831,0.000753329,0.00433711,0.0332129,0.099687,0.596681,0.00025308,0.000754763,0.00445538
384,0.375,0.000976562,0.0331659,0.0994144,0.578423,0.000252737,0.000752788,0.00433159,0.0331997,0.099613,0.596021,0.000252984,0.00075422,0.00445297
385,0.375977,0.000976562,0.0331534,0.0993409,0.57834,0.000252647,0.000752248,0.00432672,0.0331872,0.0995392,0.595179,0.000252893,0.000753678,0.00444917
386,0.376953,0.000976562,0.0331409,0.0992674,0.578068,0.000252556,0.000751708,0.00432369,0.0331743,0.0994655,0.594156,0.000252799,0.000753136,0.00444403
387,0.37793,0.000976562,0.0331283,0.0991941,0.577611,0.000252464,0.000751169,0.0043227,0.0331623,0.0993918,0.59361,0.000252712,0.000752595,0.00443755
388,0.378906,0.000976562,0.0331157,0.0991209,0.576972,0.000252373,0.000750631,0.00432034,0.0331489,0.0993183,0.593393,0.000252614,0.000752055,0.00442977
389,0.379883,0.000976562,0.0331029,0.0990478,0.576154,0.00025228,0.000750094,0.00431663,0.0331367,0.0992449,0.592987,0.000252526,0.000751516,0.00442788
390,0.380859,0.000976562,0.0330904,0.0989748,0.575161,0.000252189,0.000749558,0.0043116,0.0331238,0.0991716,0.592395,0.000252432,0.000750977,0.00442594
391,0.381836,0.000976562,0.033078,0.098902,0.574366,0.000252099,0.000749022,0.00430526,0.0331115,0.0990985,0.591621,0.000252343,0.000750439,0.00442263
392,0.382812,0.000976562,0.0330657,0.0988292,0.574159,0.000252009,0.000748487,0.00429764,0.0330987,0.0990254,0.590668,0.000252249,0.000749902,0.00441798
393,0.383789,0.000976562,0.033053,0.0987565,0.573767,0.000251917,0.000747953,0.00429396,0.0330866,0.0989524,0.589539,0.000252161,0.000749366,0.004412
394,0.384766,0.000976562,0.0330403,0.098684,0.573194,0.000251825,0.00074742,0.00429206,0.0330733,0.0988796,0.58854,0.000252064,0.000748831,0.00440472
395,0.385742,0.000976562,0.0330279,0.0986116,0.572443,0.000251734,0.000746888,0.00428883,0.0330611,0.0988069,0.5882,0.000251976,0.000748296,0.00439615
396,0.386719,0.000976562,0.0330156,0.0985392,0.571518,0.000251645,0.000746356,0.00428427,0.0330485,0.0987343,0.587676,0.000251884,0.000747763,0.00439113
397,0.387695,0.000976562,0.0330031,0.098467,0.570421,0.000251554,0.000745825,0.00427842,0.0330363,0.0986618,0.586971,0.000251796,0.00074723,0.00438829
398,0.388672,0.000976562,0.0329908,0.0983949,0.569783,0.000251464,0.000745295,0.00427129,0.0330235,0.0985894,0.586593,0.000251702,0.000746698,0.00438412
399,0.389648,0.000976562,0.0329781,0.0983229,0.569016,0.000251372,0.000744766,0.00426429,0.0330115,0.0985171,0.58623,0.000251615,0.000746166,0.00437863
400,0.390625,0.000976562,0.0329658,0.0982511,0.568426,0.000251282,0.000744237,0.0042596,0.0329984,0.0984449,0.585684,0.00025152,0.000745636,0.00437679
401,0.391602,0.000976562,0.0329535,0.0981793,0.568127,0.000251193,0.00074371,0.00425393,0.0329863,0.0983728,0.58496,0.000251432,0.000745106,0.0043738
402,0.392578,0.000976562,0.0329412,0.0981076,0.567958,0.000251104,0.000743183,0.00424984,0.0329738,0.0983009,0.584058,0.000251341,0.000744577,0.00436947
403,0.393555,0.000976562,0.0329287,0.0980361,0.567608,0.000251012,0.000742656,0.00424875,0.0329616,0.098229,0.583031,0.000251252,0.000744049,0.00436384
404,0.394531,0.000976562,0.0329163,0.0979646,0.56708,0.000250922,0.000742131,0.00424713,0.0329489,0.0981573,0.582915,0.00025116,0.000743521,0.00435694
405,0.395508,0.000976562,0.0329039,0.0978933,0.566376,0.000250832,0.000741606,0.0042442,0.0329368,0.0980857,0.582615,0.000251072,0.000742995,0.00435155
406,0.396484,0.000976562,0.0328917,0.097822,0.565501,0.000250743,0.000741083,0.00423996,0.0329241,0.0980141,0.582133,0.000250979,0.000742469,0.00435034
407,0.397461,0.000976562,0.0328795,0.0977509,0.564456,0.000250655,0.000740559,0.00423445,0.032912,0.0979427,0.581472,0.000250891,0.000741944,0.0043478
408,0.398438,0.000976562,0.0328672,0.0976799,0.564139,0.000250565,0.000740037,0.00422769,0.0328997,0.0978714,0.580636,0.000250801,0.000741419,0.00434393
409,0.399414,0.000976562,0.0328547,0.097609,0.56385,0.000250474,0.000739516,0.00422066,0.0328874,0.0978002,0.579628,0.000250712,0.000740896,0.00433877
410,0.400391,0.000976562,0.0328426,0.0975382,0.563383,0.000250386,0.000738995,0.00421948,0.0328748,0.0977291,0.57845,0.00025062,0.000740373,0.00433233
411,0.401367,0.000976562,0.0328304,0.0974675,0.562742,0.000250297,0.000738475,0.00421699,0.0328627,0.0976581,0.57794,0.000250532,0.000739851,0.00432463
412,0.402344,0.000976562,0.0328182,0.0973969,0.56193,0.000250208,0.000737955,0.0042132,0.0328504,0.0975873,0.577521,0.000250443,0.000739329,0.00431633
413,0.40332,0.000976562,0.0328059,0.0973264,0.56095,0.000250119,0.000737437,0.00420814,0.0328382,0.0975165,0.576924,0.000250354,0.000738809,0.00431422
414,0.404297,0.000976562,0.0327937,0.097256,0.560078,0.00025003,0.000736919,0.00420184,0.032826,0.0974458,0.576298,0.000250265,0.000738289,0.00431081
415,0.405273,0.000976562,0.0327814,0.0971857,0.559423,0.000249941,0.000736402,0.0041943,0.0328137,0.0973753,0.576039,0.000250175,0.00073777,0.0043061
416,0.40625,0.000976562,0.0327694,0.0971156,0.558725,0.000249853,0.000735886,0.00418929,0.0328012,0.0973048,0.575601,0.000250084,0.000737252,0.00430248
417,0.407227,0.000976562,0.0327573,0.0970455,0.558172,0.000249765,0.00073537,0.00418413,0.0327891,0.0972345,0.574987,0.000249997,0.000736734,0.00430023
418,0.408203,0.000976562,0.0327451,0.0969755,0.5581,0.000249676,0.000734856,0.00417954,0.0327771,0.0971642,0.574201,0.000249909,0.000736218,0.00429668
419,0.40918,0.000976562,0.0327328,0.0969057,0.557851,0.000249587,0.000734342,0.0041766,0.0327649,0.0970941,0.573245,0.00024982,0.000735702,0.00429186
420,0.410156,0.000976562,0.0327208,0.0968359,0.557427,0.0002495,0.000733828,0.00417569,0.0327528,0.097024,0.572703,0.000249732,0.000735186,0.00428578
421,0.411133,0.000976562,0.0327088,0.0967663,0.556831,0.000249412,0.000733316,0.00417349,0.0327405,0.0969541,0.572502,0.000249643,0.000734672,0.00427846
422,0.412109,0.000976562,0.0326967,0.0966967,0.556067,0.000249324,0.000732804,0.00417001,0.0327282,0.0968843,0.572123,0.000249553,0.000734158,0.0042766
423,0.413086,0.000976562,0.0326847,0.0966273,0.555137,0.000249236,0.000732293,0.00416528,0.0327163,0.0968146,0.57157,0.000249466,0.000733645,0.00427477
424,0.414062,0.000976562,0.0326724,0.0965579,0.55437,0.000249147,0.000731783,0.00415932,0.0327043,0.0967449,0.570845,0.000249379,0.000733133,0.00427165
425,0.415039,0.000976562,0.0326604,0.0964887,0.554178,0.00024906,0.000731273,0.00415215,0.032692,0.0966754,0.569951,0.000249289,0.000732621,0.00426726
426,0.416016,0.000976562,0.0326485,0.0964196,0.553811,0.000248973,0.000730764,0.00414866,0.03268,0.096606,0.568891,0.000249202,0.000732111,0.00426162
427,0.416992,0.000976562,0.0326366,0.0963505,0.553274,0.000248886,0.000730256,0.00414687,0.0326679,0.0965367,0.567937,0.000249114,0.000731601,0.00425475
428,0.417969,0.000976562,0.0326244,0.0962816,0.552569,0.000248798,0.000729749,0.00414381,0.0326558,0.0964675,0.567617,0.000249026,0.000731091,0.00424667
429,0.418945,0.000976562,0.0326124,0.0962128,0.5517,0.00024871,0.000729242,0.00413951,0.0326438,0.0963984,0.567124,0.000248938,0.000730583,0.00424195
430,0.419922,0.000976562,0.0326004,0.0961441,0.550668,0.000248623,0.000728736,0.00413398,0.032632,0.0963294,0.566459,0.000248853,0.000730075,0.00423925
431,0.420898,0.000976562,0.0325886,0.0960754,0.550057,0.000248537,0.000728231,0.00412725,0.0326196,0.0962605,0.566099,0.000248762,0.000729568,0.00423529
432,0.421875,0.000976562,0.0325766,0.0960069,0.549342,0.000248449,0.000727727,0.0041206,0.0326078,0.0961917,0.565763,0.000248676,0.000729061,0.00423009
433,0.422852,0.000976562,0.0325648,0.0959385,0.548783,0.000248363,0.000727223,0.00411621,0.0325957,0.096123,0.565255,0.000248588,0.000728556,0.00422842
434,0.423828,0.000976562,0.0325526,0.0958702,0.548486,0.000248274,0.00072672,0.00411091,0.0325839,0.0960544,0.564578,0.000248502,0.000728051,0.00422561
435,0.424805,0.000976562,0.0325409,0.095802,0.548332,0.000248189,0.000726218,0.00410702,0.0325718,0.0959859,0.563734,0.000248414,0.000727547,0.00422154
436,0.425781,0.000976562,0.032529,0.0957338,0.548007,0.000248102,0.000725716,0.00410596,0.0325602,0.0959175,0.562747,0.000248329,0.000727043,0.00421625
437,0.426758,0.000976562,0.0325173,0.0956658,0.547513,0.000248017,0.000725215,0.00410445,0.0325478,0.0958493,0.562641,0.000248239,0.00072654,0.00420974
438,0.427734,0.000976562,0.0325051,0.0955979,0.546855,0.000247928,0.000724715,0.00410169,0.032536,0.0957811,0.56236,0.000248153,0.000726038,0.00420464
439,0.428711,0.000976562,0.0324934,0.0955301,0.546033,0.000247843,0.000724216,0.0040977,0.0325241,0.095713,0.561908,0.000248066,0.000725537,0.0042035
440,0.429688,0.000976562,0.0324815,0.0954623,0.545053,0.000247756,0.000723717,0.00409251,0.0325125,0.095645,0.561288,0.000247982,0.000725036,0.00420109
441,0.430664,0.000976562,0.0324697,0.0953947,0.544743,0.00024767,0.000723219,0.00408613,0.0325003,0.0955771,0.560502,0.000247893,0.000724537,0.00419743
442,0.431641,0.000976562,0.0324579,0.0953272,0.544471,0.000247584,0.000722722,0.00407955,0.0324889,0.0955093,0.559553,0.000247809,0.000724037,0.00419255
443,0.432617,0.000976562,0.0324463,0.0952598,0.544033,0.000247499,0.000722225,0.00407842,0.0324766,0.0954416,0.558445,0.00024772,0.000723539,0.00418646
444,0.433594,0.000976562,0.0324342,0.0951925,0.543429,0.000247411,0.000721729,0.00407605,0.0324649,0.095374,0.557957,0.000247634,0.000723041,0.00417919
445,0.43457,0.000976562,0.0324227,0.0951252,0.542665,0.000247327,0.000721234,0.00407246,0.032453,0.0953065,0.557561,0.000247548,0.000722544,0.00417143
446,0.435547,0.000976562,0.0324108,0.0950581,0.541741,0.000247241,0.00072074,0.00406767,0.0324416,0.0952391,0.556998,0.000247465,0.000722048,0.00416941
447,0.436523,0.000976562,0.0323992,0.0949911,0.54091,0.000247156,0.000720246,0.0040617,0.0324293,0.0951719,0.556404,0.000247375,0.000721552,0.00416615
448,0.4375,0.000976562,0.0323872,0.0949241,0.540299,0.000247069,0.000719753,0.00405457,0.0324179,0.0951047,0.556164,0.000247292,0.000721057,0.00416168
449,0.438477,0.000976562,0.0323757,0.0948573,0.539645,0.000246985,0.00071926,0.00404984,0.0324058,0.0950376,0.555756,0.000247204,0.000720563,0.00415832
450,0.439453,0.000976562,0.0323638,0.0947906,0.539108,0.000246898,0.000718769,0.00404499,0.0323943,0.0949706,0.555181,0.00024712,0.00072007,0.0041562
451,0.44043,0.000976562,0.0323523,0.0947239,0.539044,0.000246814,0.000718278,0.0040407,0.0323823,0.0949037,0.554444,0.000247033,0.000719577,0.00415286
452,0.441406,0.000976562,0.0323406,0.0946574,0.538812,0.000246729,0.000717788,0.0040379,0.032371,0.0948368,0.553546,0.00024695,0.000719085,0.00414831
453,0.442383,0.000976562,0.032329,0.0945909,0.538416,0.000246645,0.000717298,0.00403704,0.0323588,0.0947701,0.553023,0.000246861,0.000718593,0.00414257
454,0.443359,0.000976562,0.0323171,0.0945246,0.537857,0.000246558,0.000716809,0.00403496,0.0323474,0.0947035,0.552835,0.000246778,0.000718103,0.00413567
455,0.444336,0.000976562,0.0323058,0.0944583,0.537139,0.000246475,0.000716321,0.00403167,0.0323354,0.094637,0.552479,0.000246691,0.000717613,0.00413393
456,0.445312,0.000976562,0.032294,0.0943922,0.536264,0.000246389,0.000715833,0.00402721,0.0323242,0.0945706,0.551958,0.000246609,0.000717123,0.00413219
457,0.446289,0.000976562,0.0322825,0.0943261,0.535538,0.000246305,0.000715347,0.00402158,0.0323121,0.0945043,0.551274,0.000246521,0.000716635,0.00412923
458,0.447266,0.000976562,0.0322707,0.0942601,0.535357,0.000246219,0.00071486,0.0040148,0.032301,0.0944381,0.550431,0.00024644,0.000716147,0.00412506
459,0.448242,0.000976562,0.0322593,0.0941943,0.535011,0.000246136,0.000714375,0.00401159,0.0322887,0.0943719,0.549432,0.00024635,0.000715659,0.00411972
460,0.449219,0.000976562,0.0322476,0.0941285,0.534504,0.000246051,0.00071389,0.00400987,0.0322775,0.0943059,0.548534,0.000246268,0.000715173,0.00411321
461,0.450195,0.000976562,0.0322362,0.0940628,0.533839,0.000245968,0.000713406,0.00400696,0.0322656,0.0942399,0.54823,0.000246182,0.000714687,0.00410556
462,0.451172,0.000976562,0.0322247,0.0939972,0.533018,0.000245883,0.000712923,0.00400287,0.0322545,0.0941741,0.547763,0.0002461,0.000714202,0.00410122
463,0.452148,0.000976562,0.0322131,0.0939317,0.532044,0.000245799,0.00071244,0.00399763,0.0322424,0.0941084,0.547134,0.000246012,0.000713717,0.00409863
464,0.453125,0.000976562,0.0322015,0.0938663,0.531464,0.000245714,0.000711958,0.00399124,0.0322314,0.0940427,0.546797,0.000245932,0.000713233,0.00409485
465,0.454102,0.000976562,0.0321902,0.093801,0.530794,0.000245631,0.000711477,0.00398497,0.0322192,0.0939771,0.546483,0.000245843,0.00071275,0.00408989
466,0.455078,0.000976562,0.0321787,0.0937358,0.530268,0.000245548,0.000710996,0.00398083,0.0322082,0.0939117,0.546006,0.000245762,0.000712268,0.00408842
467,0.456055,0.000976562,0.0321672,0.0936707,0.529981,0.000245464,0.000710516,0.00397591,0.0321963,0.0938463,0.545369,0.000245675,0.000711786,0.00408576
468,0.457031,0.000976562,0.0321557,0.0936057,0.529837,0.00024538,0.000710037,0.00397219,0.0321853,0.093781,0.544575,0.000245595,0.000711305,0.00408192
469,0.458008,0.000976562,0.0321442,0.0935407,0.529532,0.000245296,0.000709558,0.00397121,0.0321732,0.0937159,0.543641,0.000245507,0.000710824,0.00407691
470,0.458984,0.000976562,0.0321328,0.0934759,0.529068,0.000245213,0.00070908,0.00396977,0.0321623,0.0936508,0.543541,0.000245427,0.000710345,0.00407075
471,0.459961,0.000976562,0.0321214,0.0934111,0.528448,0.00024513,0.000708602,0.00396715,0.0321502,0.0935858,0.543275,0.000245339,0.000709866,0.00406602
472,0.460938,0.000976562,0.0321101,0.0933465,0.527674,0.000245047,0.000708126,0.00396338,0.0321393,0.0935209,0.542848,0.00024526,0.000709387,0.00406491
473,0.461914,0.000976562,0.0320985,0.0932819,0.52675,0.000244963,0.00070765,0.00395846,0.0321274,0.0934561,0.542262,0.000245173,0.000708909,0.00406261
474,0.462891,0.000976562,0.0320872,0.0932175,0.52646,0.00024488,0.000707174,0.00395241,0.0321165,0.0933913,0.54152,0.000245093,0.000708432,0.00405913
475,0.463867,0.000976562,0.0320758,0.0931531,0.526203,0.000244797,0.0007067,0.00394633,0.0321044,0.0933267,0.540623,0.000245005,0.000707956,0.00405448
476,0.464844,0.000976562,0.0320646,0.0930888,0.525787,0.000244715,0.000706226,0.00394524,0.0320935,0.0932622,0.539576,0.000244926,0.00070748,0.0040487
477,0.46582,0.000976562,0.032053,0.0930246,0.525216,0.000244631,0.000705752,0.00394297,0.0320816,0.0931977,0.539124,0.000244838,0.000707005,0.0040418
478,0.466797,0.000976562,0.0320419,0.0929605,0.524492,0.000244549,0.00070528,0.00393954,0.0320709,0.0931334,0.538747,0.00024476,0.00070653,0.00403464
479,0.467773,0.000976562,0.0320304,0.0928965,0.523619,0.000244465,0.000704807,0.00393498,0.032059,0.0930691,0.538211,0.000244674,0.000706057,0.00403268
480,0.46875,0.000976562,0.0320192,0.0928326,0.522831,0.000244384,0.000704336,0.00392931,0.0320481,0.093005,0.537655,0.000244594,0.000705583,0.00402956
481,0.469727,0.000976562,0.0320078,0.0927687,0.522257,0.0002443,0.000703865,0.00392253,0.0320361,0.0929409,0.53743,0.000244506,0.000705111,0.00402528
482,0.470703,0.000976562,0.0319968,0.092705,0.521648,0.00024422,0.000703395,0.00391811,0.0320253,0.0928769,0.537045,0.000244428,0.000704639,0.00402221
483,0.47168,0.000976562,0.0319852,0.0926414,0.521135,0.000244135,0.000702926,0.00391352,0.0320136,0.092813,0.536504,0.000244342,0.000704168,0.0040202
484,0.472656,0.000976562,0.0319741,0.0925778,0.521075,0.000244055,0.000702457,0.00390953,0.0320029,0.0927492,0.535808,0.000244264,0.000703697,0.00401702
485,0.473633,0.000976562,0.0319627,0.0925143,0.520857,0.000243971,0.000701989,0.00390691,0.0319911,0.0926855,0.534962,0.000244178,0.000703227,0.00401271
486,0.474609,0.000976562,0.0319517,0.092451,0.520482,0.000243891,0.000701521,0.00390608,0.0319802,0.0926219,0.534471,0.000244098,0.000702758,0.00400727
487,0.475586,0.000976562,0.0319402,0.0923877,0.519955,0.000243807,0.000701054,0.0039041,0.0319683,0.0925584,0.534291,0.000244011,0.00070229,0.00400072
488,0.476562,0.000976562,0.0319293,0.0923245,0.519277,0.000243727,0.000700588,0.00390097,0.0319577,0.0924949,0.533953,0.000243934,0.000701822,0.0039992
489,0.477539,0.000976562,0.0319178,0.0922614,0.518451,0.000243643,0.000700122,0.00389673,0.031946,0.0924316,0.533459,0.000243848,0.000701354,0.00399752
490,0.478516,0.000976562,0.0319068,0.0921983,0.517776,0.000243563,0.000699657,0.00389139,0.0319353,0.0923683,0.532812,0.00024377,0.000700888,0.00399469
491,0.479492,0.000976562,0.0318954,0.0921354,0.517601,0.00024348,0.000699193,0.00388496,0.0319235,0.0923052,0.532014,0.000243684,0.000700422,0.00399072
492,0.480469,0.000976562,0.0318846,0.0920726,0.517272,0.000243401,0.000698729,0.00388209,0.0319128,0.0922421,0.531068,0.000243606,0.000699956,0.00398563
493,0.481445,0.000976562,0.0318731,0.0920098,0.516791,0.000243317,0.000698266,0.00388043,0.0319009,0.0921791,0.530235,0.000243519,0.000699492,0.00397943
494,0.482422,0.000976562,0.0318623,0.0919471,0.51616,0.000243238,0.000697804,0.00387764,0.0318905,0.0921162,0.529944,0.000243443,0.000699028,0.00397216
495,0.483398,0.000976562,0.0318509,0.0918846,0.515381,0.000243155,0.000697342,0.00387373,0.0318788,0.0920534,0.529497,0.000243358,0.000698564,0.00396826
496,0.484375,0.000976562,0.0318401,0.0918221,0.514458,0.000243076,0.000696881,0.00386873,0.0318681,0.0919906,0.528898,0.00024328,0.000698101,0.00396576
497,0.485352,0.000976562,0.0318285,0.0917597,0.513913,0.000242991,0.000696421,0.00386265,0.0318564,0.091928,0.52859,0.000243194,0.000697639,0.00396213
498,0.486328,0.000976562,0.0318179,0.0916974,0.513282,0.000242914,0.000695961,0.00385677,0.0318458,0.0918654,0.528293,0.000243116,0.000697178,0.00395753
499,0.487305,0.000976562,0.0318065,0.0916351,0.512792,0.00024283,0.000695501,0.00385285,0.0318341,0.091803,0.527842,0.000243031,0.000696717,0.00395613
500,0.488281,0.000976562,0.0317957,0.091573,0.51252,0.000242752,0.000695043,0.00384829,0.0318237,0.0917406,0.527241,0.000242955,0.000696256,0.0039536
501,0.489258,0.000976562,0.0317843,0.0915109,0.512383,0.000242668,0.000694585,0.00384471,0.0318121,0.0916783,0.52649,0.00024287,0.000695797,0.00394994
502,0.490234,0.000976562,0.0317737,0.091449,0.512094,0.000242591,0.000694127,0.00384385,0.0318014,0.0916161,0.525618,0.000242792,0.000695338,0.00394518
503,0.491211,0.000976562,0.0317622,0.0913871,0.511655,0.000242507,0.000693671,0.00384247,0.0317898,0.091554,0.52552,0.000242707,0.000694879,0.00393933
504,0.492188,0.000976562,0.0317517,0.0913253,0.511068,0.00024243,0.000693214,0.00383997,0.0317792,0.091492,0.525267,0.00024263,0.000694421,0.00393502
505,0.493164,0.000976562,0.0317403,0.0912636,0.510335,0.000242346,0.000692759,0.00383637,0.0317677,0.09143,0.52486,0.000242546,0.000693964,0.00393393
506,0.494141,0.000976562,0.0317297,0.091202,0.50946,0.000242269,0.000692304,0.00383168,0.0317573,0.0913682,0.524303,0.00024247,0.000693508,0.00393171
507,0.495117,0.000976562,0.0317182,0.0911404,0.509202,0.000242185,0.00069185,0.00382594,0.0317458,0.0913064,0.523599,0.000242386,0.000693052,0.00392838
508,0.496094,0.000976562,0.0317078,0.091079,0.508955,0.000242109,0.000691396,0.0038204,0.0317351,0.0912447,0.522748,0.000242307,0.000692597,0.00392394
509,0.49707,0.000976562,0.0316964,0.0910176,0.508558,0.000242025,0.000690943,0.00381932,0.0317236,0.0911831,0.521755,0.000242224,0.000692142,0.00391843
510,0.498047,0.000976562,0.0316858,0.0909563,0.508015,0.000241948,0.000690491,0.00381712,0.0317131,0.0911216,0.521348,0.000242147,0.000691688,0.00391185
511,0.499023,0.000976562,0.0316745,0.0908951,0.507327,0.000241865,0.000690039,0.00381384,0.0317018,0.0910602,0.520985,0.000242064,0.000691234,0.00390532
512,0.5,0.000976562,0.031664,0.090834,0.506497,0.000241789,0.000689588,0.00380947,0.0316913,0.0909989,0.520474,0.000241987,0.000690782,0.00390341
