step,time,L1,L2,Linf
0,0,0.199938,0.420742,1.21133
1,0.001,0.199838,0.420427,1.21015
2,0.002,0.19966,0.419867,1.20805
3,0.003,0.199407,0.419071,1.20506
4,0.004,0.199082,0.418045,1.20121
5,0.005,0.198685,0.416798,1.19653
6,0.006,0.19822,0.415338,1.19103
7,0.007,0.197689,0.413675,1.18475
8,0.008,0.197094,0.411816,1.17772
9,0.009,0.196439,0.409771,1.16997
10,0.01,0.195724,0.407549,1.16152
11,0.011,0.194953,0.405158,1.1524
12,0.012,0.194127,0.402608,1.14263
13,0.013,0.19325,0.399909,1.13226
14,0.014,0.192324,0.397068,1.1213
15,0.015,0.191351,0.394096,1.10978
16,0.016,0.190333,0.391002,1.09818
17,0.017,0.189273,0.387794,1.08629
18,0.018,0.188173,0.384481,1.07394
19,0.019,0.187036,0.381073,1.06115
20,0.02,0.185863,0.377579,1.04796
21,0.021,0.184657,0.374006,1.03439
22,0.022,0.18342,0.370364,1.02066
23,0.023,0.182154,0.36666,1.0072
24,0.024,0.180862,0.362902,0.993431
25,0.025,0.179546,0.3591,0.979378
26,0.026,0.178207,0.355259,0.965062
27,0.027,0.176847,0.351388,0.951009
28,0.028,0.175469,0.347494,0.937119
29,0.029,0.174075,0.343584,0.92302
30,0.03,0.172666,0.339664,0.908731
31,0.031,0.171244,0.335741,0.895011
32,0.032,0.169812,0.33182,0.881333
33,0.033,0.16837,0.327909,0.867506
34,0.034,0.16692,0.324011,0.854077
35,0.035,0.165465,0.320133,0.840963
36,0.036,0.164005,0.31628,0.827728
37,0.037,0.162543,0.312455,0.815046
38,0.038,0.161079,0.308663,0.802585
39,0.039,0.159615,0.304909,0.790051
40,0.04,0.158152,0.301195,0.778386
41,0.041,0.156692,0.297526,0.766619
42,0.042,0.155237,0.293904,0.75531
43,0.043,0.153786,0.290332,0.744341
44,0.044,0.152341,0.286813,0.73346
45,0.045,0.150904,0.283349,0.723272
46,0.046,0.149476,0.279941,0.712983
47,0.047,0.148057,0.276591,0.703436
48,0.048,0.146648,0.273301,0.693893
49,0.049,0.14525,0.270071,0.684809
50,0.05,0.143864,0.266903,0.675976
51,0.051,0.142492,0.263797,0.667334
52,0.052,0.141132,0.260754,0.659169
53,0.053,0.139787,0.257773,0.650929
54,0.054,0.138456,0.254856,0.643387
55,0.055,0.137141,0.252,0.635718
56,0.056,0.135842,0.249207,0.628535
57,0.057,0.13456,0.246475,0.621436
58,0.058,0.133294,0.243804,0.614509
59,0.059,0.132045,0.241193,0.607937
60,0.06,0.130814,0.238641,0.601228
61,0.061,0.129601,0.236147,0.595124
62,0.062,0.128406,0.23371,0.588894
63,0.063,0.127229,0.231328,0.5829
64,0.064,0.126072,0.229001,0.577113
65,0.065,0.124933,0.226726,0.571183
66,0.066,0.123813,0.224503,0.565802
67,0.067,0.122712,0.22233,0.560275
68,0.068,0.12163,0.220205,0.554886
69,0.069,0.120567,0.218128,0.549733
70,0.07,0.119524,0.216096,0.544434
71,0.071,0.1185,0.214108,0.539496
72,0.072,0.117495,0.212162,0.534541
73,0.073,0.116509,0.210257,0.529513
74,0.074,0.115542,0.208392,0.524878
75,0.075,0.114594,0.206564,0.520097
76,0.076,0.113665,0.204774,0.515405
77,0.077,0.112755,0.203018,0.510923
78,0.078,0.111863,0.201297,0.5063
79,0.079,0.110989,0.199608,0.501889
80,0.08,0.110134,0.19795,0.497546
81,0.081,0.109296,0.196322,0.493066
82,0.082,0.108477,0.194723,0.488894
83,0.083,0.107675,0.193152,0.484677
84,0.084,0.10689,0.191607,0.480329
85,0.085,0.106122,0.190089,0.476362
86,0.086,0.105371,0.188594,0.472264
87,0.087,0.104636,0.187124,0.468108
88,0.088,0.103917,0.185677,0.464249
89,0.089,0.103215,0.184251,0.460263
90,0.09,0.102528,0.182847,0.456279
91,0.091,0.101856,0.181463,0.452521
92,0.092,0.1012,0.180099,0.448642
93,0.093,0.100558,0.178754,0.444811
94,0.094,0.0999305,0.177428,0.441151
95,0.095,0.0993172,0.17612,0.437374
96,0.096,0.0987177,0.174829,0.433682
97,0.097,0.0981317,0.173555,0.430115
98,0.098,0.097559,0.172297,0.426438
99,0.099,0.0969991,0.171056,0.422873
100,0.1,0.0964518,0.16983,0.419398
101,0.101,0.0959167,0.168619,0.415818
102,0.102,0.0953937,0.167423,0.41237
103,0.103,0.0948823,0.166242,0.408985
104,0.104,0.0943822,0.165075,0.405499
105,0.105,0.0938933,0.163921,0.40216
106,0.106,0.0934151,0.162782,0.398862
107,0.107,0.0929474,0.161655,0.395469
108,0.108,0.0924899,0.160542,0.392232
109,0.109,0.0920423,0.159442,0.38902
110,0.11,0.0916043,0.158355,0.385718
111,0.111,0.0911757,0.15728,0.382576
112,0.112,0.0907562,0.156217,0.379449
113,0.113,0.0903455,0.155166,0.376236
114,0.114,0.0899434,0.154128,0.373184
115,0.115,0.0895496,0.153101,0.37014
116,0.116,0.0891639,0.152086,0.367014
117,0.117,0.088786,0.151083,0.364047
118,0.118,0.0884157,0.150091,0.361085
119,0.119,0.0880527,0.14911,0.358045
120,0.12,0.0876969,0.14814,0.355158
121,0.121,0.087348,0.147181,0.352277
122,0.122,0.0870057,0.146233,0.349321
123,0.123,0.08667,0.145296,0.34651
124,0.124,0.0863405,0.14437,0.343708
125,0.125,0.0860171,0.143454,0.340835
126,0.126,0.0856996,0.142549,0.338095
127,0.127,0.0853877,0.141653,0.335371
128,0.128,0.0850814,0.140768,0.332579
129,0.129,0.0847804,0.139893,0.329908
130,0.13,0.0844846,0.139028,0.32726
131,0.131,0.0841938,0.138173,0.324548
132,0.132,0.0839078,0.137328,0.321941
133,0.133,0.0836265,0.136492,0.319368
134,0.134,0.0833497,0.135666,0.316734
135,0.135,0.0830773,0.13485,0.314189
136,0.136,0.0828091,0.134042,0.311689
137,0.137,0.082545,0.133244,0.309132
138,0.138,0.0822849,0.132456,0.306645
139,0.139,0.0820287,0.131676,0.304218
140,0.14,0.0817762,0.130905,0.301735
141,0.141,0.0815272,0.130143,0.299304
142,0.142,0.0812818,0.129389,0.296947
143,0.143,0.0810397,0.128645,0.294538
144,0.144,0.0808009,0.127908,0.29216
145,0.145,0.0805653,0.127181,0.289872
146,0.146,0.0803328,0.126461,0.287535
147,0.147,0.0801032,0.12575,0.285206
148,0.148,0.0798765,0.125047,0.282987
149,0.149,0.0796526,0.124352,0.28072
150,0.15,0.0794314,0.123665,0.278439
151,0.151,0.0792128,0.122985,0.276286
152,0.152,0.0789968,0.122314,0.274088
153,0.153,0.0787833,0.12165,0.271852
154,0.154,0.0785722,0.120993,0.269764
155,0.155,0.0783634,0.120344,0.267634
156,0.156,0.0781568,0.119703,0.265465
157,0.157,0.0779525,0.119068,0.263416
158,0.158,0.0777503,0.118441,0.261352
159,0.159,0.0775502,0.117821,0.259251
160,0.16,0.0773522,0.117208,0.257238
161,0.161,0.0771561,0.116602,0.255238
162,0.162,0.0769619,0.116002,0.253203
163,0.163,0.0767696,0.115409,0.251223
164,0.164,0.0765791,0.114823,0.249286
165,0.165,0.0763904,0.114244,0.247316
166,0.166,0.0762035,0.113671,0.245368
167,0.167,0.0760182,0.113104,0.243493
168,0.168,0.0758346,0.112543,0.241586
169,0.169,0.0756526,0.111989,0.239669
170,0.17,0.0754721,0.111441,0.237853
171,0.171,0.0752932,0.110899,0.236008
172,0.172,0.0751158,0.110362,0.234136
173,0.173,0.0749399,0.109832,0.232362
174,0.174,0.0747654,0.109307,0.230577
175,0.175,0.0745923,0.108788,0.228767
176,0.176,0.0744206,0.108275,0.227016
177,0.177,0.0742503,0.107767,0.22529
178,0.178,0.0740812,0.107265,0.223539
179,0.179,0.0739135,0.106768,0.221811
180,0.18,0.073747,0.106277,0.220141
181,0.181,0.0735818,0.105791,0.21845
182,0.182,0.0734178,0.10531,0.216742
183,0.183,0.0732551,0.104834,0.215128
184,0.184,0.0730934,0.104363,0.213493
185,0.185,0.072933,0.103897,0.21184
186,0.186,0.0727737,0.103436,0.210246
187,0.187,0.0726155,0.10298,0.208667
188,0.188,0.0724585,0.102528,0.20707
189,0.189,0.0723025,0.102082,0.205492
190,0.19,0.0721475,0.101639,0.203966
191,0.191,0.0719937,0.101202,0.202424
192,0.192,0.0718408,0.100769,0.200867
193,0.193,0.071689,0.100341,0.199388
194,0.194,0.0715382,0.0999165,0.197899
195,0.195,0.0713884,0.0994968,0.196397
196,0.196,0.0712395,0.0990813,0.194929
197,0.197,0.0710917,0.09867,0.193492
198,0.198,0.0709447,0.0982629,0.192042
199,0.199,0.0707987,0.09786,0.190584
200,0.2,0.0706537,0.097461,0.189198
201,0.201,0.0705095,0.0970661,0.187799
202,0.202,0.0703663,0.0966751,0.186391
203,0.203,0.0702239,0.096288,0.185015
204,0.204,0.0700824,0.0959047,0.183666
205,0.205,0.0699418,0.0955252,0.182308
206,0.206,0.069802,0.0951494,0.180941
207,0.207,0.0696631,0.0947773,0.179638
208,0.208,0.069525,0.0944088,0.178329
209,0.209,0.0693878,0.0940439,0.177013
210,0.21,0.0692513,0.0936826,0.175714
211,0.211,0.0691157,0.0933247,0.174452
212,0.212,0.0689809,0.0929703,0.173184
213,0.213,0.0688469,0.0926192,0.17191
214,0.214,0.0687136,0.0922715,0.170673
215,0.215,0.0685811,0.0919271,0.169451
216,0.216,0.0684494,0.091586,0.168225
217,0.217,0.0683185,0.091248,0.166995
218,0.218,0.0681883,0.0909133,0.165813
219,0.219,0.0680588,0.0905816,0.164633
220,0.22,0.0679301,0.0902531,0.163448
221,0.221,0.0678021,0.0899275,0.162266
222,0.222,0.0676748,0.089605,0.16113
223,0.223,0.0675483,0.0892855,0.159991
224,0.224,0.0674224,0.0889688,0.15885
225,0.225,0.0672973,0.0886551,0.157715
226,0.226,0.0671728,0.0883442,0.156619
227,0.227,0.067049,0.0880361,0.155521
228,0.228,0.0669259,0.0877308,0.154423
229,0.229,0.0668035,0.0874282,0.15333
230,0.23,0.0666817,0.0871283,0.152275
231,0.231,0.0665606,0.086831,0.151219
232,0.232,0.0664402,0.0865364,0.150165
233,0.233,0.0663204,0.0862444,0.149112
234,0.234,0.0662012,0.0859549,0.148093
235,0.235,0.0660827,0.085668,0.14708
236,0.236,0.0659648,0.0853836,0.146069
237,0.237,0.0658476,0.0851016,0.14506
238,0.238,0.065731,0.084822,0.14407
239,0.239,0.0656149,0.0845449,0.143099
240,0.24,0.0654995,0.0842701,0.14213
241,0.241,0.0653847,0.0839976,0.141165
242,0.242,0.0652705,0.0837275,0.140205
243,0.243,0.0651569,0.0834596,0.139269
244,0.244,0.0650438,0.0831939,0.138343
245,0.245,0.0649314,0.0829305,0.137422
246,0.246,0.0648195,0.0826693,0.136505
247,0.247,0.0647082,0.0824102,0.135595
248,0.248,0.0645975,0.0821533,0.134703
249,0.249,0.0644873,0.0818984,0.133824
250,0.25,0.0643777,0.0816457,0.132951
251,0.251,0.0642686,0.081395,0.132083
252,0.252,0.0641601,0.0811463,0.131223
253,0.253,0.0640522,0.0808996,0.13037
254,0.254,0.0639447,0.0806549,0.129536
255,0.255,0.0638378,0.0804122,0.128711
256,0.256,0.0637315,0.0801713,0.127893
257,0.257,0.0636256,0.0799324,0.127084
258,0.258,0.0635203,0.0796954,0.126282
259,0.259,0.0634155,0.0794602,0.125489
260,0.26,0.0633112,0.0792268,0.124705
261,0.261,0.0632075,0.0789953,0.12393
262,0.262,0.0631042,0.0787655,0.123168
263,0.263,0.0630014,0.0785375,0.122417
264,0.264,0.0628991,0.0783113,0.121675
265,0.265,0.0627974,0.0780867,0.120943
266,0.266,0.0626961,0.0778639,0.12022
267,0.267,0.0625952,0.0776427,0.119507
268,0.268,0.0624949,0.0774233,0.118805
269,0.269,0.062395,0.0772054,0.118113
270,0.27,0.0622956,0.0769892,0.117431
271,0.271,0.0621967,0.0767745,0.116762
272,0.272,0.0620982,0.0765615,0.116107
273,0.273,0.0620002,0.07635,0.115465
274,0.274,0.0619027,0.0761401,0.114834
275,0.275,0.0618056,0.0759317,0.114217
276,0.276,0.0617089,0.0757247,0.113619
277,0.277,0.0616127,0.0755193,0.11304
278,0.278,0.0615169,0.0753154,0.112486
279,0.279,0.0614216,0.0751129,0.111979
280,0.28,0.0613267,0.0749118,0.111591
281,0.281,0.0612322,0.0747122,0.111238
282,0.282,0.0611382,0.074514,0.110901
283,0.283,0.0610445,0.0743171,0.110575
284,0.284,0.0609513,0.0741217,0.11026
285,0.285,0.0608585,0.0739275,0.109951
286,0.286,0.0607661,0.0737348,0.109647
287,0.287,0.0606741,0.0735433,0.109349
288,0.288,0.0605825,0.0733532,0.109057
289,0.289,0.0604913,0.0731643,0.108769
290,0.29,0.0604005,0.0729768,0.108483
291,0.291,0.0603101,0.0727905,0.1082
292,0.292,0.06022,0.0726054,0.10792
293,0.293,0.0601304,0.0724216,0.107643
294,0.294,0.0600411,0.072239,0.107368
295,0.295,0.0599522,0.0720577,0.107095
296,0.296,0.0598637,0.0718775,0.106824
297,0.297,0.0597755,0.0716985,0.106555
298,0.298,0.0596877,0.0715207,0.106288
299,0.299,0.0596003,0.071344,0.106022
300,0.3,0.0595132,0.0711685,0.105758
301,0.301,0.0594264,0.0709941,0.105496
302,0.302,0.05934,0.0708208,0.105234
303,0.303,0.059254,0.0706486,0.104974
304,0.304,0.0591683,0.0704776,0.104715
305,0.305,0.0590829,0.0703076,0.104458
306,0.306,0.0589978,0.0701387,0.104201
307,0.307,0.0589131,0.0699708,0.103945
308,0.308,0.0588287,0.069804,0.10369
309,0.309,0.0587446,0.0696382,0.103436
310,0.31,0.0586608,0.0694735,0.103182
311,0.311,0.0585773,0.0693098,0.102929
312,0.312,0.0584941,0.069147,0.102677
313,0.313,0.0584113,0.0689853,0.102425
314,0.314,0.0583287,0.0688246,0.102175
315,0.315,0.0582464,0.0686648,0.101927
316,0.316,0.0581644,0.068506,0.10168
317,0.317,0.0580827,0.0683481,0.101434
318,0.318,0.0580012,0.0681912,0.101187
319,0.319,0.0579201,0.0680352,0.100942
320,0.32,0.0578391,0.0678802,0.100696
321,0.321,0.0577585,0.067726,0.100452
322,0.322,0.0576781,0.0675728,0.100207
323,0.323,0.057598,0.0674204,0.0999631
324,0.324,0.0575181,0.067269,0.0997195
325,0.325,0.0574385,0.0671184,0.0994763
326,0.326,0.057359,0.0669687,0.0992367
327,0.327,0.0572799,0.0668198,0.0989974
328,0.328,0.0572009,0.0666718,0.0987585
329,0.329,0.0571222,0.0665246,0.09852
330,0.33,0.0570437,0.0663783,0.0982818
331,0.331,0.0569654,0.0662328,0.098044
332,0.332,0.0568873,0.0660881,0.0978066
333,0.333,0.0568094,0.0659442,0.0975694
334,0.334,0.0567318,0.0658011,0.0973327
335,0.335,0.0566543,0.0656588,0.0970963
336,0.336,0.0565769,0.0655173,0.0968625
337,0.337,0.0564998,0.0653766,0.0966301
338,0.338,0.0564228,0.0652366,0.096398
339,0.339,0.0563461,0.0650974,0.0961664
340,0.34,0.0562694,0.0649589,0.095935
341,0.341,0.056193,0.0648212,0.0957041
342,0.342,0.0561166,0.0646842,0.0954735
343,0.343,0.0560405,0.0645479,0.0952433
344,0.344,0.0559644,0.0644124,0.0950135
345,0.345,0.0558885,0.0642775,0.0947841
346,0.346,0.0558127,0.0641434,0.0945566
347,0.347,0.0557371,0.06401,0.0943312
348,0.348,0.0556615,0.0638773,0.0941061
349,0.349,0.0555861,0.0637452,0.0938815
350,0.35,0.0555108,0.0636138,0.0936572
351,0.351,0.0554355,0.0634831,0.0934334
352,0.352,0.0553604,0.063353,0.09321
353,0.353,0.0552853,0.0632236,0.0929871
354,0.354,0.0552104,0.0630949,0.0927646
355,0.355,0.0551355,0.0629668,0.0925425
356,0.356,0.0550606,0.0628393,0.0923213
357,0.357,0.0549858,0.0627124,0.0921031
358,0.358,0.0549111,0.0625862,0.0918854
359,0.359,0.0548364,0.0624606,0.0916681
360,0.36,0.0547618,0.0623355,0.0914513
361,0.361,0.0546872,0.0622111,0.091235
362,0.362,0.0546126,0.0620873,0.0910192
363,0.363,0.0545381,0.061964,0.0908039
364,0.364,0.0544636,0.0618413,0.0905891
365,0.365,0.0543891,0.0617192,0.0903748
366,0.366,0.0543145,0.0615977,0.090161
367,0.367,0.05424,0.0614767,0.0899487
368,0.368,0.0541655,0.0613562,0.0897386
369,0.369,0.054091,0.0612363,0.0895291
370,0.37,0.0540164,0.061117,0.0893201
371,0.371,0.0539418,0.0609981,0.0891116
372,0.372,0.0538672,0.0608798,0.0889037
373,0.373,0.0537926,0.060762,0.0886963
374,0.374,0.0537179,0.0606447,0.0884895
375,0.375,0.0536432,0.0605279,0.0882832
376,0.376,0.0535684,0.0604116,0.0880775
377,0.377,0.0534936,0.0602958,0.0878724
378,0.378,0.0534187,0.0601804,0.0876679
379,0.379,0.0533437,0.0600656,0.0874662
380,0.38,0.0532687,0.0599512,0.0872652
381,0.381,0.0531935,0.0598372,0.0870648
382,0.382,0.0531183,0.0597238,0.0868649
383,0.383,0.053043,0.0596107,0.0866656
384,0.384,0.0529677,0.0594981,0.0864669
385,0.385,0.0528922,0.059386,0.0862688
386,0.386,0.0528166,0.0592743,0.0860713
387,0.387,0.0527409,0.0591629,0.0858744
388,0.388,0.0526651,0.0590521,0.085678
389,0.389,0.0525892,0.0589416,0.0854823
390,0.39,0.0525132,0.0588315,0.0852872
391,0.391,0.0524371,0.0587218,0.0850948
392,0.392,0.0523608,0.0586125,0.0849031
393,0.393,0.0522844,0.0585036,0.0847119
394,0.394,0.0522079,0.0583951,0.0845213
395,0.395,0.0521312,0.0582869,0.0843313
396,0.396,0.0520544,0.0581791,0.0841419
397,0.397,0.0519775,0.0580717,0.0839532
398,0.398,0.0519004,0.0579646,0.083765
399,0.399,0.0518232,0.0578579,0.0835774
400,0.4,0.0517458,0.0577515,0.0833905
401,0.401,0.0516683,0.0576455,0.0832042
402,0.402,0.0515907,0.0575398,0.0830185
403,0.403,0.0515129,0.0574344,0.082834
404,0.404,0.0514349,0.0573294,0.0826514
405,0.405,0.0513568,0.0572246,0.0824694
406,0.406,0.0512785,0.0571202,0.082288
407,0.407,0.0512001,0.0570161,0.0821072
408,0.408,0.0511215,0.0569123,0.081927
409,0.409,0.0510428,0.0568088,0.0817474
410,0.41,0.0509639,0.0567056,0.0815684
411,0.411,0.0508849,0.0566027,0.08139
412,0.412,0.0508057,0.0565,0.0812122
413,0.413,0.0507263,0.0563977,0.081035
414,0.414,0.0506468,0.0562956,0.0808584
415,0.415,0.0505672,0.0561938,0.0806824
416,0.416,0.0504874,0.0560923,0.0805073
417,0.417,0.0504074,0.055991,0.0803342
418,0.418,0.0503273,0.05589,0.0801617
419,0.419,0.050247,0.0557893,0.0799898
420,0.42,0.0501666,0.0556888,0.0798185
421,0.421,0.0500861,0.0555885,0.0796477
422,0.422,0.0500054,0.0554886,0.0794775
423,0.423,0.0499246,0.0553888,0.0793079
424,0.424,0.0498436,0.0552893,0.0791389
425,0.425,0.0497625,0.0551901,0.0789705
426,0.426,0.0496813,0.0550911,0.0788026
427,0.427,0.0495999,0.0549923,0.0786353
428,0.428,0.0495184,0.0548937,0.0784686
429,0.429,0.0494368,0.0547954,0.0783024
430,0.43,0.0493551,0.0546974,0.0781376
431,0.431,0.0492732,0.0545995,0.0779741
432,0.432,0.0491913,0.0545019,0.0778113
433,0.433,0.0491092,0.0544045,0.0776489
434,0.434,0.049027,0.0543073,0.0774871
435,0.435,0.0489448,0.0542103,0.0773259
436,0.436,0.0488624,0.0541136,0.0771652
437,0.437,0.04878,0.0540171,0.077005
438,0.438,0.0486974,0.0539208,0.0768454
439,0.439,0.0486148,0.0538247,0.0766864
440,0.44,0.0485321,0.0537288,0.0765279
441,0.441,0.0484493,0.0536331,0.0763699
442,0.442,0.0483665,0.0535376,0.0762124
443,0.443,0.0482836,0.0534424,0.0760555
444,0.444,0.0482006,0.0533474,0.0758998
445,0.445,0.0481176,0.0532525,0.0757454
446,0.446,0.0480346,0.0531579,0.0755915
447,0.447,0.0479515,0.0530635,0.0754381
448,0.448,0.0478683,0.0529693,0.0752853
449,0.449,0.0477852,0.0528752,0.0751329
450,0.45,0.047702,0.0527814,0.0749811
451,0.451,0.0476188,0.0526878,0.0748298
452,0.452,0.0475355,0.0525944,0.074679
453,0.453,0.0474523,0.0525012,0.0745287
454,0.454,0.047369,0.0524082,0.0743789
455,0.455,0.0472858,0.0523154,0.0742296
456,0.456,0.0472026,0.0522228,0.0740808
457,0.457,0.0471193,0.0521304,0.0739324
458,0.458,0.0470361,0.0520382,0.0737848
459,0.459,0.0469529,0.0519462,0.0736388
460,0.46,0.0468698,0.0518544,0.0734934
461,0.461,0.0467866,0.0517628,0.0733483
462,0.462,0.0467035,0.0516714,0.0732038
463,0.463,0.0466205,0.0515801,0.0730597
464,0.464,0.0465375,0.0514891,0.0729162
465,0.465,0.0464545,0.0513983,0.072773
466,0.466,0.0463716,0.0513076,0.0726304
467,0.467,0.0462888,0.0512172,0.0724882
468,0.468,0.046206,0.0511269,0.0723465
469,0.469,0.0461234,0.0510369,0.0722052
470,0.47,0.0460407,0.050947,0.0720644
471,0.471,0.0459582,0.0508573,0.0719241
472,0.472,0.0458758,0.0507679,0.0717842
473,0.473,0.0457934,0.0506786,0.0716456
474,0.474,0.0457112,0.0505895,0.0715079
475,0.475,0.045629,0.0505005,0.0713706
476,0.476,0.045547,0.0504118,0.0712338
477,0.477,0.045465,0.0503233,0.0710974
478,0.478,0.0453832,0.0502349,0.0709614
479,0.479,0.0453015,0.0501467,0.0708259
480,0.48,0.0452199,0.0500588,0.0706908
481,0.481,0.0451384,0.049971,0.0705561
482,0.482,0.045057,0.0498833,0.0704219
483,0.483,0.0449758,0.0497959,0.0702881
484,0.484,0.0448947,0.0497086,0.0701547
485,0.485,0.0448138,0.0496216,0.0700217
486,0.486,0.044733,0.0495347,0.0698892
487,0.487,0.0446523,0.049448,0.069757
488,0.488,0.0445718,0.0493614,0.0696265
489,0.489,0.0444914,0.0492751,0.0694964
490,0.49,0.0444112,0.0491889,0.0693667
491,0.491,0.0443312,0.0491029,0.0692374
492,0.492,0.0442513,0.0490171,0.0691085
493,0.493,0.0441715,0.0489314,0.06898
494,0.494,0.0440919,0.048846,0.0688519
495,0.495,0.0440125,0.0487607,0.0687242
496,0.496,0.0439332,0.0486755,0.0685969
497,0.497,0.0438541,0.0485906,0.06847
498,0.498,0.0437752,0.0485058,0.0683434
499,0.499,0.0436965,0.0484212,0.0682173
500,0.5,0.0436179,0.0483367,0.0680915
