x,rho,u,v,w,p,Bx,By,Bz
-4.9875000000e-01,9.9684412886e-01,2.9318707759e-02,4.7077942982e-02,0.0000000000e+00,9.9256888752e-01,7.5078536587e-01,1.0138901985e+00,0.0000000000e+00
-4.9625000000e-01,9.9755080407e-01,2.9310521313e-02,4.8011305890e-02,0.0000000000e+00,9.9309036709e-01,7.5235532254e-01,1.0138946619e+00,0.0000000000e+00
-4.9375000000e-01,9.9842641498e-01,2.9098422374e-02,4.8231450847e-02,0.0000000000e+00,9.9455911515e-01,7.5392295479e-01,1.0132906958e+00,0.0000000000e+00
-4.9125000000e-01,9.9922241273e-01,2.8864060679e-02,4.8403919740e-02,0.0000000000e+00,9.9607396524e-01,7.5548671555e-01,1.0126625006e+00,0.0000000000e+00
-4.8875000000e-01,1.0000075869e+00,2.8612738550e-02,4.8535374918e-02,0.0000000000e+00,9.9761854120e-01,7.5704506160e-01,1.0120158959e+00,0.0000000000e+00
-4.8625000000e-01,1.0007989200e+00,2.8344574902e-02,4.8625457531e-02,0.0000000000e+00,9.9919049037e-01,7.5859645501e-01,1.0113518595e+00,0.0000000000e+00
-4.8375000000e-01,1.0015983842e+00,2.8059649141e-02,4.8673793476e-02,0.0000000000e+00,1.0007875646e+00,7.6013936477e-01,1.0106713518e+00,0.0000000000e+00
-4.8125000000e-01,1.0024052316e+00,2.7758060149e-02,4.8680063451e-02,0.0000000000e+00,1.0024074698e+00,7.6167226819e-01,1.0099753596e+00,0.0000000000e+00
-4.7875000000e-01,1.0032183325e+00,2.7439925679e-02,4.8643998662e-02,0.0000000000e+00,1.0040478654e+00,7.6319365250e-01,1.0092648958e+00,0.0000000000e+00
-4.7625000000e-01,1.0040365080e+00,2.7105379580e-02,4.8565372628e-02,0.0000000000e+00,1.0057063583e+00,7.6470201626e-01,1.0085410041e+00,0.0000000000e+00
-4.7375000000e-01,1.0048585614e+00,2.6754567624e-02,4.8443983602e-02,0.0000000000e+00,1.0073804878e+00,7.6619587091e-01,1.0078047725e+00,0.0000000000e+00
-4.7125000000e-01,1.0056832662e+00,2.6387638518e-02,4.8279619962e-02,0.0000000000e+00,1.0090676935e+00,7.6767374219e-01,1.0070573591e+00,0.0000000000e+00
-4.6875000000e-01,1.0065093327e+00,2.6004724473e-02,4.8071993852e-02,0.0000000000e+00,1.0107652465e+00,7.6913417162e-01,1.0063000442e+00,0.0000000000e+00
-4.6625000000e-01,1.0073353558e+00,2.5605913221e-02,4.7820637912e-02,0.0000000000e+00,1.0124701454e+00,7.7057571793e-01,1.0055343122e+00,0.0000000000e+00
-4.6375000000e-01,1.0081597416e+00,2.5191206070e-02,4.7524755911e-02,0.0000000000e+00,1.0141789660e+00,7.7199695849e-01,1.0047619700e+00,0.0000000000e+00
-4.6125000000e-01,1.0089806165e+00,2.4760464163e-02,4.7183034992e-02,0.0000000000e+00,1.0158876769e+00,7.7339649071e-01,1.0039852957e+00,0.0000000000e+00
-4.5875000000e-01,1.0097957331e+00,2.4313349129e-02,4.6793444050e-02,0.0000000000e+00,1.0175914461e+00,7.7477293342e-01,1.0032071970e+00,0.0000000000e+00
-4.5625000000e-01,1.0106023944e+00,2.3849269795e-02,4.6353061347e-02,0.0000000000e+00,1.0192844847e+00,7.7612492824e-01,1.0024313454e+00,0.0000000000e+00
-4.5375000000e-01,1.0113974248e+00,2.3367350775e-02,4.5857986922e-02,0.0000000000e+00,1.0209599837e+00,7.7745114090e-01,1.0016622414e+00,0.0000000000e+00
-4.5125000000e-01,1.0121772122e+00,2.2866439181e-02,4.5303394253e-02,0.0000000000e+00,1.0226101949e+00,7.7875026260e-01,1.0009051681e+00,0.0000000000e+00
-4.4875000000e-01,1.0129378355e+00,2.2345161126e-02,4.4683756761e-02,0.0000000000e+00,1.0242266869e+00,7.8002101127e-01,1.0001660039e+00,0.0000000000e+00
-4.4625000000e-01,1.0136752749e+00,2.1802030316e-02,4.3993250250e-02,0.0000000000e+00,1.0258007713e+00,7.8126213282e-01,9.9945089667e-01,0.0000000000e+00
-4.4375000000e-01,1.0143856803e+00,2.1235598982e-02,4.3226290362e-02,0.0000000000e+00,1.0273240513e+00,7.8247240242e-01,9.9876582960e-01,0.0000000000e+00
-4.4125000000e-01,1.0150656585e+00,2.0644630112e-02,4.2378127084e-02,0.0000000000e+00,1.0287890129e+00,7.8365062568e-01,9.9811614386e-01,0.0000000000e+00
-4.3875000000e-01,1.0157125299e+00,2.0028262943e-02,4.1445397773e-02,0.0000000000e+00,1.0301895587e+00,7.8479563983e-01,9.9750609504e-01,0.0000000000e+00
-4.3625000000e-01,1.0163245112e+00,1.9386143309e-02,4.0426543253e-02,0.0000000000e+00,1.0315213952e+00,7.8590631489e-01,9.9693851999e-01,0.0000000000e+00
-4.3375000000e-01,1.0169007945e+00,1.8718496893e-02,3.9322017636e-02,0.0000000000e+00,1.0327822093e+00,7.8698155475e-01,9.9641466869e-01,0.0000000000e+00
-4.3125000000e-01,1.0174415133e+00,1.8026134936e-02,3.8134264177e-02,0.0000000000e+00,1.0339716157e+00,7.8802029828e-01,9.9593422282e-01,0.0000000000e+00
-4.2875000000e-01,1.0179476089e+00,1.7310395213e-02,3.6867474946e-02,0.0000000000e+00,1.0350908974e+00,7.8902152037e-01,9.9549548623e-01,0.0000000000e+00
-4.2625000000e-01,1.0184206263e+00,1.6573032551e-02,3.5527189608e-02,0.0000000000e+00,1.0361426004e+00,7.8998423292e-01,9.9509570305e-01,0.0000000000e+00
-4.2375000000e-01,1.0188624778e+00,1.5816080385e-02,3.4119809914e-02,0.0000000000e+00,1.0371300569e+00,7.9090748587e-01,9.9473144202e-01,0.0000000000e+00
-4.2125000000e-01,1.0192752115e+00,1.5041706528e-02,3.2652108997e-02,0.0000000000e+00,1.0380569154e+00,7.9179036807e-01,9.9439898432e-01,0.0000000000e+00
-4.1875000000e-01,1.0196608136e+00,1.4252083212e-02,3.1130800959e-02,0.0000000000e+00,1.0389267373e+00,7.9263200822e-01,9.9409466267e-01,0.0000000000e+00
-4.1625000000e-01,1.0200210641e+00,1.3449285054e-02,2.9562212861e-02,0.0000000000e+00,1.0397426988e+00,7.9343157572e-01,9.9381511873e-01,0.0000000000e+00
-4.1375000000e-01,1.0203574484e+00,1.2635221093e-02,2.7952075353e-02,0.0000000000e+00,1.0405074082e+00,7.9418828150e-01,9.9355746599e-01,0.0000000000e+00
-4.1125000000e-01,1.0206711231e+00,1.1811600315e-02,2.6305426012e-02,0.0000000000e+00,1.0412228313e+00,7.9490137879e-01,9.9331936327e-01,0.0000000000e+00
-4.0875000000e-01,1.0209629226e+00,1.0979925284e-02,2.4626604442e-02,0.0000000000e+00,1.0418903029e+00,7.9557016383e-01,9.9309901554e-01,0.0000000000e+00
-4.0625000000e-01,1.0212333943e+00,1.0141506031e-02,2.2919311370e-02,0.0000000000e+00,1.0425105952e+00,7.9619397663e-01,9.9289512425e-01,0.0000000000e+00
-4.0375000000e-01,1.0214828482e+00,9.2974860426e-03,2.1186703965e-02,0.0000000000e+00,1.0430840188e+00,7.9677220154e-01,9.9270680934e-01,0.0000000000e+00
-4.0125000000e-01,1.0217114112e+00,8.4488732784e-03,1.9431504172e-02,0.0000000000e+00,1.0436105318e+00,7.9730426794e-01,9.9253352106e-01,0.0000000000e+00
-3.9875000000e-01,1.0219190779e+00,7.5965710203e-03,1.7656103529e-02,0.0000000000e+00,1.0440898442e+00,7.9778965074e-01,9.9237495498e-01,0.0000000000e+00
-3.9625000000e-01,1.0221057549e+00,6.7414053430e-03,1.5862654645e-02,0.0000000000e+00,1.0445215081e+00,7.9822787092e-01,9.9223097769e-01,0.0000000000e+00
-3.9375000000e-01,1.0222712956e+00,5.8841476961e-03,1.4053145124e-02,0.0000000000e+00,1.0449049900e+00,7.9861849602e-01,9.9210156661e-01,0.0000000000e+00
-3.9125000000e-01,1.0224155271e+00,5.0255323356e-03,1.2229453635e-02,0.0000000000e+00,1.0452397260e+00,7.9896114053e-01,9.9198676409e-01,0.0000000000e+00
-3.8875000000e-01,1.0225382691e+00,4.1662690947e-03,1.0393390159e-02,0.0000000000e+00,1.0455251618e+00,7.9925546631e-01,9.9188664416e-01,0.0000000000e+00
-3.8625000000e-01,1.0226393475e+00,3.3070523404e-03,8.5467234211e-03,0.0000000000e+00,1.0457607805e+00,7.9950118289e-01,9.9180128959e-01,0.0000000000e+00
-3.8375000000e-01,1.0227186028e+00,2.4485670308e-03,6.6911986704e-03,0.0000000000e+00,1.0459461217e+00,7.9969804777e-01,9.9173077667e-01,0.0000000000e+00
-3.8125000000e-01,1.0227758964e+00,1.5914926884e-03,4.8285485983e-03,0.0000000000e+00,1.0460807939e+00,7.9984586669e-01,9.9167516554e-01,0.0000000000e+00
-3.7875000000e-01,1.0228111140e+00,7.3650592708e-04,2.9604996215e-03,0.0000000000e+00,1.0461644821e+00,7.9994449375e-01,9.9163449437e-01,0.0000000000e+00
-3.7625000000e-01,1.0228241679e+00,-1.1571804896e-04,1.0887751623e-03,0.0000000000e+00,1.0461969532e+00,7.9999383162e-01,9.9160877586e-01,0.0000000000e+00
-3.7375000000e-01,1.0228150300e+00,-9.6451361842e-04,-7.8491356326e-04,0.0000000000e+00,1.0461780352e+00,7.9999383162e-01,9.9159800265e-01,0.0000000000e+00
-3.7125000000e-01,1.0227836515e+00,-1.8092172429e-03,-2.6588580595e-03,0.0000000000e+00,1.0461076870e+00,7.9994449375e-01,9.9160212409e-01,0.0000000000e+00
-3.6875000000e-01,1.0227300159e+00,-2.6491571029e-03,-4.5313397237e-03,0.0000000000e+00,1.0459859402e+00,7.9984586669e-01,9.9162106433e-01,0.0000000000e+00
-3.6625000000e-01,1.0226541488e+00,-3.4836615714e-03,-6.4006390073e-03,0.0000000000e+00,1.0458129065e+00,7.9969804777e-01,9.9165471869e-01,0.0000000000e+00
-3.6375000000e-01,1.0225561026e+00,-4.3120630715e-03,-8.2650377248e-03,0.0000000000e+00,1.0455887801e+00,7.9950118289e-01,9.9170295109e-01,0.0000000000e+00
-3.6125000000e-01,1.0224359553e+00,-5.1337010029e-03,-1.0122819104e-02,0.0000000000e+00,1.0453138341e+00,7.9925546631e-01,9.9176559250e-01,0.0000000000e+00
-3.5875000000e-01,1.0222938079e+00,-5.9479256357e-03,-1.1972267608e-02,0.0000000000e+00,1.0449884157e+00,7.9896114053e-01,9.9184243880e-01,0.0000000000e+00
-3.5625000000e-01,1.0221297815e+00,-6.7541029309e-03,-1.3811668525e-02,0.0000000000e+00,1.0446129395e+00,7.9861849602e-01,9.9193324825e-01,0.0000000000e+00
-3.5375000000e-01,1.0219440147e+00,-7.5516201344e-03,-1.5639307350e-02,0.0000000000e+00,1.0441878804e+00,7.9822787092e-01,9.9203773843e-01,0.0000000000e+00
-3.5125000000e-01,1.0217366595e+00,-8.3398918438e-03,-1.7453469065e-02,0.0000000000e+00,1.0437137656e+00,7.9778965074e-01,9.9215558299e-01,0.0000000000e+00
-3.4875000000e-01,1.0215078780e+00,-9.1183661096e-03,-1.9252437440e-02,0.0000000000e+00,1.0431911662e+00,7.9730426794e-01,9.9228640849e-01,0.0000000000e+00
-3.4625000000e-01,1.0212578388e+00,-9.8865300058e-03,-2.1034494539e-02,0.0000000000e+00,1.0426206896e+00,7.9677220154e-01,9.9242979173e-01,0.0000000000e+00
-3.4375000000e-01,1.0209867148e+00,-1.0643914026e-02,-2.2797920606e-02,0.0000000000e+00,1.0420029728e+00,7.9619397663e-01,9.9258525790e-01,0.0000000000e+00
-3.4125000000e-01,1.0206946814e+00,-1.1390094650e-02,-2.4540994552e-02,0.0000000000e+00,1.0413386781e+00,7.9557016383e-01,9.9275228011e-01,0.0000000000e+00
-3.3875000000e-01,1.0203819159e+00,-1.2124694491e-02,-2.6261995195e-02,0.0000000000e+00,1.0406284912e+00,7.9490137879e-01,9.9293028071e-01,0.0000000000e+00
-3.3625000000e-01,1.0200485993e+00,-1.2847379589e-02,-2.7959203396e-02,0.0000000000e+00,1.0398731223e+00,7.9418828150e-01,9.9311863452e-01,0.0000000000e+00
-3.3375000000e-01,1.0196949191e+00,-1.3557853668e-02,-2.9630905139e-02,0.0000000000e+00,1.0390733117e+00,7.9343157572e-01,9.9331667435e-01,0.0000000000e+00
-3.3125000000e-01,1.0193210738e+00,-1.4255849413e-02,-3.1275395537e-02,0.0000000000e+00,1.0382298369e+00,7.9263200822e-01,9.9352369848e-01,0.0000000000e+00
-3.2875000000e-01,1.0189272794e+00,-1.4941117211e-02,-3.2890983638e-02,0.0000000000e+00,1.0373435242e+00,7.9179036807e-01,9.9373898011e-01,0.0000000000e+00
-3.2625000000e-01,1.0185137764e+00,-1.5613412014e-02,-3.4475997823e-02,0.0000000000e+00,1.0364152613e+00,7.9090748587e-01,9.9396177797e-01,0.0000000000e+00
-3.2375000000e-01,1.0180808372e+00,-1.6272479277e-02,-3.6028791526e-02,0.0000000000e+00,1.0354460112e+00,7.8998423292e-01,9.9419134780e-01,0.0000000000e+00
-3.2125000000e-01,1.0176287736e+00,-1.6918041043e-02,-3.7547748946e-02,0.0000000000e+00,1.0344368254e+00,7.8902152037e-01,9.9442695366e-01,0.0000000000e+00
-3.1875000000e-01,1.0171579442e+00,-1.7549783271e-02,-3.9031290427e-02,0.0000000000e+00,1.0333888563e+00,7.8802029828e-01,9.9466787855e-01,0.0000000000e+00
-3.1625000000e-01,1.0166687588e+00,-1.8167345420e-02,-4.0477877214e-02,0.0000000000e+00,1.0323033653e+00,7.8698155475e-01,9.9491343348e-01,0.0000000000e+00
-3.1375000000e-01,1.0161616830e+00,-1.8770313104e-02,-4.1886015329e-02,0.0000000000e+00,1.0311817293e+00,7.8590631489e-01,9.9516296449e-01,0.0000000000e+00
-3.1125000000e-01,1.0156372390e+00,-1.9358214335e-02,-4.3254258419e-02,0.0000000000e+00,1.0300254406e+00,7.8479563983e-01,9.9541585734e-01,0.0000000000e+00
-3.0875000000e-01,1.0150960058e+00,-1.9930519540e-02,-4.4581209523e-02,0.0000000000e+00,1.0288361046e+00,7.8365062568e-01,9.9567153953e-01,0.0000000000e+00
-3.0625000000e-01,1.0145386158e+00,-2.0486645202e-02,-4.5865521792e-02,0.0000000000e+00,1.0276154314e+00,7.8247240242e-01,9.9592948002e-01,0.0000000000e+00
-3.0375000000e-01,1.0139657508e+00,-2.1025960685e-02,-4.7105898306e-02,0.0000000000e+00,1.0263652252e+00,7.8126213282e-01,9.9618918668e-01,0.0000000000e+00
-3.0125000000e-01,1.0133781360e+00,-2.1547797535e-02,-4.8301091164e-02,0.0000000000e+00,1.0250873698e+00,7.8002101127e-01,9.9645020212e-01,0.0000000000e+00
-2.9875000000e-01,1.0127765328e+00,-2.2051460452e-02,-4.9449900123e-02,0.0000000000e+00,1.0237838129e+00,7.7875026260e-01,9.9671209833e-01,0.0000000000e+00
-2.9625000000e-01,1.0121617320e+00,-2.2536239027e-02,-5.0551171004e-02,0.0000000000e+00,1.0224565491e+00,7.7745114090e-01,9.9697447079e-01,0.0000000000e+00
-2.9375000000e-01,1.0115345462e+00,-2.3001419430e-02,-5.1603794136e-02,0.0000000000e+00,1.0211076037e+00,7.7612492824e-01,9.9723693261e-01,0.0000000000e+00
-2.9125000000e-01,1.0108958029e+00,-2.3446295301e-02,-5.2606703030e-02,0.0000000000e+00,1.0197390167e+00,7.7477293342e-01,9.9749910901e-01,0.0000000000e+00
-2.8875000000e-01,1.0102463382e+00,-2.3870177282e-02,-5.3558873446e-02,0.0000000000e+00,1.0183528285e+00,7.7339649071e-01,9.9776063270e-01,0.0000000000e+00
-2.8625000000e-01,1.0095869915e+00,-2.4272400775e-02,-5.4459322977e-02,0.0000000000e+00,1.0169510679e+00,7.7199695849e-01,9.9802114023e-01,0.0000000000e+00
-2.8375000000e-01,1.0089186012e+00,-2.4652331703e-02,-5.5307111187e-02,0.0000000000e+00,1.0155357418e+00,7.7057571793e-01,9.9828026930e-01,0.0000000000e+00
-2.8125000000e-01,1.0082420006e+00,-2.5009370125e-02,-5.6101340361e-02,0.0000000000e+00,1.0141088260e+00,7.6913417162e-01,9.9853765705e-01,0.0000000000e+00
-2.7875000000e-01,1.0075580153e+00,-2.5342951648e-02,-5.6841156858e-02,0.0000000000e+00,1.0126722586e+00,7.6767374219e-01,9.9879293903e-01,0.0000000000e+00
-2.7625000000e-01,1.0068674599e+00,-2.5652546540e-02,-5.7525753083e-02,0.0000000000e+00,1.0112279334e+00,7.6619587091e-01,9.9904574841e-01,0.0000000000e+00
-2.7375000000e-01,1.0061711358e+00,-2.5937656326e-02,-5.8154370148e-02,0.0000000000e+00,1.0097776927e+00,7.6470201626e-01,9.9929571492e-01,0.0000000000e+00
-2.7125000000e-01,1.0054698266e+00,-2.6197807431e-02,-5.8726301313e-02,0.0000000000e+00,1.0083233199e+00,7.6319365250e-01,9.9954246286e-01,0.0000000000e+00
-2.6875000000e-01,1.0047642941e+00,-2.6432541074e-02,-5.9240896432e-02,0.0000000000e+00,1.0068665283e+00,7.6167226819e-01,9.9978560717e-01,0.0000000000e+00
-2.6625000000e-01,1.0040552695e+00,-2.6641398139e-02,-5.9697567759e-02,0.0000000000e+00,1.0054089455e+00,7.6013936477e-01,1.0000247464e+00,0.0000000000e+00
-2.6375000000e-01,1.0033434429e+00,-2.6823897126e-02,-6.0095797619e-02,0.0000000000e+00,1.0039520906e+00,7.5859645501e-01,1.0002594511e+00,0.0000000000e+00
-2.6125000000e-01,1.0026294465e+00,-2.6979502520e-02,-6.0435148701e-02,0.0000000000e+00,1.0024973406e+00,7.5704506160e-01,1.0004892453e+00,0.0000000000e+00
-2.5875000000e-01,1.0019138299e+00,-2.7107580004e-02,-6.0715277954e-02,0.0000000000e+00,1.0010458823e+00,7.5548671555e-01,1.0007135792e+00,0.0000000000e+00
-2.5625000000e-01,1.0011970265e+00,-2.7207333994e-02,-6.0935955340e-02,0.0000000000e+00,9.9959864473e-01,7.5392295479e-01,1.0009317893e+00,0.0000000000e+00
-2.5375000000e-01,1.0004793059e+00,-2.7277721966e-02,-6.1097088974e-02,0.0000000000e+00,9.9815620560e-01,7.5235532254e-01,1.0011430422e+00,0.0000000000e+00
-2.5125000000e-01,9.9976071006e-01,-2.7317339259e-02,-6.1198758398e-02,0.0000000000e+00,9.9671866528e-01,7.5078536587e-01,1.0013462585e+00,0.0000000000e+00
-2.4875000000e-01,9.9904096804e-01,-2.7324265163e-02,-6.1241256249e-02,0.0000000000e+00,9.9528547849e-01,7.4921463413e-01,1.0015400117e+00,0.0000000000e+00
-2.4625000000e-01,9.9831939319e-01,-2.7295869161e-02,-6.1225143329e-02,0.0000000000e+00,9.9385525278e-01,7.4764467746e-01,1.0017223976e+00,0.0000000000e+00
-2.4375000000e-01,9.9759473998e-01,-2.7228576727e-02,-6.1151324523e-02,0.0000000000e+00,9.9242546717e-01,7.4607704521e-01,1.0018908703e+00,0.0000000000e+00
-2.4125000000e-01,9.9686504567e-01,-2.7117561075e-02,-6.1021122197e-02,0.0000000000e+00,9.9099216218e-01,7.4451328445e-01,1.0020420441e+00,0.0000000000e+00
-2.3875000000e-01,9.9612743780e-01,-2.6956402108e-02,-6.0836375254e-02,0.0000000000e+00,9.8954956381e-01,7.4295493840e-01,1.0021714602e+00,0.0000000000e+00
-2.3625000000e-01,9.9537791896e-01,-2.6736696351e-02,-6.0599547259e-02,0.0000000000e+00,9.8808966458e-01,7.4140354499e-01,1.0022733242e+00,0.0000000000e+00
-2.3375000000e-01,9.9461113601e-01,-2.6447637804e-02,-6.0313842561e-02,0.0000000000e+00,9.8660177639e-01,7.3986063523e-01,1.0023402250e+00,0.0000000000e+00
-2.3125000000e-01,9.9382014709e-01,-2.6075593380e-02,-5.9983323746e-02,0.0000000000e+00,9.8507208258e-01,7.3832773181e-01,1.0023628495e+00,0.0000000000e+00
-2.2875000000e-01,9.9299620496e-01,-2.5603706118e-02,-5.9613021561e-02,0.0000000000e+00,9.8348322674e-01,7.3680634750e-01,1.0023297172e+00,0.0000000000e+00
-2.2625000000e-01,9.9212857995e-01,-2.5011567859e-02,-5.9209026286e-02,0.0000000000e+00,9.8181398534e-01,7.3529798374e-01,1.0022269623e+00,0.0000000000e+00
-2.2375000000e-01,9.9120444875e-01,-2.4275008616e-02,-5.8778548133e-02,0.0000000000e+00,9.8003907727e-01,7.3380412909e-01,1.0020381953e+00,0.0000000000e+00
-2.2125000000e-01,9.9020887596e-01,-2.3366050782e-02,-5.8329934216e-02,0.0000000000e+00,9.7812916440e-01,7.3232625781e-01,1.0017444765e+00,0.0000000000e+00
-2.1875000000e-01,9.8912491186e-01,-2.2253070737e-02,-5.7872631216e-02,0.0000000000e+00,9.7605109028e-01,7.3086582838e-01,1.0013244308e+00,0.0000000000e+00
-2.1625000000e-01,9.8793382307e-01,-2.0901197677e-02,-5.7417086377e-02,0.0000000000e+00,9.7376838983e-01,7.2942428207e-01,1.0007545226e+00,0.0000000000e+00
-2.1375000000e-01,9.8661546159e-01,-1.9272959898e-02,-5.6974584622e-02,0.0000000000e+00,9.7124207981e-01,7.2800304151e-01,1.0000095001e+00,0.0000000000e+00
-2.1125000000e-01,9.8514876407e-01,-1.7329164247e-02,-5.6557025932e-02,0.0000000000e+00,9.6843171155e-01,7.2660350929e-01,9.9906299614e-01,0.0000000000e+00
-2.0875000000e-01,9.8351235856e-01,-1.5029968192e-02,-5.6176653733e-02,0.0000000000e+00,9.6529663676e-01,7.2522706658e-01,9.9788826135e-01,0.0000000000e+00
-2.0625000000e-01,9.8168524222e-01,-1.2336080104e-02,-5.5845750873e-02,0.0000000000e+00,9.6179740954e-01,7.2387507176e-01,9.9645898306e-01,0.0000000000e+00
-2.0375000000e-01,9.7964748386e-01,-9.2100056357e-03,-5.5576323207e-02,0.0000000000e+00,9.5789722670e-01,7.2254885910e-01,9.9475013702e-01,0.0000000000e+00
-2.0125000000e-01,9.7738089801e-01,-5.6172472045e-03,-5.5379786932e-02,0.0000000000e+00,9.5356329539e-01,7.2124973740e-01,9.9273881394e-01,0.0000000000e+00
-1.9875000000e-01,9.7486954506e-01,-1.5274079713e-03,-5.5266653770e-02,0.0000000000e+00,9.4876788487e-01,7.1997898873e-01,9.9040500690e-01,0.0000000000e+00
-1.9625000000e-01,9.7210027288e-01,3.0846947587e-03,-5.5246331942e-02,0.0000000000e+00,9.4348948128e-01,7.1873786718e-01,9.8773235015e-01,0.0000000000e+00
-1.9375000000e-01,9.6906384701e-01,8.2386500191e-03,-5.5327068408e-02,0.0000000000e+00,9.3771446156e-01,7.1752759758e-01,9.8470812422e-01,0.0000000000e+00
-1.9125000000e-01,9.6575387617e-01,1.3948358794e-02,-5.5515810769e-02,0.0000000000e+00,9.3143542636e-01,7.1634937432e-01,9.8132362984e-01,0.0000000000e+00
-1.8875000000e-01,9.6216737947e-01,2.0221717595e-02,-5.5818109516e-02,0.0000000000e+00,9.2465209323e-01,7.1520436017e-01,9.7757434171e-01,0.0000000000e+00
-1.8625000000e-01,9.5830469416e-01,2.7060747874e-02,-5.6238175508e-02,0.0000000000e+00,9.1737099873e-01,7.1409368511e-01,9.7345977554e-01,0.0000000000e+00
-1.8375000000e-01,9.5416924415e-01,3.4461992983e-02,-5.6778966378e-02,0.0000000000e+00,9.0960491087e-01,7.1301844525e-01,9.6898319430e-01,0.0000000000e+00
-1.8125000000e-01,9.4976720553e-01,4.2417076871e-02,-5.7442311610e-02,0.0000000000e+00,9.0137206086e-01,7.1197970172e-01,9.6415121573e-01,0.0000000000e+00
-1.7875000000e-01,9.4510712566e-01,5.0913363333e-02,-5.8229063509e-02,0.0000000000e+00,8.9269526540e-01,7.1097847963e-01,9.5897334520e-01,0.0000000000e+00
-1.7625000000e-01,9.4019950130e-01,5.9934667965e-02,-5.9139260178e-02,0.0000000000e+00,8.8360099951e-01,7.1001576708e-01,9.5346147313e-01,0.0000000000e+00
-1.7375000000e-01,9.3505636532e-01,6.9461978542e-02,-6.0172291266e-02,0.0000000000e+00,8.7411847749e-01,7.0909251413e-01,9.4762936670e-01,0.0000000000e+00
-1.7125000000e-01,9.2969087859e-01,7.9474148033e-02,-6.1327057357e-02,0.0000000000e+00,8.6427878331e-01,7.0820963193e-01,9.4149218155e-01,0.0000000000e+00
-1.6875000000e-01,9.2411696389e-01,8.9948533864e-02,-6.2602117166e-02,0.0000000000e+00,8.5411408254e-01,7.0736799178e-01,9.3506601161e-01,0.0000000000e+00
-1.6625000000e-01,9.1834897620e-01,1.0086156634e-01,-6.3995818202e-02,0.0000000000e+00,8.4365693422e-01,7.0656842428e-01,9.2836748941e-01,0.0000000000e+00
-1.6375000000e-01,9.1240142183e-01,1.1218923698e-01,-6.5506408870e-02,0.0000000000e+00,8.3293971199e-01,7.0581171850e-01,9.2141344319e-01,0.0000000000e+00
-1.6125000000e-01,9.0628872785e-01,1.2390750413e-01,-6.7132131221e-02,0.0000000000e+00,8.2199413515e-01,7.0509862121e-01,9.1422061269e-01,0.0000000000e+00
-1.5875000000e-01,9.0002505625e-01,1.3599261808e-01,-6.8871294897e-02,0.0000000000e+00,8.1085090423e-01,7.0442983617e-01,9.0680542195e-01,0.0000000000e+00
-1.5625000000e-01,8.9362416340e-01,1.4842137131e-01,-7.0722333471e-02,0.0000000000e+00,7.9953943196e-01,7.0380602337e-01,8.9918380517e-01,0.0000000000e+00
-1.5375000000e-01,8.8709929841e-01,1.6117128133e-01,-7.2683844886e-02,0.0000000000e+00,7.8808765820e-01,7.0322779846e-01,8.9137108005e-01,0.0000000000e+00
-1.5125000000e-01,8.8046313562e-01,1.7422071471e-01,-7.4754617912e-02,0.0000000000e+00,7.7652193641e-01,7.0269573206e-01,8.8338186270e-01,0.0000000000e+00
-1.4875000000e-01,8.7372773550e-01,1.8754896086e-01,-7.6933646519e-02,0.0000000000e+00,7.6486697962e-01,7.0221034926e-01,8.7523001770e-01,0.0000000000e+00
-1.4625000000e-01,8.6690452979e-01,2.0113626375e-01,-7.9220133947e-02,0.0000000000e+00,7.5314585446e-01,7.0177212908e-01,8.6692863767e-01,0.0000000000e+00
-1.4375000000e-01,8.6000432615e-01,2.1496381879e-01,-8.1613488030e-02,0.0000000000e+00,7.4138001314e-01,7.0138150398e-01,8.5849004688e-01,0.0000000000e+00
-1.4125000000e-01,8.5303732830e-01,2.2901374143e-01,-8.4113309093e-02,0.0000000000e+00,7.2958935467e-01,7.0103885947e-01,8.4992582439e-01,0.0000000000e+00
-1.3875000000e-01,8.4601316865e-01,2.4326901246e-01,-8.6719371376e-02,0.0000000000e+00,7.1779230810e-01,7.0074453369e-01,8.4124684302e-01,0.0000000000e+00
-1.3625000000e-01,8.3894095078e-01,2.5771340423e-01,-8.9431598695e-02,0.0000000000e+00,7.0600593190e-01,7.0049881711e-01,8.3246332099e-01,0.0000000000e+00
-1.3375000000e-01,8.3182929997e-01,2.7233139065e-01,-9.2250034669e-02,0.0000000000e+00,6.9424602512e-01,7.0030195223e-01,8.2358488421e-01,0.0000000000e+00
-1.3125000000e-01,8.2468642031e-01,2.8710804301e-01,-9.5174807539e-02,0.0000000000e+00,6.8252724702e-01,7.0015413331e-01,8.1462063767e-01,0.0000000000e+00
-1.2875000000e-01,8.1752015783e-01,3.0202891226e-01,-9.8206089241e-02,0.0000000000e+00,6.7086324300e-01,7.0005550625e-01,8.0557924518e-01,0.0000000000e+00
-1.2625000000e-01,8.1033806926e-01,3.1707989779e-01,-1.0134404801e-01,0.0000000000e+00,6.5926677578e-01,7.0000616838e-01,7.9646901746e-01,0.0000000000e+00
-1.2375000000e-01,8.0314749697e-01,3.3224710138e-01,-1.0458879341e-01,0.0000000000e+00,6.4774986142e-01,7.0000616838e-01,7.8729800928e-01,0.0000000000e+00
-1.2125000000e-01,7.9595565051e-01,3.4751666421e-01,-1.0794031210e-01,0.0000000000e+00,6.3632391074e-01,7.0005550625e-01,7.7807412686e-01,0.0000000000e+00
-1.1875000000e-01,7.8876969627e-01,3.6287458343e-01,-1.1139839236e-01,0.0000000000e+00,6.2499987759e-01,7.0015413331e-01,7.6880524787e-01,0.0000000000e+00
-1.1625000000e-01,7.8159685737e-01,3.7830650386e-01,-1.1496253429e-01,0.0000000000e+00,6.1378841593e-01,7.0030195223e-01,7.5949935679e-01,0.0000000000e+00
-1.1375000000e-01,7.7444452629e-01,3.9379747853e-01,-1.1863184238e-01,0.0000000000e+00,6.0270004880e-01,7.0049881711e-01,7.5016469969e-01,0.0000000000e+00
-1.1125000000e-01,7.6732039344e-01,4.0933169059e-01,-1.2240489572e-01,0.0000000000e+00,5.9174535303e-01,7.0074453369e-01,7.4080996325e-01,0.0000000000e+00
-1.0875000000e-01,7.6023259570e-01,4.2489212683e-01,-1.2627959017e-01,0.0000000000e+00,5.8093516437e-01,7.0103885947e-01,7.3144448449e-01,0.0000000000e+00
-1.0625000000e-01,7.5318988997e-01,4.4046019094e-01,-1.3025294556e-01,0.0000000000e+00,5.7028080919e-01,7.0138150398e-01,7.2207849869e-01,0.0000000000e+00
-1.0375000000e-01,7.4620185780e-01,4.5601524239e-01,-1.3432086907e-01,0.0000000000e+00,5.5979436966e-01,7.0177212908e-01,7.1272343508e-01,0.0000000000e+00
-1.0125000000e-01,7.3927914829e-01,4.7153404375e-01,-1.3847786453e-01,0.0000000000e+00,5.4948899068e-01,7.0221034926e-01,7.0339227122e-01,0.0000000000e+00
-9.8750000000e-02,7.3243376736e-01,4.8699009730e-01,-1.4271667525e-01,0.0000000000e+00,5.3937923808e-01,7.0269573206e-01,6.9409995900e-01,0.0000000000e+00
-9.6250000000e-02,7.2567942219e-01,5.0235284956e-01,-1.4702784659e-01,0.0000000000e+00,5.2948151790e-01,7.0322779846e-01,6.8486393626e-01,0.0000000000e+00
-9.3750000000e-02,7.1903192935e-01,5.1758674259e-01,-1.5139919348e-01,0.0000000000e+00,5.1981456653e-01,7.0380602337e-01,6.7570473820e-01,0.0000000000e+00
-9.1250000000e-02,7.1250969366e-01,5.3265009467e-01,-1.5581515931e-01,0.0000000000e+00,5.1040001927e-01,7.0442983617e-01,6.6664672070e-01,0.0000000000e+00
-8.8750000000e-02,7.0613425979e-01,5.4749380288e-01,-1.6025605689e-01,0.0000000000e+00,5.0126305907e-01,7.0509862121e-01,6.5771890099e-01,0.0000000000e+00
-8.6250000000e-02,6.9993092897e-01,5.6205988292e-01,-1.6469719342e-01,0.0000000000e+00,4.9243313604e-01,7.0581171850e-01,6.4895590715e-01,0.0000000000e+00
-8.3750000000e-02,6.9392941544e-01,5.7627990179e-01,-1.6910790278e-01,0.0000000000e+00,4.8394472698e-01,7.0656842428e-01,6.4039900144e-01,0.0000000000e+00
-8.1250000000e-02,6.8816448654e-01,5.9007342989e-01,-1.7345054754e-01,0.0000000000e+00,4.7583806921e-01,7.0736799178e-01,6.3209709706e-01,0.0000000000e+00
-7.8750000000e-02,6.8267648315e-01,6.0334674941e-01,-1.7767961509e-01,0.0000000000e+00,4.6815974727e-01,7.0820963193e-01,6.2410761576e-01,0.0000000000e+00
-7.6250000000e-02,6.7751154829e-01,6.1599221784e-01,-1.8174112675e-01,0.0000000000e+00,4.6096293041e-01,7.0909251413e-01,6.1649692824e-01,0.0000000000e+00
-7.3750000000e-02,6.7272130273e-01,6.2788889523e-01,-1.8557270299e-01,0.0000000000e+00,4.5430695408e-01,7.1001576708e-01,6.0933998155e-01,0.0000000000e+00
-7.1250000000e-02,6.6836161169e-01,6.3890527163e-01,-1.8910476768e-01,0.0000000000e+00,4.4825582353e-01,7.1097847963e-01,6.0271856745e-01,0.0000000000e+00
-6.8750000000e-02,6.6449002345e-01,6.4890508678e-01,-1.9226347770e-01,0.0000000000e+00,4.4287513730e-01,7.1197970172e-01,5.9671758160e-01,0.0000000000e+00
-6.6250000000e-02,6.6116150274e-01,6.5775714707e-01,-1.9497593339e-01,0.0000000000e+00,4.3822696715e-01,7.1301844525e-01,5.9141867566e-01,0.0000000000e+00
-6.3750000000e-02,6.5842233412e-01,6.6534946603e-01,-1.9717791669e-01,0.0000000000e+00,4.3436251748e-01,7.1409368511e-01,5.8689107354e-01,0.0000000000e+00
-6.1250000000e-02,6.5630262803e-01,6.7160676138e-01,-1.9882370063e-01,0.0000000000e+00,4.3131304696e-01,7.1520436017e-01,5.8318014406e-01,0.0000000000e+00
-5.8750000000e-02,6.5480871378e-01,6.7650837113e-01,-1.9989643671e-01,0.0000000000e+00,4.2908057369e-01,7.1634937432e-01,5.8029554124e-01,0.0000000000e+00
-5.6250000000e-02,6.5391761562e-01,6.8010159691e-01,-2.0041672976e-01,0.0000000000e+00,4.2763104428e-01,7.1752759758e-01,5.7820185904e-01,0.0000000000e+00
-5.3750000000e-02,6.5357635746e-01,6.8250449926e-01,-2.0044734174e-01,0.0000000000e+00,4.2689341793e-01,7.1873786718e-01,5.7681472950e-01,0.0000000000e+00
-5.1250000000e-02,6.5370888763e-01,6.8389314846e-01,-2.0009560508e-01,0.0000000000e+00,4.2676832083e-01,7.1997898873e-01,5.7600234711e-01,0.0000000000e+00
-4.8750000000e-02,6.5423448610e-01,6.8446979252e-01,-1.9952725820e-01,0.0000000000e+00,4.2715151133e-01,7.2124973740e-01,5.7558292253e-01,0.0000000000e+00
-4.6250000000e-02,6.5511038287e-01,6.8440236821e-01,-1.9904428719e-01,0.0000000000e+00,4.2798925692e-01,7.2254885910e-01,5.7528054434e-01,0.0000000000e+00
-4.3750000000e-02,6.5645012642e-01,6.8368835563e-01,-1.9941255284e-01,0.0000000000e+00,4.2943507195e-01,7.2387507176e-01,5.7450941546e-01,0.0000000000e+00
-4.1250000000e-02,6.5890512321e-01,6.8175756385e-01,-2.0307903670e-01,0.0000000000e+00,4.3237219833e-01,7.2522706658e-01,5.7153985391e-01,0.0000000000e+00
-3.8750000000e-02,6.6483746376e-01,6.7628083817e-01,-2.1823099787e-01,0.0000000000e+00,4.4018924666e-01,7.2660350929e-01,5.6062762417e-01,0.0000000000e+00
-3.6250000000e-02,6.8073476577e-01,6.6068251410e-01,-2.6906440160e-01,0.0000000000e+00,4.6375740257e-01,7.2800304151e-01,5.2410896687e-01,0.0000000000e+00
-3.3750000000e-02,7.1624889842e-01,6.2447022739e-01,-4.0206706866e-01,0.0000000000e+00,5.2489800709e-01,7.2942428207e-01,4.2403786127e-01,0.0000000000e+00
-3.1250000000e-02,7.6715342813e-01,5.6834047823e-01,-6.3195135654e-01,0.0000000000e+00,6.2176753656e-01,7.3086582838e-01,2.3761349739e-01,0.0000000000e+00
-2.8750000000e-02,8.0260947608e-01,5.2246290791e-01,-8.7407721972e-01,0.0000000000e+00,6.9254906102e-01,7.3232625781e-01,2.6200481777e-02,0.0000000000e+00
-2.6250000000e-02,8.0655296812e-01,5.0928959321e-01,-1.0544686717e+00,0.0000000000e+00,7.0432503926e-01,7.3380412909e-01,-1.3672788501e-01,0.0000000000e+00
-2.3750000000e-02,7.9246973406e-01,5.1938699923e-01,-1.1777212829e+00,0.0000000000e+00,6.8218235299e-01,7.3529798374e-01,-2.4652094910e-01,0.0000000000e+00
-2.1250000000e-02,7.7341920741e-01,5.3761980634e-01,-1.2677877386e+00,0.0000000000e+00,6.5076558310e-01,7.3680634750e-01,-3.2394174402e-01,0.0000000000e+00
-1.8750000000e-02,7.5419233705e-01,5.5733810586e-01,-1.3389477711e+00,0.0000000000e+00,6.1907721049e-01,7.3832773181e-01,-3.8282613341e-01,0.0000000000e+00
-1.6250000000e-02,7.3592845447e-01,5.7676362411e-01,-1.3980722911e+00,0.0000000000e+00,5.8923907496e-01,7.3986063523e-01,-4.3000044923e-01,0.0000000000e+00
-1.3750000000e-02,7.1887501920e-01,5.9542721606e-01,-1.4486461300e+00,0.0000000000e+00,5.6167135075e-01,7.4140354499e-01,-4.6897933820e-01,0.0000000000e+00
-1.1250000000e-02,7.0312216275e-01,6.1312401875e-01,-1.4925379093e+00,0.0000000000e+00,5.3646425945e-01,7.4295493840e-01,-5.0172143524e-01,0.0000000000e+00
-8.7500000000e-03,6.8874968068e-01,6.2969206276e-01,-1.5307758153e+00,0.0000000000e+00,5.1365982969e-01,7.4451328445e-01,-5.2939236340e-01,0.0000000000e+00
-6.2500000000e-03,6.7585529410e-01,6.4495861775e-01,-1.5639195268e+00,0.0000000000e+00,4.9331190617e-01,7.4607704521e-01,-5.5272424179e-01,0.0000000000e+00
-3.7500000000e-03,6.6454947294e-01,6.5873646762e-01,-1.5922658096e+00,0.0000000000e+00,4.7548661516e-01,7.4764467746e-01,-5.7220503919e-01,0.0000000000e+00
-1.2500000000e-03,6.5493691951e-01,6.7084034453e-01,-1.6159859964e+00,0.0000000000e+00,4.6024253992e-01,7.4921463413e-01,-5.8819343992e-01,0.0000000000e+00
1.2500000000e-03,6.4709008606e-01,6.8111567489e-01,-1.6352349260e+00,0.0000000000e+00,4.4760088778e-01,7.5078536587e-01,-6.0099838598e-01,0.0000000000e+00
3.7500000000e-03,6.4101973340e-01,6.8947378978e-01,-1.6502403213e+00,0.0000000000e+00,4.3751239483e-01,7.5235532254e-01,-6.1093632779e-01,0.0000000000e+00
6.2500000000e-03,6.3665103281e-01,6.9592377899e-01,-1.6613626562e+00,0.0000000000e+00,4.2983095521e-01,7.5392295479e-01,-6.1836552019e-01,0.0000000000e+00
8.7500000000e-03,6.3381580518e-01,7.0058773765e-01,-1.6691085516e+00,0.0000000000e+00,4.2430638156e-01,7.5548671555e-01,-6.2369193002e-01,0.0000000000e+00
1.1250000000e-02,6.3226799939e-01,7.0368881307e-01,-1.6740900034e+00,0.0000000000e+00,4.2060484658e-01,7.5704506160e-01,-6.2734590667e-01,0.0000000000e+00
1.3750000000e-02,6.3171987188e-01,7.0551211252e-01,-1.6769436718e+00,0.0000000000e+00,4.1835426473e-01,7.5859645501e-01,-6.2973968943e-01,0.0000000000e+00
1.6250000000e-02,6.3188585454e-01,7.0635184380e-01,-1.6782434330e+00,0.0000000000e+00,4.1719922700e-01,7.6013936477e-01,-6.3122446114e-01,0.0000000000e+00
1.8750000000e-02,6.3251747095e-01,7.0646439861e-01,-1.6784395852e+00,0.0000000000e+00,4.1684556547e-01,7.6167226819e-01,-6.3206408311e-01,0.0000000000e+00
2.1250000000e-02,6.3341839365e-01,7.0604179760e-01,-1.6778396592e+00,0.0000000000e+00,4.1708167945e-01,7.6319365250e-01,-6.3243175304e-01,0.0000000000e+00
2.3750000000e-02,6.3443882120e-01,7.0520787586e-01,-1.6766243012e+00,0.0000000000e+00,4.1777647416e-01,7.6470201626e-01,-6.3242445937e-01,0.0000000000e+00
2.6250000000e-02,6.3545559977e-01,7.0402972442e-01,-1.6748799651e+00,0.0000000000e+00,4.1886306452e-01,7.6619587091e-01,-6.3208459981e-01,0.0000000000e+00
2.8750000000e-02,6.3634512390e-01,7.0253485824e-01,-1.6726331166e+00,0.0000000000e+00,4.2031808669e-01,7.6767374219e-01,-6.3142068615e-01,0.0000000000e+00
3.1250000000e-02,6.3695417315e-01,7.0072734493e-01,-1.6698774433e+00,0.0000000000e+00,4.2214351112e-01,7.6913417162e-01,-6.3042306554e-01,0.0000000000e+00
3.3750000000e-02,6.3707152603e-01,6.9859970932e-01,-1.6665922053e+00,0.0000000000e+00,4.2435346364e-01,7.7057571793e-01,-6.2907432636e-01,0.0000000000e+00
3.6250000000e-02,6.3640266782e-01,6.9614072236e-01,-1.6627535685e+00,0.0000000000e+00,4.2696547662e-01,7.7199695849e-01,-6.2735582957e-01,0.0000000000e+00
3.8750000000e-02,6.3455160563e-01,6.9334023849e-01,-1.6583414247e+00,0.0000000000e+00,4.2999465948e-01,7.7339649071e-01,-6.2525199066e-01,0.0000000000e+00
4.1250000000e-02,6.3101629415e-01,6.9019213407e-01,-1.6533435697e+00,0.0000000000e+00,4.3344953114e-01,7.7477293342e-01,-6.2275349486e-01,0.0000000000e+00
4.3750000000e-02,6.2520557196e-01,6.8669598592e-01,-1.6477584384e+00,0.0000000000e+00,4.3732870765e-01,7.7612492824e-01,-6.1986016508e-01,0.0000000000e+00
4.6250000000e-02,6.1648424174e-01,6.8285836542e-01,-1.6415967528e+00,0.0000000000e+00,4.4161791683e-01,7.7745114090e-01,-6.1658340819e-01,0.0000000000e+00
4.8750000000e-02,6.0424873387e-01,6.7869338148e-01,-1.6348822456e+00,0.0000000000e+00,4.4628780811e-01,7.7875026260e-01,-6.1294820246e-01,0.0000000000e+00
5.1250000000e-02,5.8802749293e-01,6.7422268403e-01,-1.6276513401e+00,0.0000000000e+00,4.5129287843e-01,7.8002101127e-01,-6.0899406660e-01,0.0000000000e+00
5.3750000000e-02,5.6759072525e-01,6.6947485228e-01,-1.6199517447e+00,0.0000000000e+00,4.5657207877e-01,7.8126213282e-01,-6.0477451291e-01,0.0000000000e+00
5.6250000000e-02,5.4304606043e-01,6.6448418324e-01,-1.6118400606e+00,0.0000000000e+00,4.6205147259e-01,7.8247240242e-01,-6.0035464299e-01,0.0000000000e+00
5.8750000000e-02,5.1489390082e-01,6.5928899507e-01,-1.6033786968e+00,0.0000000000e+00,4.6764892785e-01,7.8365062568e-01,-5.9580690711e-01,0.0000000000e+00
6.1250000000e-02,4.8402138730e-01,6.5392965537e-01,-1.5946325370e+00,0.0000000000e+00,4.7328033258e-01,7.8479563983e-01,-5.9120549526e-01,0.0000000000e+00
6.3750000000e-02,4.5162693954e-01,6.4844659281e-01,-1.5856658432e+00,0.0000000000e+00,4.7886640453e-01,7.8590631489e-01,-5.8662020315e-01,0.0000000000e+00
6.6250000000e-02,4.1908484610e-01,6.4287853540e-01,-1.5765397902e+00,0.0000000000e+00,4.8433897504e-01,7.8698155475e-01,-5.8211078455e-01,0.0000000000e+00
6.8750000000e-02,3.8777565082e-01,6.3726115516e-01,-1.5673108514e+00,0.0000000000e+00,4.8964573248e-01,7.8802029828e-01,-5.7772270482e-01,0.0000000000e+00
7.1250000000e-02,3.5891736145e-01,6.3162621551e-01,-1.5580300499e+00,0.0000000000e+00,4.9475276442e-01,7.8902152037e-01,-5.7348489359e-01,0.0000000000e+00
7.3750000000e-02,3.3343156529e-01,6.2600123621e-01,-1.5487429224e+00,0.0000000000e+00,4.9964471324e-01,7.8998423292e-01,-5.6940966804e-01,0.0000000000e+00
7.6250000000e-02,3.1186803017e-01,6.2040961680e-01,-1.5394899387e+00,0.0000000000e+00,5.0432280511e-01,7.9090748587e-01,-5.6549459296e-01,0.0000000000e+00
7.8750000000e-02,2.9439537868e-01,6.1487109200e-01,-1.5303070977e+00,0.0000000000e+00,5.0880132321e-01,7.9179036807e-01,-5.6172574942e-01,0.0000000000e+00
8.1250000000e-02,2.8084950362e-01,6.0940234327e-01,-1.5212264822e+00,0.0000000000e+00,5.1310324362e-01,7.9263200822e-01,-5.5808173509e-01,0.0000000000e+00
8.3750000000e-02,2.7082025605e-01,6.0401759038e-01,-1.5122766637e+00,0.0000000000e+00,5.1725576470e-01,7.9343157572e-01,-5.5453770901e-01,0.0000000000e+00
8.6250000000e-02,2.6375286956e-01,5.9872905472e-01,-1.5034829722e+00,0.0000000000e+00,5.2128636548e-01,7.9418828150e-01,-5.5106889741e-01,0.0000000000e+00
8.8750000000e-02,2.5904314610e-01,5.9354728602e-01,-1.4948677119e+00,0.0000000000e+00,5.2521983972e-01,7.9490137879e-01,-5.4765317030e-01,0.0000000000e+00
9.1250000000e-02,2.5611226311e-01,5.8848140374e-01,-1.4864504010e+00,0.0000000000e+00,5.2907650248e-01,7.9557016383e-01,-5.4427254143e-01,0.0000000000e+00
9.3750000000e-02,2.5445518459e-01,5.8353929918e-01,-1.4782480860e+00,0.0000000000e+00,5.3287151198e-01,7.9619397663e-01,-5.4091368660e-01,0.0000000000e+00
9.6250000000e-02,2.5366359807e-01,5.7872780523e-01,-1.4702757401e+00,0.0000000000e+00,5.3661503489e-01,7.9677220154e-01,-5.3756773315e-01,0.0000000000e+00
9.8750000000e-02,2.5342874557e-01,5.7405303054e-01,-1.4625464307e+00,0.0000000000e+00,5.4031299336e-01,7.9730426794e-01,-5.3422945743e-01,0.0000000000e+00
1.0125000000e-01,2.5353126101e-01,5.6951979826e-01,-1.4550716457e+00,0.0000000000e+00,5.4396830572e-01,7.9778965074e-01,-5.3089653615e-01,0.0000000000e+00
1.0375000000e-01,2.5382443690e-01,5.6513269164e-01,-1.4478615468e+00,0.0000000000e+00,5.4758137526e-01,7.9822787092e-01,-5.2756857341e-01,0.0000000000e+00
1.0625000000e-01,2.5421632160e-01,5.6089571819e-01,-1.4409250205e+00,0.0000000000e+00,5.5115112333e-01,7.9861849602e-01,-5.2424640796e-01,0.0000000000e+00
1.0875000000e-01,2.5465355328e-01,5.5681231556e-01,-1.4342696687e+00,0.0000000000e+00,5.5467558063e-01,7.9896114053e-01,-5.2093160195e-01,0.0000000000e+00
1.1125000000e-01,2.5510840358e-01,5.5288528788e-01,-1.4279016161e+00,0.0000000000e+00,5.5815221169e-01,7.9925546631e-01,-5.1762617771e-01,0.0000000000e+00
1.1375000000e-01,2.5556925637e-01,5.4911660510e-01,-1.4218249585e+00,0.0000000000e+00,5.6157793792e-01,7.9950118289e-01,-5.1433264330e-01,0.0000000000e+00
1.1625000000e-01,2.5603406532e-01,5.4550694017e-01,-1.4160405133e+00,0.0000000000e+00,5.6494876330e-01,7.9969804777e-01,-5.1105441348e-01,0.0000000000e+00
1.1875000000e-01,2.5650604381e-01,5.4205467657e-01,-1.4105432092e+00,0.0000000000e+00,5.6825878734e-01,7.9984586669e-01,-5.0779687845e-01,0.0000000000e+00
1.2125000000e-01,2.5699076594e-01,5.3875384005e-01,-1.4053168182e+00,0.0000000000e+00,5.7149815767e-01,7.9994449375e-01,-5.0456965389e-01,0.0000000000e+00
1.2375000000e-01,2.5749384861e-01,5.3558989387e-01,-1.4003235021e+00,0.0000000000e+00,5.7464905774e-01,7.9999383162e-01,-5.0139109523e-01,0.0000000000e+00
1.2625000000e-01,2.5801833398e-01,5.3253140753e-01,-1.3954833114e+00,0.0000000000e+00,5.7767789180e-01,7.9999383162e-01,-4.9829725192e-01,0.0000000000e+00
1.2875000000e-01,2.5856066782e-01,5.2951388200e-01,-1.3906342726e+00,0.0000000000e+00,5.8051994391e-01,7.9994449375e-01,-4.9535957984e-01,0.0000000000e+00
1.3125000000e-01,2.5910354755e-01,5.2640850687e-01,-1.3854548045e+00,0.0000000000e+00,5.8304914419e-01,7.9984586669e-01,-4.9271982330e-01,0.0000000000e+00
1.3375000000e-01,2.5960249759e-01,5.2296133443e-01,-1.3793127234e+00,0.0000000000e+00,5.8501864909e-01,7.9969804777e-01,-4.9065806542e-01,0.0000000000e+00
1.3625000000e-01,2.5996006118e-01,5.1867404035e-01,-1.3709720084e+00,0.0000000000e+00,5.8594431816e-01,7.9950118289e-01,-4.8972334996e-01,0.0000000000e+00
1.3875000000e-01,2.5997566176e-01,5.1256833582e-01,-1.3580315011e+00,0.0000000000e+00,5.8487672386e-01,7.9925546631e-01,-4.9097815811e-01,0.0000000000e+00
1.4125000000e-01,2.5924893953e-01,5.0271242003e-01,-1.3358889034e+00,0.0000000000e+00,5.7996031750e-01,7.9896114053e-01,-4.9643470973e-01,0.0000000000e+00
1.4375000000e-01,2.5699990443e-01,4.8527101212e-01,-1.2959631449e+00,0.0000000000e+00,5.6760566149e-01,7.9861849602e-01,-5.0974420465e-01,0.0000000000e+00
1.4625000000e-01,2.5176043082e-01,4.5271600989e-01,-1.2231137609e+00,0.0000000000e+00,5.4109162327e-01,7.9822787092e-01,-5.3693192962e-01,0.0000000000e+00
1.4875000000e-01,2.4101799819e-01,3.9110892614e-01,-1.0937305057e+00,0.0000000000e+00,4.8922480956e-01,7.9778965074e-01,-5.8592552874e-01,0.0000000000e+00
1.5125000000e-01,2.2162129576e-01,2.7949252511e-01,-8.8163957339e-01,0.0000000000e+00,3.9993978547e-01,7.9730426794e-01,-6.6138256608e-01,0.0000000000e+00
1.5375000000e-01,1.9329454326e-01,1.0495950688e-01,-5.8791257886e-01,0.0000000000e+00,2.8068880486e-01,7.9677220154e-01,-7.5159496715e-01,0.0000000000e+00
1.5625000000e-01,1.6545194890e-01,-9.1366857490e-02,-2.9061726339e-01,0.0000000000e+00,1.8209120741e-01,7.9619397663e-01,-8.2378156403e-01,0.0000000000e+00
1.5875000000e-01,1.4967981828e-01,-2.3560156944e-01,-9.2189007287e-02,0.0000000000e+00,1.3811010833e-01,7.9557016383e-01,-8.6154205511e-01,0.0000000000e+00
1.6125000000e-01,1.4262872819e-01,-3.1052330819e-01,3.6901704881e-03,0.0000000000e+00,1.2192475343e-01,7.9490137879e-01,-8.7662499637e-01,0.0000000000e+00
1.6375000000e-01,1.3968981801e-01,-3.4580533229e-01,4.5126696265e-02,0.0000000000e+00,1.1560281376e-01,7.9418828150e-01,-8.8176481290e-01,0.0000000000e+00
1.6625000000e-01,1.3828858544e-01,-3.6486483962e-01,6.5079596739e-02,0.0000000000e+00,1.1234467473e-01,7.9343157572e-01,-8.8333124557e-01,0.0000000000e+00
1.6875000000e-01,1.3739482635e-01,-3.7820794131e-01,7.7550281505e-02,0.0000000000e+00,1.1001587142e-01,7.9263200822e-01,-8.8372208641e-01,0.0000000000e+00
1.7125000000e-01,1.3665148296e-01,-3.8962080531e-01,8.7499968168e-02,0.0000000000e+00,1.0796109813e-01,7.9179036807e-01,-8.8374929359e-01,0.0000000000e+00
1.7375000000e-01,1.3594243935e-01,-4.0035253028e-01,9.6567678980e-02,0.0000000000e+00,1.0598066401e-01,7.9090748587e-01,-8.8367774724e-01,0.0000000000e+00
1.7625000000e-01,1.3523146802e-01,-4.1079237323e-01,1.0527625988e-01,0.0000000000e+00,1.0401662045e-01,7.8998423292e-01,-8.8359255853e-01,0.0000000000e+00
1.7875000000e-01,1.3450806312e-01,-4.2105000000e-01,1.1378648452e-01,0.0000000000e+00,1.0205521073e-01,7.8902152037e-01,-8.8352109766e-01,0.0000000000e+00
1.8125000000e-01,1.3376988047e-01,-4.3114594716e-01,1.2214352106e-01,0.0000000000e+00,1.0009629561e-01,7.8802029828e-01,-8.8347238670e-01,0.0000000000e+00
1.8375000000e-01,1.3301714389e-01,-4.4107277958e-01,1.3035584825e-01,0.0000000000e+00,9.8143784462e-02,7.8698155475e-01,-8.8344961118e-01,0.0000000000e+00
1.8625000000e-01,1.3225088362e-01,-4.5081447215e-01,1.3842024716e-01,0.0000000000e+00,9.6202653827e-02,7.8590631489e-01,-8.8345406558e-01,0.0000000000e+00
1.8875000000e-01,1.3147238494e-01,-4.6035251041e-01,1.4632966927e-01,0.0000000000e+00,9.4278017970e-02,7.8479563983e-01,-8.8348639596e-01,0.0000000000e+00
1.9125000000e-01,1.3068301476e-01,-4.6966782217e-01,1.5407572022e-01,0.0000000000e+00,9.2374833862e-02,7.8365062568e-01,-8.8354699537e-01,0.0000000000e+00
1.9375000000e-01,1.2988416455e-01,-4.7874141825e-01,1.6164946763e-01,0.0000000000e+00,9.0497801449e-02,7.8247240242e-01,-8.8363613447e-01,0.0000000000e+00
1.9625000000e-01,1.2907723050e-01,-4.8755463948e-01,1.6904172926e-01,0.0000000000e+00,8.8651327139e-02,7.8126213282e-01,-8.8375400741e-01,0.0000000000e+00
1.9875000000e-01,1.2826361078e-01,-4.9608932429e-01,1.7624316362e-01,0.0000000000e+00,8.6839516285e-02,7.8002101127e-01,-8.8390072914e-01,0.0000000000e+00
2.0125000000e-01,1.2744470722e-01,-5.0432704138e-01,1.8324367148e-01,0.0000000000e+00,8.5066172818e-02,7.7875026260e-01,-8.8407630292e-01,0.0000000000e+00
2.0375000000e-01,1.2662192206e-01,-5.1225105791e-01,1.9003403283e-01,0.0000000000e+00,8.3334797569e-02,7.7745114090e-01,-8.8428079791e-01,0.0000000000e+00
2.0625000000e-01,1.2579658696e-01,-5.1984508492e-01,1.9660496963e-01,0.0000000000e+00,8.1648496280e-02,7.7612492824e-01,-8.8451422322e-01,0.0000000000e+00
2.0875000000e-01,1.2497001277e-01,-5.2709351318e-01,2.0294723067e-01,0.0000000000e+00,8.0010057192e-02,7.7477293342e-01,-8.8477654971e-01,0.0000000000e+00
2.1125000000e-01,1.2414348403e-01,-5.3398145156e-01,2.0905165719e-01,0.0000000000e+00,7.8421951891e-02,7.7339649071e-01,-8.8506772310e-01,0.0000000000e+00
2.1375000000e-01,1.2331825396e-01,-5.4049475361e-01,2.1490925793e-01,0.0000000000e+00,7.6886338935e-02,7.7199695849e-01,-8.8538768090e-01,0.0000000000e+00
2.1625000000e-01,1.2249554072e-01,-5.4662002667e-01,2.2051128599e-01,0.0000000000e+00,7.5405070593e-02,7.7057571793e-01,-8.8573637236e-01,0.0000000000e+00
2.1875000000e-01,1.2167652468e-01,-5.5234462245e-01,2.2584931628e-01,0.0000000000e+00,7.3979702270e-02,7.6913417162e-01,-8.8611378121e-01,0.0000000000e+00
2.2125000000e-01,1.2086234659e-01,-5.5765661036e-01,2.3091532447e-01,0.0000000000e+00,7.2611504072e-02,7.6767374219e-01,-8.8651995127e-01,0.0000000000e+00
2.2375000000e-01,1.2005410652e-01,-5.6254473546e-01,2.3570176785e-01,0.0000000000e+00,7.1301474016e-02,7.6619587091e-01,-8.8695501461e-01,0.0000000000e+00
2.2625000000e-01,1.1925286346e-01,-5.6699836300e-01,2.4020166802e-01,0.0000000000e+00,7.0050352502e-02,7.6470201626e-01,-8.8741922193e-01,0.0000000000e+00
2.2875000000e-01,1.1845963534e-01,-5.7100741165e-01,2.4440869432e-01,0.0000000000e+00,6.8858637731e-02,7.6319365250e-01,-8.8791297442e-01,0.0000000000e+00
2.3125000000e-01,1.1767539966e-01,-5.7456227782e-01,2.4831724657e-01,0.0000000000e+00,6.7726601802e-02,7.6167226819e-01,-8.8843685636e-01,0.0000000000e+00
2.3375000000e-01,1.1690109439e-01,-5.7765375383e-01,2.5192253494e-01,0.0000000000e+00,6.6654307211e-02,7.6013936477e-01,-8.8899166722e-01,0.0000000000e+00
2.3625000000e-01,1.1613761916e-01,-5.8027294369e-01,2.5522065409e-01,0.0000000000e+00,6.5641623538e-02,7.5859645501e-01,-8.8957845212e-01,0.0000000000e+00
2.3875000000e-01,1.1538583662e-01,-5.8241118043e-01,2.5820864845e-01,0.0000000000e+00,6.4688244044e-02,7.5704506160e-01,-8.9019852871e-01,0.0000000000e+00
2.4125000000e-01,1.1464657383e-01,-5.8405995024e-01,2.6088456475e-01,0.0000000000e+00,6.3793701962e-02,7.5548671555e-01,-8.9085350890e-01,0.0000000000e+00
2.4375000000e-01,1.1392062339e-01,-5.8521082865e-01,2.6324748782e-01,0.0000000000e+00,6.2957386238e-02,7.5392295479e-01,-8.9154531327e-01,0.0000000000e+00
2.4625000000e-01,1.1320874442e-01,-5.8585543446e-01,2.6529755553e-01,0.0000000000e+00,6.2178556488e-02,7.5235532254e-01,-8.9227617610e-01,0.0000000000e+00
2.4875000000e-01,1.1251166301e-01,-5.8598540724e-01,2.6703594908e-01,0.0000000000e+00,6.1456356993e-02,7.5078536587e-01,-8.9304863920e-01,0.0000000000e+00
2.5125000000e-01,1.1183007207e-01,-5.8559241306e-01,2.6846485534e-01,0.0000000000e+00,6.0789829539e-02,7.4921463413e-01,-8.9386553285e-01,0.0000000000e+00
2.5375000000e-01,1.1116463056e-01,-5.8466818267e-01,2.6958739912e-01,0.0000000000e+00,6.0177924975e-02,7.4764467746e-01,-8.9472994281e-01,0.0000000000e+00
2.5625000000e-01,1.1051596199e-01,-5.8320458427e-01,2.7040754459e-01,0.0000000000e+00,5.9619513422e-02,7.4607704521e-01,-8.9564516284e-01,0.0000000000e+00
2.5875000000e-01,1.0988465223e-01,-5.8119373121e-01,2.7092996680e-01,0.0000000000e+00,5.9113393089e-02,7.4451328445e-01,-8.9661463339e-01,0.0000000000e+00
2.6125000000e-01,1.0927124668e-01,-5.7862812283e-01,2.7115989624e-01,0.0000000000e+00,5.8658297744e-02,7.4295493840e-01,-8.9764186759e-01,0.0000000000e+00
2.6375000000e-01,1.0867624699e-01,-5.7550081394e-01,2.7110294113e-01,0.0000000000e+00,5.8252902927e-02,7.4140354499e-01,-8.9873036686e-01,0.0000000000e+00
2.6625000000e-01,1.0810010750e-01,-5.7180560666e-01,2.7076489401e-01,0.0000000000e+00,5.7895831063e-02,7.3986063523e-01,-8.9988352920e-01,0.0000000000e+00
2.6875000000e-01,1.0754323160e-01,-5.6753725629e-01,2.7015153052e-01,0.0000000000e+00,5.7585655639e-02,7.3832773181e-01,-9.0110455396e-01,0.0000000000e+00
2.7125000000e-01,1.0700596836e-01,-5.6269168167e-01,2.6926840922e-01,0.0000000000e+00,5.7320904642e-02,7.3680634750e-01,-9.0239634699e-01,0.0000000000e+00
2.7375000000e-01,1.0648860949e-01,-5.5726617002e-01,2.6812068156e-01,0.0000000000e+00,5.7100063433e-02,7.3529798374e-01,-9.0376143058e-01,0.0000000000e+00
2.7625000000e-01,1.0599138697e-01,-5.5125956642e-01,2.6671292073e-01,0.0000000000e+00,5.6921577259e-02,7.3380412909e-01,-9.0520186197e-01,0.0000000000e+00
2.7875000000e-01,1.0551447139e-01,-5.4467243899e-01,2.6504897675e-01,0.0000000000e+00,5.6783853590e-02,7.3232625781e-01,-9.0671916403e-01,0.0000000000e+00
2.8125000000e-01,1.0505797129e-01,-5.3750721244e-01,2.6313186345e-01,0.0000000000e+00,5.6685264488e-02,7.3086582838e-01,-9.0831427070e-01,0.0000000000e+00
2.8375000000e-01,1.0462193353e-01,-5.2976826441e-01,2.6096368077e-01,0.0000000000e+00,5.6624149134e-02,7.2942428207e-01,-9.0998748896e-01,0.0000000000e+00
2.8625000000e-01,1.0420634484e-01,-5.2146198150e-01,2.5854557414e-01,0.0000000000e+00,5.6598816585e-02,7.2800304151e-01,-9.1173847794e-01,0.0000000000e+00
2.8875000000e-01,1.0381113419e-01,-5.1259677430e-01,2.5587773045e-01,0.0000000000e+00,5.6607548748e-02,7.2660350929e-01,-9.1356624484e-01,0.0000000000e+00
2.9125000000e-01,1.0343617616e-01,-5.0318305378e-01,2.5295940861e-01,0.0000000000e+00,5.6648603561e-02,7.2522706658e-01,-9.1546915660e-01,0.0000000000e+00
2.9375000000e-01,1.0308129492e-01,-4.9323317328e-01,2.4978900207e-01,0.0000000000e+00,5.6720218435e-02,7.2387507176e-01,-9.1744496536e-01,0.0000000000e+00
2.9625000000e-01,1.0274626870e-01,-4.8276133350e-01,2.4636412816e-01,0.0000000000e+00,5.6820613637e-02,7.2254885910e-01,-9.1949084867e-01,0.0000000000e+00
2.9875000000e-01,1.0243083483e-01,-4.7178339544e-01,2.4268177653e-01,0.0000000000e+00,5.6947995938e-02,7.2124973740e-01,-9.2160348524e-01,0.0000000000e+00
3.0125000000e-01,1.0213467957e-01,-4.6031711667e-01,2.3873849791e-01,0.0000000000e+00,5.7100545067e-02,7.1997898873e-01,-9.2377903529e-01,0.0000000000e+00
3.0375000000e-01,1.0185747621e-01,-4.4838154632e-01,2.3453016257e-01,0.0000000000e+00,5.7276453834e-02,7.1873786718e-01,-9.2601321966e-01,0.0000000000e+00
3.0625000000e-01,1.0159887072e-01,-4.3599701350e-01,2.3005237297e-01,0.0000000000e+00,5.7473909925e-02,7.1752759758e-01,-9.2830140374e-01,0.0000000000e+00
3.0875000000e-01,1.0135848542e-01,-4.2318506719e-01,2.2530059665e-01,0.0000000000e+00,5.7691097908e-02,7.1634937432e-01,-9.3063864204e-01,0.0000000000e+00
3.1125000000e-01,1.0113592484e-01,-4.0996831534e-01,2.2027025870e-01,0.0000000000e+00,5.7926203718e-02,7.1520436017e-01,-9.3301972671e-01,0.0000000000e+00
3.1375000000e-01,1.0093078000e-01,-3.9637028854e-01,2.1495684519e-01,0.0000000000e+00,5.8177417752e-02,7.1409368511e-01,-9.3543923405e-01,0.0000000000e+00
3.1625000000e-01,1.0074263197e-01,-3.8241532009e-01,2.0935600034e-01,0.0000000000e+00,5.8442937353e-02,7.1301844525e-01,-9.3789156593e-01,0.0000000000e+00
3.1875000000e-01,1.0057105476e-01,-3.6812843939e-01,2.0346361365e-01,0.0000000000e+00,5.8720968997e-02,7.1197970172e-01,-9.4037098596e-01,0.0000000000e+00
3.2125000000e-01,1.0041561778e-01,-3.5353527806e-01,1.9727589593e-01,0.0000000000e+00,5.9009730278e-02,7.1097847963e-01,-9.4287165036e-01,0.0000000000e+00
3.2375000000e-01,1.0027588783e-01,-3.3866198788e-01,1.9078944383e-01,0.0000000000e+00,5.9307451796e-02,7.1001576708e-01,-9.4538763371e-01,0.0000000000e+00
3.2625000000e-01,1.0015143076e-01,-3.2353516940e-01,1.8400129390e-01,0.0000000000e+00,5.9612379011e-02,7.0909251413e-01,-9.4791295007e-01,0.0000000000e+00
3.2875000000e-01,1.0004181275e-01,-3.0818180908e-01,1.7690896725e-01,0.0000000000e+00,5.9922774157e-02,7.0820963193e-01,-9.5044157034e-01,0.0000000000e+00
3.3125000000e-01,9.9946601499e-02,-2.9262922304e-01,1.6951050662e-01,0.0000000000e+00,6.0236918299e-02,7.0736799178e-01,-9.5296743671e-01,0.0000000000e+00
3.3375000000e-01,9.9865367102e-02,-2.7690500451e-01,1.6180450731e-01,0.0000000000e+00,6.0553113619e-02,7.0656842428e-01,-9.5548447514e-01,0.0000000000e+00
3.3625000000e-01,9.9797682995e-02,-2.6103697263e-01,1.5379014409e-01,0.0000000000e+00,6.0869686007e-02,7.0581171850e-01,-9.5798660701e-01,0.0000000000e+00
3.3875000000e-01,9.9743126808e-02,-2.4505311969e-01,1.4546719581e-01,0.0000000000e+00,6.1184988059e-02,7.0509862121e-01,-9.6046776090e-01,0.0000000000e+00
3.4125000000e-01,9.9701281331e-02,-2.2898155413e-01,1.3683606945e-01,0.0000000000e+00,6.1497402551e-02,7.0442983617e-01,-9.6292188560e-01,0.0000000000e+00
3.4375000000e-01,9.9671735598e-02,-2.1285043674e-01,1.2789782547e-01,0.0000000000e+00,6.1805346457e-02,7.0380602337e-01,-9.6534296527e-01,0.0000000000e+00
3.4625000000e-01,9.9654086180e-02,-1.9668790762e-01,1.1865420573e-01,0.0000000000e+00,6.2107275599e-02,7.0322779846e-01,-9.6772503772e-01,0.0000000000e+00
3.4875000000e-01,9.9647938731e-02,-1.8052200171e-01,1.0910766544e-01,0.0000000000e+00,6.2401689963e-02,7.0269573206e-01,-9.7006221654e-01,0.0000000000e+00
3.5125000000e-01,9.9652909833e-02,-1.6438055125e-01,9.9261410166e-02,0.0000000000e+00,6.2687139744e-02,7.0221034926e-01,-9.7234871781e-01,0.0000000000e+00
3.5375000000e-01,9.9668629186e-02,-1.4829107376e-01,8.9119438558e-02,0.0000000000e+00,6.2962232127e-02,7.0177212908e-01,-9.7457889188e-01,0.0000000000e+00
3.5625000000e-01,9.9694742156e-02,-1.3228064477e-01,7.8686591518e-02,0.0000000000e+00,6.3225638824e-02,7.0138150398e-01,-9.7674726051e-01,0.0000000000e+00
3.5875000000e-01,9.9730912722e-02,-1.1637575552e-01,6.7968607927e-02,0.0000000000e+00,6.3476104348e-02,7.0103885947e-01,-9.7884855943e-01,0.0000000000e+00
3.6125000000e-01,9.9776826800e-02,-1.0060215644e-01,5.6972187142e-02,0.0000000000e+00,6.3712454997e-02,7.0074453369e-01,-9.8087778609e-01,0.0000000000e+00
3.6375000000e-01,9.9832195763e-02,-8.4984688739e-02,4.5705058194e-02,0.0000000000e+00,6.3933608542e-02,7.0049881711e-01,-9.8283025200e-01,0.0000000000e+00
3.6625000000e-01,9.9896756118e-02,-6.9547106973e-02,3.4176055058e-02,0.0000000000e+00,6.4138584596e-02,7.0030195223e-01,-9.8470163874e-01,0.0000000000e+00
3.6875000000e-01,9.9970204338e-02,-5.4311893636e-02,2.2395191341e-02,0.0000000000e+00,6.4326516602e-02,7.0015413331e-01,-9.8648805509e-01,0.0000000000e+00
3.7125000000e-01,1.0005152839e-01,-3.9300039300e-02,1.0373661313e-02,0.0000000000e+00,6.4496679153e-02,7.0005550625e-01,-9.8818607726e-01,0.0000000000e+00
3.7375000000e-01,1.0014432234e-01,-2.4531049766e-02,-1.8756513333e-03,0.0000000000e+00,6.4648381022e-02,7.0000616838e-01,-9.8979291889e-01,0.0000000000e+00
3.7625000000e-01,1.0024769517e-01,-1.0023037581e-02,-1.4337937746e-02,0.0000000000e+00,6.4781046583e-02,7.0000616838e-01,-9.9130641478e-01,0.0000000000e+00
3.7875000000e-01,1.0036030662e-01,4.2077293241e-03,-2.6996943322e-02,0.0000000000e+00,6.4894323364e-02,7.0005550625e-01,-9.9272498089e-01,0.0000000000e+00
3.8125000000e-01,1.0048148738e-01,1.8147466021e-02,-3.9835509037e-02,0.0000000000e+00,6.4988364838e-02,7.0015413331e-01,-9.9404757022e-01,0.0000000000e+00
3.8375000000e-01,1.0061128231e-01,3.1784902285e-02,-5.2835276577e-02,0.0000000000e+00,6.5063259586e-02,7.0030195223e-01,-9.9527395297e-01,0.0000000000e+00
3.8625000000e-01,1.0074985907e-01,4.5110895832e-02,-6.5976204360e-02,0.0000000000e+00,6.5119255660e-02,7.0049881711e-01,-9.9640464009e-01,0.0000000000e+00
3.8875000000e-01,1.0089744900e-01,5.8118439715e-02,-7.9236608296e-02,0.0000000000e+00,6.5156792885e-02,7.0074453369e-01,-9.9744087597e-01,0.0000000000e+00
3.9125000000e-01,1.0105436057e-01,7.0802597753e-02,-9.2593180609e-02,0.0000000000e+00,6.5176505343e-02,7.0103885947e-01,-9.9838461600e-01,0.0000000000e+00
3.9375000000e-01,1.0122098560e-01,8.3160360673e-02,-1.0602101249e-01,0.0000000000e+00,6.5179229460e-02,7.0138150398e-01,-9.9923848275e-01,0.0000000000e+00
3.9625000000e-01,1.0139780622e-01,9.5190431293e-02,-1.1949361996e-01,0.0000000000e+00,6.5166012126e-02,7.0177212908e-01,-1.0000057018e+00,0.0000000000e+00
3.9875000000e-01,1.0158540299e-01,1.0689294009e-01,-1.3298296970e-01,0.0000000000e+00,6.5138119587e-02,7.0221034926e-01,-1.0006900179e+00,0.0000000000e+00
4.0125000000e-01,1.0178446471e-01,1.1826909633e-01,-1.4645950070e-01,0.0000000000e+00,6.5097047867e-02,7.0269573206e-01,-1.0012955926e+00,0.0000000000e+00
4.0375000000e-01,1.0199580007e-01,1.2932078342e-01,-1.5989213733e-01,0.0000000000e+00,6.5044535445e-02,7.0322779846e-01,-1.0018268863e+00,0.0000000000e+00
4.0625000000e-01,1.0222035183e-01,1.4005011026e-01,-1.7324828964e-01,0.0000000000e+00,6.4982578787e-02,7.0380602337e-01,-1.0022885287e+00,0.0000000000e+00
4.0875000000e-01,1.0245921311e-01,1.5045893400e-01,-1.8649383900e-01,0.0000000000e+00,6.4913451093e-02,7.0442983617e-01,-1.0026851814e+00,0.0000000000e+00
4.1125000000e-01,1.0271364587e-01,1.6054837259e-01,-1.9959311020e-01,0.0000000000e+00,6.4839724270e-02,7.0509862121e-01,-1.0030213984e+00,0.0000000000e+00
4.1375000000e-01,1.0298510056e-01,1.7031832837e-01,-2.1250883578e-01,0.0000000000e+00,6.4764293629e-02,7.0581171850e-01,-1.0033014892e+00,0.0000000000e+00
4.1625000000e-01,1.0327523570e-01,1.7976704619e-01,-2.2520212390e-01,0.0000000000e+00,6.4690404193e-02,7.0656842428e-01,-1.0035293917e+00,0.0000000000e+00
4.1875000000e-01,1.0358593544e-01,1.8889073110e-01,-2.3763244698e-01,0.0000000000e+00,6.4621676774e-02,7.0736799178e-01,-1.0037085579e+00,0.0000000000e+00
4.2125000000e-01,1.0391932236e-01,1.9768325117e-01,-2.4975767411e-01,0.0000000000e+00,6.4562131254e-02,7.0820963193e-01,-1.0038418595e+00,0.0000000000e+00
4.2375000000e-01,1.0427776248e-01,2.0613595023e-01,-2.6153417515e-01,0.0000000000e+00,6.4516203797e-02,7.0909251413e-01,-1.0039315164e+00,0.0000000000e+00
4.2625000000e-01,1.0466385871e-01,2.1423759343e-01,-2.7291702767e-01,0.0000000000e+00,6.4488754151e-02,7.1001576708e-01,-1.0039790524e+00,0.0000000000e+00
4.2875000000e-01,1.0508042985e-01,2.2197445084e-01,-2.8386034167e-01,0.0000000000e+00,6.4485059727e-02,7.1097847963e-01,-1.0039852799e+00,0.0000000000e+00
4.3125000000e-01,1.0553056136e-01,2.2932992992e-01,-2.9431712158e-01,0.0000000000e+00,6.4510903069e-02,7.1197970172e-01,-1.0039503132e+00,0.0000000000e+00
4.3375000000e-01,1.0601732908e-01,2.3628665517e-01,-3.0424138414e-01,0.0000000000e+00,6.4572263326e-02,7.1301844525e-01,-1.0038735750e+00,0.0000000000e+00
4.3625000000e-01,1.0654384124e-01,2.4282595397e-01,-3.1358837621e-01,0.0000000000e+00,6.4675398597e-02,7.1409368511e-01,-1.0037539822e+00,0.0000000000e+00
4.3875000000e-01,1.0711310831e-01,2.4892885544e-01,-3.2231560773e-01,0.0000000000e+00,6.4826720529e-02,7.1520436017e-01,-1.0035900001e+00,0.0000000000e+00
4.4125000000e-01,1.0772790316e-01,2.5457703309e-01,-3.3038410087e-01,0.0000000000e+00,6.5032655195e-02,7.1634937432e-01,-1.0033797771e+00,0.0000000000e+00
4.4375000000e-01,1.0839060508e-01,2.5975381612e-01,-3.3775970424e-01,0.0000000000e+00,6.5299478693e-02,7.1752759758e-01,-1.0031212967e+00,0.0000000000e+00
4.4625000000e-01,1.0910303692e-01,2.6444520530e-01,-3.4441438510e-01,0.0000000000e+00,6.5633134378e-02,7.1873786718e-01,-1.0028125389e+00,0.0000000000e+00
4.4875000000e-01,1.0986630739e-01,2.6864081737e-01,-3.5032739488e-01,0.0000000000e+00,6.6039041404e-02,7.1997898873e-01,-1.0024516414e+00,0.0000000000e+00
4.5125000000e-01,1.1068067236e-01,2.7233467738e-01,-3.5548619501e-01,0.0000000000e+00,6.6521907518e-02,7.2124973740e-01,-1.0020370486e+00,0.0000000000e+00
4.5375000000e-01,1.1154543012e-01,2.7552578419e-01,-3.5988703905e-01,0.0000000000e+00,6.7085560975e-02,7.2254885910e-01,-1.0015676398e+00,0.0000000000e+00
4.5625000000e-01,1.1245886353e-01,2.7821839307e-01,-3.6353513484e-01,0.0000000000e+00,6.7732816503e-02,7.2387507176e-01,-1.0010428261e+00,0.0000000000e+00
4.5875000000e-01,1.1341823809e-01,2.8042198789e-01,-3.6644435386e-01,0.0000000000e+00,6.8465387981e-02,7.2522706658e-01,-1.0004626104e+00,0.0000000000e+00
4.6125000000e-01,1.1441985911e-01,2.8215095185e-01,-3.6863650858e-01,0.0000000000e+00,6.9283855861e-02,7.2660350929e-01,-9.9982760860e-01,0.0000000000e+00
4.6375000000e-01,1.1545918384e-01,2.8342398189e-01,-3.7014027279e-01,0.0000000000e+00,7.0187690807e-02,7.2800304151e-01,-9.9913903300e-01,0.0000000000e+00
4.6625000000e-01,1.1653097722e-01,2.8426332238e-01,-3.7098986319e-01,0.0000000000e+00,7.1175327670e-02,7.2942428207e-01,-9.9839864645e-01,0.0000000000e+00
4.6875000000e-01,1.1762949473e-01,2.8469391051e-01,-3.7122362364e-01,0.0000000000e+00,7.2244277362e-02,7.3086582838e-01,-9.9760869556e-01,0.0000000000e+00
4.7125000000e-01,1.1874867299e-01,2.8474252667e-01,-3.7088265160e-01,0.0000000000e+00,7.3391259789e-02,7.3232625781e-01,-9.9677183505e-01,0.0000000000e+00
4.7375000000e-01,1.1988231006e-01,2.8443702709e-01,-3.7000957969e-01,0.0000000000e+00,7.4612340081e-02,7.3380412909e-01,-9.9589105368e-01,0.0000000000e+00
4.7625000000e-01,1.2102422126e-01,2.8380570895e-01,-3.6864758242e-01,0.0000000000e+00,7.5903052903e-02,7.3529798374e-01,-9.9496960967e-01,0.0000000000e+00
4.7875000000e-01,1.2216836275e-01,2.8287682634e-01,-3.6683962931e-01,0.0000000000e+00,7.7258504972e-02,7.3680634750e-01,-9.9401097972e-01,0.0000000000e+00
4.8125000000e-01,1.2330892160e-01,2.8167824708e-01,-3.6462796334e-01,0.0000000000e+00,7.8673452500e-02,7.3832773181e-01,-9.9301882192e-01,0.0000000000e+00
4.8375000000e-01,1.2444037648e-01,2.8023722149e-01,-3.6205375583e-01,0.0000000000e+00,8.0142356248e-02,7.3986063523e-01,-9.9199694957e-01,0.0000000000e+00
4.8625000000e-01,1.2555753614e-01,2.7858022658e-01,-3.5915687950e-01,0.0000000000e+00,8.1659420891e-02,7.4140354499e-01,-9.9094931151e-01,0.0000000000e+00
4.8875000000e-01,1.2665556353e-01,2.7673285258e-01,-3.5597574752e-01,0.0000000000e+00,8.3218626712e-02,7.4295493840e-01,-9.8987997432e-01,0.0000000000e+00
4.9125000000e-01,1.2772999165e-01,2.7471970844e-01,-3.5254718274e-01,0.0000000000e+00,8.4813760540e-02,7.4451328445e-01,-9.8879310302e-01,0.0000000000e+00
4.9375000000e-01,1.2877673502e-01,2.7256433551e-01,-3.4890630010e-01,0.0000000000e+00,8.6438450185e-02,7.4607704521e-01,-9.8769293864e-01,0.0000000000e+00
4.9625000000e-01,1.2979189659e-01,2.7028857026e-01,-3.4508605426e-01,0.0000000000e+00,8.8085917370e-02,7.4764467746e-01,-9.8658380044e-01,0.0000000000e+00
4.9875000000e-01,1.2973684837e-01,2.6833185354e-01,-3.4098628633e-01,0.0000000000e+00,8.9826278947e-02,7.4921463413e-01,-9.8559053583e-01,0.0000000000e+00
