step,time,dt,limited_cells,theta_min,theta_mean,min_pressure_before_source,min_pressure_after_source,max_abs_divB
1,0.00141135,0.00141135,0,1,1,0.132564,0.132563,0.00339695
2,0.00282137,0.00141002,0,1,1,0.132456,0.132456,0.00684772
3,0.00423029,0.00140893,0,1,1,0.132307,0.132306,0.0103417
4,0.00563837,0.00140808,0,1,1,0.132117,0.132117,0.0152182
5,0.00704516,0.00140679,0,1,1,0.131889,0.131888,0.0224092
6,0.00845086,0.00140571,0,1,1,0.131622,0.131622,0.0310043
7,0.00985573,0.00140486,0,1,1,0.131319,0.131318,0.0410412
8,0.0112594,0.00140366,0,1,1,0.130978,0.130976,0.0525595
9,0.012662,0.00140259,0,1,1,0.1306,0.130599,0.0656094
10,0.0140637,0.00140174,0,1,1,0.13019,0.130188,0.0802423
11,0.0154644,0.0014007,0,1,1,0.129747,0.129745,0.0965028
12,0.0168641,0.00139964,0,1,1,0.129273,0.129271,0.114443
13,0.01826,0.00139597,0,1,1,0.12877,0.128767,0.134082
14,0.0196524,0.00139233,0,1,1,0.128237,0.128233,0.155473
15,0.0210412,0.00138883,0,1,1,0.127629,0.127625,0.178675
16,0.0224266,0.00138536,0,1,1,0.126981,0.126977,0.203752
17,0.0238085,0.0013819,0,1,1,0.126302,0.126298,0.233539
18,0.0251869,0.00137844,0,1,1,0.125594,0.12559,0.310954
19,0.0265619,0.00137497,0,1,1,0.124858,0.124855,0.418179
20,0.0279335,0.00137166,0,1,1,0.124096,0.124093,0.557749
21,0.029302,0.0013685,0,1,1,0.123309,0.123307,0.737463
22,0.0306674,0.00136537,0,1,1,0.122499,0.122498,0.966522
23,0.0320295,0.00136212,0,1,1,0.121668,0.121668,1.25565
24,0.0333885,0.00135896,0,1,1,0.120817,0.120817,1.6172
25,0.0347443,0.00135583,0,1,1,0.119946,0.119948,2.06529
26,0.0360971,0.00135285,0,1,1,0.119059,0.119061,2.61586
27,0.0374472,0.00135003,0,1,1,0.118155,0.118158,3.33182
28,0.0387944,0.00134724,0,1,1,0.117237,0.11724,4.24994
29,0.0401387,0.00134425,0,1,1,0.116305,0.116309,5.46586
30,0.04148,0.00134138,0,1,1,0.115362,0.115366,7.11658
31,0.0428187,0.00133863,0,1,1,0.114407,0.114412,9.31446
32,0.0441546,0.00133594,0,1,1,0.113442,0.113448,12.1812
33,0.0454881,0.00133347,0,1,1,0.112469,0.112475,15.8142
34,0.0468191,0.001331,0,1,1,0.111487,0.111494,20.5465
35,0.0481475,0.00132841,0,1,1,0.110499,0.110507,27.5866
36,0.0494733,0.0013258,0,1,1,0.109506,0.109514,37.7044
37,0.0507967,0.00132341,0,1,1,0.108508,0.108247,51.3747
38,0.0521161,0.0013194,0,1,1,0.107507,0.0904746,71.3556
39,0.0533485,0.00123241,0,1,1,0.100154,0.0238219,99.6937
40,0.0543921,0.00104353,3,0.357362,0.516195,0.0432363,1.00001e-12,138.215
41,0.0553551,0.000963014,20,0.092131,0.536056,0.013875,1.00001e-12,170.239
42,0.0562637,0.000908657,37,0.0197402,0.294575,0.00239587,1.00001e-12,181.373
43,0.0571493,0.00088553,55,9.02254e-14,0.216213,1.0113e-12,1.00001e-12,185.098
44,0.0580227,0.000873453,73,7.8748e-14,0.164957,1.00967e-12,1.00001e-12,188.426
45,0.0588765,0.000853758,97,0,0.187638,9.89486e-13,9.89486e-13,191.332
46,0.0597102,0.00083376,124,0,0.17159,9.8721e-13,9.8721e-13,193.655
47,0.060536,0.000825757,167,0,0.205409,9.86378e-13,9.86378e-13,195.122
48,0.0613506,0.000814571,209,0,0.192578,9.83436e-13,9.83436e-13,196.801
49,0.0621516,0.000801029,252,0,0.160657,9.80882e-13,9.80882e-13,198.387
50,0.0629408,0.000789242,289,0,0.139769,9.80327e-13,9.80327e-13,200.116
51,0.0637232,0.000782413,320,0,0.117008,9.80586e-13,9.80586e-13,201.544
52,0.0645021,0.000778853,355,0,0.120872,9.79032e-13,9.79032e-13,202.559
53,0.0652781,0.00077604,409,0,0.132697,9.78255e-13,9.78255e-13,204.102
54,0.0660517,0.00077357,460,0,0.118714,9.53682e-13,9.53682e-13,205.984
55,0.0668175,0.000765838,510,0,0.105978,9.22151e-13,9.22151e-13,207.319
56,0.0675782,0.000760676,564,0,0.107527,9.0139e-13,9.0139e-13,207.857
57,0.0683356,0.000757435,607,0,0.0894784,8.86994e-13,8.86994e-13,211.279
58,0.0690906,0.000754949,665,0,0.0963505,8.82442e-13,8.82442e-13,212.72
59,0.069843,0.000752418,717,0,0.092401,8.98466e-13,8.98466e-13,214.084
60,0.070593,0.000749963,766,0,0.0884821,9.04018e-13,9.04018e-13,214.933
61,0.0713406,0.000747612,841,0,0.106302,9.02981e-13,9.02981e-13,215.205
62,0.0720836,0.000743032,923,0,0.0988296,9.02722e-13,9.02722e-13,214.858
63,0.0728193,0.000735715,997,0,0.0974206,9.21152e-13,9.21152e-13,216.226
64,0.0735559,0.000736546,1075,0,0.0908304,9.37879e-13,9.37879e-13,218.578
65,0.074289,0.000733113,1183,0,0.101894,9.38286e-13,9.38286e-13,219.883
66,0.0750117,0.000722724,1292,0,0.104921,9.53682e-13,9.53682e-13,220.567
67,0.075727,0.000715272,1390,0,0.0958584,9.52534e-13,9.52534e-13,222.036
68,0.0764443,0.000717271,1496,0,0.0973629,9.53163e-13,9.53163e-13,222.412
69,0.0771539,0.000709637,1592,0,0.0863767,9.54385e-13,9.54385e-13,224.638
70,0.0778654,0.000711516,1711,0,0.0910462,9.47871e-13,9.47871e-13,225.811
71,0.0785749,0.000709509,1814,0,0.0794813,9.39397e-13,9.39397e-13,227.155
72,0.0792762,0.000701292,1921,0,0.0780074,9.32717e-13,9.32717e-13,229.706
73,0.0799664,0.000690209,2026,0,0.0774483,9.27508e-13,9.27508e-13,229.885
74,0.080632,0.00066562,2116,0,0.0725562,9.22059e-13,9.22059e-13,230.5
75,0.0812782,0.00064613,2201,0,0.0719315,9.16193e-13,9.16193e-13,233.345
76,0.0819091,0.000630878,2291,0,0.0675508,9.09846e-13,9.09846e-13,235.739
77,0.0825285,0.00061945,2369,0,0.0650513,9.03453e-13,9.03453e-13,236.811
78,0.0831533,0.000624788,2441,0,0.0629997,8.93359e-13,8.93359e-13,237.637
79,0.0838078,0.000654554,2534,0,0.063203,8.8185e-13,8.8185e-13,245.561
80,0.0844781,0.000670222,2611,0,0.0592944,8.70433e-13,8.70433e-13,253.725
81,0.0851486,0.00067049,2711,0,0.0613187,8.59646e-13,8.59646e-13,261.916
82,0.0858057,0.00065719,2794,0,0.0597738,8.49894e-13,8.49894e-13,270.347
83,0.0864435,0.000637772,2862,0,0.0574588,8.41253e-13,8.41253e-13,277.92
84,0.0870737,0.000630163,2941,0,0.0581066,8.33592e-13,8.33592e-13,284.684
85,0.0877079,0.000634243,3024,0,0.0579217,8.26987e-13,8.26987e-13,298.555
86,0.0883376,0.000629649,3111,0,0.0571699,8.21676e-13,8.21676e-13,308.16
87,0.0889594,0.000621816,3180,0,0.0578314,8.17753e-13,8.46305e-13,313.42
88,0.0895711,0.00061173,3247,0,0.0544162,8.40772e-13,8.40772e-13,321.594
89,0.0901697,0.000598532,3333,0,0.0579223,8.3672e-13,8.3672e-13,325.841
90,0.0907556,0.000585966,3379,0,0.0520283,8.32723e-13,8.32723e-13,329.411
91,0.0913308,0.000575147,3448,0,0.0545771,8.29004e-13,8.29004e-13,334.158
92,0.0918967,0.000565978,3506,0,0.0528214,8.25691e-13,8.25691e-13,338.129
93,0.0924552,0.000558417,3591,0,0.0556406,8.22546e-13,8.22546e-13,341.427
94,0.0930076,0.000552438,3659,0,0.0547766,8.19548e-13,8.19548e-13,343.989
95,0.0935554,0.000547783,3733,0,0.0551231,8.16976e-13,8.16976e-13,345.013
96,0.0940997,0.000544275,3801,0,0.053921,8.14774e-13,8.14774e-13,346.245
97,0.0946422,0.000542537,3870,0,0.0542558,8.13257e-13,8.13257e-13,345.662
98,0.0951798,0.000537623,3934,0,0.0527005,8.1285e-13,8.28837e-13,342.416
99,0.0957135,0.000533699,4012,0,0.0522408,8.27209e-13,8.27209e-13,347.004
100,0.0962443,0.000530814,4075,0,0.0510786,8.25765e-13,8.25765e-13,351.878
101,0.0967731,0.000528804,4149,0,0.0517888,8.24526e-13,8.24526e-13,356.354
102,0.0973014,0.000528222,4242,0,0.0549746,8.1544e-13,8.1544e-13,360.18
103,0.0978308,0.00052947,4315,0,0.0522503,8.06429e-13,8.06429e-13,363.652
104,0.0983638,0.000532943,4401,0,0.0538871,7.97732e-13,7.97732e-13,366.789
105,0.0988955,0.000531745,4490,0,0.0539554,7.8948e-13,7.8948e-13,369.656
106,0.0994219,0.000526427,4559,0,0.0509116,7.81967e-13,7.81967e-13,372.288
107,0.0999477,0.00052576,4625,0,0.0515954,7.75047e-13,7.75047e-13,374.591
108,0.100468,0.000520514,4711,0,0.0524454,7.68885e-13,7.68885e-13,377.776
109,0.100984,0.000516044,4794,0,0.0520378,7.63426e-13,7.63426e-13,379.343
110,0.101499,0.000514954,4874,0,0.0531253,7.59133e-13,7.59133e-13,384.081
111,0.102009,0.00051025,4935,0,0.0519889,7.54045e-13,7.54045e-13,389.241
112,0.102515,0.000505634,5006,0,0.051572,7.47513e-13,7.47513e-13,394.017
113,0.103016,0.000501117,5091,0,0.0512211,7.40796e-13,7.40796e-13,399.675
114,0.103513,0.000496633,5154,0,0.0499587,7.59874e-13,7.59874e-13,404.339
115,0.104005,0.000492294,5230,0,0.0508999,7.55396e-13,7.55396e-13,408.003
116,0.104493,0.000488084,5309,0,0.0510746,7.51269e-13,7.51269e-13,410.698
117,0.104977,0.000483924,5379,0,0.0501145,7.4755e-13,7.4755e-13,412.37
118,0.105457,0.000479913,5444,0,0.0493903,7.44182e-13,7.44182e-13,414.548
119,0.105933,0.000475968,5515,0,0.0493759,7.41555e-13,7.41555e-13,415.371
120,0.106405,0.000472176,5568,0,0.0479143,7.39353e-13,7.39353e-13,415.843
121,0.106874,0.000468624,5637,0,0.0486729,7.34968e-13,7.34968e-13,413.149
122,0.107343,0.000469627,5697,0,0.0473019,7.31285e-13,7.31285e-13,409.123
123,0.107813,0.000469525,5763,0,0.0490729,7.26104e-13,7.26104e-13,409.665
124,0.108282,0.000468603,5827,0,0.0485933,7.22015e-13,7.22015e-13,410.053
125,0.108749,0.000467264,5876,0,0.0476512,7.19073e-13,7.19073e-13,410.634
126,0.109214,0.000465419,5934,0,0.0463464,7.16593e-13,7.16593e-13,415.494
127,0.109678,0.000463337,6005,0,0.0475475,7.35523e-13,7.35523e-13,420.236
128,0.110142,0.000464625,6071,0,0.0468147,7.31933e-13,7.31933e-13,424.867
129,0.110604,0.000461625,6152,0,0.0469349,7.25272e-13,7.25272e-13,429.548
130,0.111062,0.000458583,6216,0,0.0469852,7.25013e-13,7.25013e-13,434.243
131,0.111519,0.000456811,6283,0,0.0468635,7.24532e-13,7.24532e-13,438.995
132,0.111973,0.000453999,6343,0,0.0460981,7.24272e-13,7.24272e-13,443.906
133,0.112423,0.000450089,6401,0,0.0453687,7.24384e-13,7.24384e-13,448.313
134,0.11287,0.000446537,6458,0,0.0440987,7.24532e-13,7.24532e-13,448.708
135,0.113314,0.00044436,6523,0,0.0446699,7.23791e-13,7.23791e-13,449.972
136,0.113755,0.000440439,6579,0,0.0453183,7.23421e-13,7.23421e-13,453.802
137,0.11419,0.000435324,6643,0,0.0449037,7.2096e-13,7.2096e-13,456.117
138,0.114621,0.000431119,6704,0,0.0454802,7.16482e-13,7.16482e-13,456.389
139,0.115049,0.000427466,6739,0,0.0437842,7.12042e-13,7.12042e-13,456.508
140,0.115473,0.000424549,6792,0,0.043758,7.10802e-13,7.10802e-13,456.408
141,0.115895,0.000422027,6852,0,0.0434933,7.09877e-13,7.09877e-13,456.06
142,0.116315,0.000420062,6908,0,0.0428837,7.08452e-13,7.08452e-13,455.443
143,0.116734,0.000418314,6961,0,0.0423906,7.06231e-13,7.06231e-13,459.666
144,0.11715,0.000416957,7012,0,0.0426684,7.03493e-13,7.03493e-13,459.867
145,0.117566,0.000415758,7057,0,0.0419186,7.00421e-13,7.00421e-13,459.386
146,0.117981,0.000414654,7108,0,0.0423906,6.95925e-13,6.95925e-13,459.628
147,0.118395,0.0004136,7143,0,0.0424687,6.91317e-13,6.91317e-13,457.901
148,0.118807,0.000412565,7191,0,0.0430835,6.86728e-13,6.86728e-13,455.808
149,0.119219,0.000411535,7236,0,0.0417057,6.82269e-13,6.82269e-13,459.155
150,0.119627,0.000408403,7299,0,0.0425883,6.78087e-13,6.78087e-13,462.503
151,0.120026,0.000399281,7340,0,0.0424123,6.74201e-13,6.74201e-13,465.707
152,0.120419,0.000392937,7377,0,0.0419355,6.7063e-13,6.7063e-13,468.559
153,0.120806,0.000387181,7413,0,0.0421961,6.67355e-13,6.67355e-13,471.151
154,0.121188,0.000381586,7477,0,0.0443888,6.64357e-13,6.64357e-13,473.735
155,0.121564,0.000375969,7518,0,0.04354,6.62581e-13,6.62581e-13,476.3
156,0.121935,0.000370715,7560,0,0.0425438,6.57826e-13,6.57826e-13,478.612
157,0.122301,0.000365916,7605,0,0.0435252,6.51756e-13,6.51756e-13,481.15
158,0.122662,0.000361706,7632,0,0.0424258,6.56456e-13,6.56456e-13,483.712
159,0.123022,0.000359896,7670,0,0.0424274,6.54032e-13,6.54032e-13,486.485
160,0.123382,0.00035961,7708,0,0.0421212,6.51627e-13,6.51627e-13,489.381
161,0.123738,0.000355732,7738,0,0.0410492,6.49332e-13,6.49332e-13,492.664
162,0.124089,0.000351724,7773,0,0.0415377,6.47168e-13,6.47168e-13,496.522
163,0.124438,0.00034839,7816,0,0.0418674,6.45021e-13,6.45021e-13,500.526
164,0.124783,0.000345509,7845,0,0.0410767,6.43004e-13,6.43004e-13,504.984
165,0.125126,0.000342955,7884,0,0.0416689,6.41394e-13,6.41394e-13,510.143
166,0.125468,0.000341771,7931,0,0.0428335,6.40247e-13,6.40247e-13,515.664
167,0.125809,0.000340765,7968,0,0.0432698,6.35677e-13,6.35677e-13,522.394
168,0.126144,0.000335225,8004,0,0.0428626,6.31014e-13,6.31014e-13,527.717
169,0.126479,0.000335285,8016,0,0.0409036,6.28072e-13,6.28072e-13,530.095
170,0.126816,0.000336417,8047,0,0.042097,6.26277e-13,6.26277e-13,528.661
171,0.127151,0.000335852,8099,0,0.042959,6.2278e-13,6.2278e-13,532.338
172,0.12749,0.000338944,8135,0,0.0418434,6.20874e-13,6.20874e-13,531.613
173,0.127832,0.000341226,8166,0,0.0424368,6.18635e-13,6.18635e-13,534.204
174,0.128174,0.000342658,8210,0,0.0424794,6.16488e-13,6.16488e-13,536.196
175,0.128517,0.000342408,8225,0,0.0416327,6.13306e-13,6.13306e-13,537.993
176,0.128856,0.000339146,8248,0,0.0421512,6.0781e-13,6.0781e-13,539.709
177,0.129179,0.000323319,8283,0,0.0421361,6.03314e-13,6.03314e-13,541.311
178,0.129489,0.000310252,8332,0,0.0431701,5.99502e-13,5.99502e-13,542.389
179,0.129792,0.000302672,8368,0,0.0431037,5.96079e-13,5.96079e-13,542.941
180,0.13009,0.000297815,8399,0,0.0424958,5.91971e-13,5.91971e-13,547.424
181,0.130385,0.000294859,8448,0,0.0435614,5.87937e-13,5.87937e-13,547.994
182,0.130678,0.000293251,8479,0,0.0421937,5.83922e-13,5.83922e-13,551.173
183,0.130971,0.000292856,8486,0,0.041592,5.79944e-13,5.79944e-13,553.278
184,0.131253,0.0002826,8527,0,0.0426163,5.7628e-13,5.7628e-13,555.582
185,0.131537,0.000283275,8555,0,0.042219,5.72931e-13,5.72931e-13,555.679
186,0.131812,0.000275674,8591,0,0.042582,5.70174e-13,5.70174e-13,561.452
187,0.13209,0.00027789,8628,0,0.0434906,5.67879e-13,5.67879e-13,567.181
188,0.132364,0.000273601,8661,0,0.0430367,5.65899e-13,5.65899e-13,572.652
189,0.132642,0.000278179,8698,0,0.0431843,5.64215e-13,5.64215e-13,577.822
190,0.132919,0.000277198,8739,0,0.0432913,5.62569e-13,5.62569e-13,582.843
191,0.133203,0.000283612,8766,0,0.0431602,5.61495e-13,5.61495e-13,587.655
192,0.133494,0.000290917,8782,0,0.042765,5.60922e-13,5.60922e-13,592.38
193,0.133785,0.000291201,8830,0,0.0431916,5.60515e-13,5.60515e-13,597.05
194,0.134074,0.000289276,8852,0,0.0424361,5.60681e-13,5.60681e-13,601.536
195,0.134357,0.000282328,8875,0,0.0424364,5.61347e-13,5.61347e-13,605.827
196,0.134632,0.000275856,8905,0,0.0420614,5.62513e-13,5.62513e-13,609.851
197,0.134902,0.00026985,8938,0,0.0416764,5.64067e-13,5.64067e-13,613.62
198,0.135167,0.000264295,8973,0,0.0421948,5.65899e-13,5.65899e-13,617.143
199,0.135426,0.000259169,9012,0,0.0427751,5.65585e-13,5.65585e-13,620.427
200,0.13568,0.000254441,9035,0,0.0417297,5.64844e-13,5.64844e-13,635.413
201,0.13593,0.00025008,9057,0,0.0419853,5.64289e-13,5.64289e-13,646.83
202,0.136176,0.000246058,9088,0,0.0425471,5.63142e-13,5.63142e-13,656.257
203,0.136421,0.000245094,9115,0,0.0432823,5.58368e-13,5.58368e-13,666.047
204,0.136665,0.000243669,9142,0,0.042883,5.53853e-13,5.53853e-13,676.727
205,0.136907,0.000241957,9159,0,0.0423042,5.4956e-13,5.4956e-13,687.972
206,0.137147,0.000240075,9194,0,0.0427202,5.45527e-13,5.45527e-13,699.396
207,0.137385,0.000238106,9212,0,0.0419264,5.41678e-13,5.41678e-13,711.075
208,0.137624,0.00023862,9233,0,0.0421303,5.36127e-13,5.36127e-13,722.811
209,0.137862,0.00023839,9257,0,0.0420749,5.30872e-13,5.30872e-13,734.906
210,0.1381,0.000237642,9284,0,0.042881,5.25839e-13,5.25839e-13,747.345
211,0.138336,0.000236539,9308,0,0.0423927,5.21028e-13,5.21028e-13,760.12
212,0.138572,0.0002352,9344,0,0.0426793,5.17142e-13,5.17142e-13,773.235
213,0.138805,0.000233698,9363,0,0.0419734,5.11739e-13,5.11739e-13,786.699
214,0.139037,0.000232098,9384,0,0.0420736,5.05559e-13,5.05559e-13,800.523
215,0.139268,0.000230448,9409,0,0.0427462,4.99822e-13,4.99822e-13,814.723
216,0.139497,0.000228781,9439,0,0.042786,4.94567e-13,4.94567e-13,829.311
217,0.139724,0.000227127,9456,0,0.0429326,4.89719e-13,4.89719e-13,844.291
218,0.139949,0.00022551,9472,0,0.0430975,4.85241e-13,4.85241e-13,859.65
219,0.140173,0.000223944,9485,0,0.0429255,4.81689e-13,4.81689e-13,875.389
220,0.140396,0.000222443,9515,0,0.0432432,4.79172e-13,4.79172e-13,916.941
221,0.140617,0.000221017,9517,0,0.0425274,4.77433e-13,4.77433e-13,931.205
222,0.140836,0.000219676,9541,0,0.043731,4.76434e-13,4.76434e-13,944.78
223,0.141055,0.00021843,9542,0,0.0424904,4.75805e-13,4.75805e-13,957.775
224,0.141272,0.000217282,9568,0,0.0426924,4.75546e-13,4.75546e-13,970.304
225,0.141488,0.000216243,9590,0,0.0422732,4.75694e-13,4.92606e-13,982.353
226,0.141704,0.000215305,9612,0,0.0424819,4.90756e-13,4.90756e-13,994.069
227,0.141918,0.000214471,9631,0,0.042831,4.89201e-13,4.89201e-13,1005.38
228,0.142132,0.000213738,9650,0,0.0431305,4.87943e-13,4.87943e-13,1016.74
229,0.142345,0.000213104,9667,0,0.0425892,4.87018e-13,4.87018e-13,1028.74
230,0.142558,0.00021257,9680,0,0.0423403,4.86352e-13,4.86352e-13,1041.48
231,0.14277,0.000212132,9698,0,0.0429709,4.85908e-13,4.85908e-13,1054.75
232,0.142981,0.000211785,9722,0,0.0434649,4.8576e-13,4.8576e-13,1068.34
233,0.143193,0.00021152,9730,0,0.0424435,4.85945e-13,4.85945e-13,1082.02
234,0.143404,0.00021123,9761,0,0.0433469,4.86463e-13,4.86463e-13,1095.62
235,0.143614,0.00020993,9775,0,0.0431958,4.87203e-13,4.87203e-13,1109.25
236,0.143823,0.000208697,9795,0,0.0430414,4.88165e-13,4.88165e-13,1121.43
237,0.14403,0.000207535,9816,0,0.0427421,4.89349e-13,4.89349e-13,1131.42
238,0.144237,0.000206445,9839,0,0.0428816,4.90682e-13,4.90682e-13,1135.66
239,0.144442,0.000205429,9850,0,0.0435075,4.92125e-13,4.92125e-13,1136.92
240,0.144647,0.000204486,9867,0,0.0431614,4.93716e-13,4.93716e-13,1134.94
241,0.14485,0.000203612,9885,0,0.0432377,4.95345e-13,4.95345e-13,1129.47
242,0.145053,0.000202572,9898,0,0.0421777,4.95826e-13,4.95826e-13,1146.87
243,0.145255,0.000202525,9914,0,0.0427279,4.96159e-13,4.96159e-13,1167.07
244,0.145458,0.000202924,9923,0,0.0424006,4.96233e-13,4.96233e-13,1183.28
245,0.145659,0.000201133,9925,0,0.0407837,4.95937e-13,4.95937e-13,1197.5
246,0.14586,0.000200702,9933,0,0.0414497,4.95493e-13,4.95493e-13,1212.01
247,0.146061,0.000200376,9942,0,0.0420424,4.94937e-13,4.94937e-13,1229.55
248,0.146261,0.000200047,9966,0,0.0418673,4.94271e-13,4.94271e-13,1249.65
249,0.14646,0.000199829,10005,0,0.043111,4.93605e-13,4.93605e-13,1267.92
250,0.14666,0.000199802,10014,0,0.0412663,4.92014e-13,4.92014e-13,1328.97
251,0.14686,0.000199716,10036,0,0.0422798,4.89164e-13,4.89164e-13,1387.78
252,0.147053,0.00019312,10060,0,0.0430566,4.86389e-13,4.86389e-13,1446.75
253,0.147241,0.000187843,10066,0,0.0422026,4.83872e-13,4.83872e-13,1500.38
254,0.147425,0.000183835,10099,0,0.0436252,4.81504e-13,4.81504e-13,1549.13
255,0.147606,0.000180888,10120,0,0.0430007,4.79246e-13,4.79246e-13,1593.54
256,0.147784,0.000178821,10150,0,0.043926,4.77211e-13,4.77211e-13,1634.79
257,0.147962,0.000177445,10151,0,0.0422094,4.7536e-13,4.7536e-13,1672.91
258,0.148135,0.000173596,10164,0,0.0426621,4.73695e-13,4.73695e-13,1709.12
259,0.148304,0.00016862,10169,0,0.0431762,4.72215e-13,4.72215e-13,1740.2
260,0.148469,0.000165334,10177,0,0.0430473,4.70994e-13,4.70994e-13,1760.56
261,0.148633,0.000164028,10184,0,0.0427869,4.69439e-13,4.69439e-13,1775.13
262,0.148796,0.00016243,10206,0,0.043106,4.68181e-13,4.68181e-13,1786.52
263,0.148957,0.00016062,10222,0,0.0432054,4.67256e-13,4.67256e-13,1792.48
264,0.149115,0.000158489,10229,0,0.0434086,4.6659e-13,4.6659e-13,1793.36
265,0.149272,0.000156746,10241,0,0.0431665,4.66072e-13,4.66072e-13,1788.97
266,0.149427,0.000154791,10254,0,0.0436456,4.65776e-13,4.65776e-13,1781.61
267,0.149579,0.000152752,10260,0,0.0428155,4.65591e-13,4.65591e-13,1768.38
268,0.149729,0.000149347,10263,0,0.0428903,4.65331e-13,4.65331e-13,1749.7
269,0.149874,0.000145341,10264,0,0.0430123,4.65146e-13,4.65146e-13,1724.87
270,0.150015,0.000140922,10274,0,0.0434792,4.65072e-13,4.65072e-13,1693.71
271,0.150152,0.000137037,10289,0,0.0432309,4.64221e-13,4.64221e-13,1677.86
272,0.150286,0.000133582,10298,0,0.0430173,4.61779e-13,4.61779e-13,1699.42
273,0.150416,0.000130469,10303,0,0.0431212,4.59521e-13,4.59521e-13,1717.74
274,0.150544,0.000127626,10302,0,0.0429595,4.57412e-13,4.57412e-13,1733.2
275,0.150669,0.000124996,10313,0,0.0425378,4.5545e-13,4.5545e-13,1743.96
276,0.15079,0.000121822,10328,0,0.0426971,4.536e-13,4.536e-13,1752.15
277,0.150909,0.000118778,10339,0,0.042861,4.51861e-13,4.51861e-13,1755.28
278,0.151025,0.00011601,10344,0,0.0427622,4.50195e-13,4.50195e-13,1752.72
279,0.151139,0.000113481,10350,0,0.0429149,4.48641e-13,4.48641e-13,1746.49
280,0.15125,0.000111157,10355,0,0.0424396,4.47235e-13,4.47235e-13,1739.34
281,0.151358,0.000108522,10356,0,0.042712,4.45903e-13,4.45903e-13,1733.4
282,0.151464,0.00010546,10374,0,0.0428145,4.44311e-13,4.44311e-13,1728.07
283,0.151566,0.000102517,10381,0,0.0425299,4.42831e-13,4.42831e-13,1731.73
284,0.151666,9.96974e-05,10377,0,0.0421663,4.41462e-13,4.41462e-13,1756.93
285,0.151763,9.70012e-05,10392,0,0.0430174,4.40277e-13,4.40277e-13,1777.19
286,0.151857,9.44358e-05,10402,0,0.0425438,4.3913e-13,4.3913e-13,1791.84
287,0.151949,9.19948e-05,10407,0,0.0425668,4.38131e-13,4.38131e-13,1807.24
288,0.152039,8.96702e-05,10413,0,0.0421774,4.37169e-13,4.37169e-13,1834.57
289,0.152127,8.74542e-05,10420,0,0.042722,4.36281e-13,4.36281e-13,1860.82
290,0.152212,8.5344e-05,10428,0,0.0423951,4.35392e-13,4.35392e-13,1886.05
291,0.152295,8.33378e-05,10442,0,0.0423948,4.34615e-13,4.34615e-13,1910.27
292,0.152377,8.14337e-05,10446,0,0.0422875,4.33875e-13,4.33875e-13,1933.49
293,0.152456,7.95627e-05,10460,0,0.0426753,4.33135e-13,4.33135e-13,1977.47
294,0.152534,7.77164e-05,10464,0,0.0424701,4.32469e-13,4.32469e-13,2027.29
295,0.15261,7.59813e-05,10467,0,0.0416522,4.31803e-13,4.31803e-13,2071.2
296,0.152684,7.4344e-05,10468,0,0.0418887,4.31211e-13,4.31211e-13,2108.65
297,0.152757,7.27926e-05,10473,0,0.0419499,4.30581e-13,4.30581e-13,2138.94
298,0.152828,7.07675e-05,10483,0,0.0423971,4.30026e-13,4.30026e-13,2162.71
299,0.152897,6.90064e-05,10498,0,0.042084,4.29508e-13,4.29508e-13,2176.79
300,0.152964,6.74101e-05,10497,0,0.0419629,4.28953e-13,4.28953e-13,2180.72
301,0.15303,6.5993e-05,10507,0,0.0419509,4.28435e-13,4.28435e-13,2209.15
302,0.153095,6.47101e-05,10510,0,0.0420178,4.27917e-13,4.27917e-13,2239.98
303,0.153159,6.3533e-05,10502,0,0.0410971,4.27288e-13,4.27288e-13,2253.75
304,0.153221,6.24785e-05,10511,0,0.0414683,4.26733e-13,4.26733e-13,2275.97
305,0.153283,6.152e-05,10520,0,0.0412022,4.26178e-13,4.26178e-13,2305.28
306,0.153343,6.06358e-05,10519,0,0.040533,4.2566e-13,4.2566e-13,2332.62
307,0.153403,5.98096e-05,10523,0,0.0411161,4.25141e-13,4.25141e-13,2358.04
308,0.153462,5.90305e-05,10531,0,0.041543,4.24623e-13,4.24623e-13,2381.53
309,0.15352,5.82908e-05,10541,0,0.0413612,4.24142e-13,4.24142e-13,2403.08
310,0.153578,5.75868e-05,10544,0,0.0413722,4.23661e-13,4.23661e-13,2439.43
311,0.153635,5.6917e-05,10547,0,0.041426,4.23254e-13,4.23254e-13,2505.25
312,0.153691,5.63037e-05,10558,0,0.0414651,4.2281e-13,4.2281e-13,2560.91
313,0.153747,5.57482e-05,10568,0,0.0414104,4.22403e-13,4.22403e-13,2607.12
314,0.153802,5.52534e-05,10566,0,0.0412626,4.21959e-13,4.21959e-13,2655.21
315,0.153857,5.48256e-05,10562,0,0.0412047,4.21515e-13,4.21515e-13,2713.79
316,0.153911,5.44757e-05,10568,0,0.0414789,4.21108e-13,4.21108e-13,2768.44
317,0.153966,5.42215e-05,10570,0,0.0411097,4.20626e-13,4.20626e-13,2819.07
318,0.15402,5.40896e-05,10563,0,0.0404766,4.20219e-13,4.20219e-13,2865.52
319,0.154074,5.41212e-05,10576,0,0.0414303,4.19775e-13,4.19775e-13,2907.59
320,0.154128,5.43815e-05,10576,0,0.0410929,4.19368e-13,4.19368e-13,2944.9
321,0.154183,5.45663e-05,10570,0,0.0406716,4.18961e-13,4.18961e-13,2977.93
322,0.154237,5.46326e-05,10576,0,0.0412763,4.18591e-13,4.18591e-13,3006.28
323,0.154292,5.43115e-05,10571,0,0.0402756,4.18184e-13,4.18184e-13,3030.11
324,0.154345,5.36675e-05,10578,0,0.0406543,4.17814e-13,4.17814e-13,3048.51
325,0.154398,5.24064e-05,10579,0,0.0404016,4.17444e-13,4.17444e-13,3061.64
326,0.154449,5.12082e-05,10582,0,0.0402185,4.17037e-13,4.17037e-13,3067.26
327,0.154499,5.00625e-05,10586,0,0.0402102,4.16667e-13,4.16667e-13,3068.04
328,0.154548,4.89685e-05,10588,0,0.0402243,4.16334e-13,4.16334e-13,3067.83
329,0.154596,4.79348e-05,10594,0,0.0399817,4.16038e-13,4.16038e-13,3066.79
330,0.154643,4.69799e-05,10598,0,0.0398106,4.15668e-13,4.15668e-13,3064.98
331,0.154689,4.61125e-05,10604,0,0.0394574,4.15371e-13,4.15371e-13,3062.42
332,0.154734,4.53286e-05,10604,0,0.0395134,4.15038e-13,4.15038e-13,3059.13
333,0.154779,4.46203e-05,10611,0,0.0395282,4.14668e-13,4.14668e-13,3055.11
334,0.154823,4.39784e-05,10626,0,0.0395136,4.14298e-13,4.14298e-13,3050.32
335,0.154866,4.33904e-05,10631,0,0.0393928,4.13928e-13,4.13928e-13,3112.03
336,0.154909,4.28422e-05,10638,0,0.0392419,4.13632e-13,4.13632e-13,3168.99
337,0.154952,4.23205e-05,10649,0,0.0389519,4.13336e-13,4.13336e-13,3220.33
338,0.154993,4.18132e-05,10654,0,0.0390883,4.12966e-13,4.12966e-13,3265.3
339,0.155035,4.13099e-05,10656,0,0.03927,4.12633e-13,4.12633e-13,3302.91
340,0.155075,4.08023e-05,10673,0,0.0395762,4.12337e-13,4.12337e-13,3331.98
341,0.155116,4.02851e-05,10678,0,0.0393219,4.12004e-13,4.12004e-13,3351.05
342,0.155156,3.97559e-05,10686,0,0.0394345,4.11708e-13,4.11708e-13,3358.23
343,0.155195,3.92151e-05,10694,0,0.0390579,4.11079e-13,4.11079e-13,3351.06
344,0.155233,3.86659e-05,10698,0,0.0395226,4.10412e-13,4.10412e-13,3329.64
345,0.155272,3.8114e-05,10696,0,0.0395483,4.0982e-13,4.0982e-13,3303.39
346,0.155309,3.75657e-05,10697,0,0.0390495,4.09191e-13,4.09191e-13,3372.74
347,0.155346,3.70278e-05,10701,0,0.039046,4.08599e-13,4.08599e-13,3454.06
348,0.155383,3.6506e-05,10708,0,0.0387809,4.08007e-13,4.08007e-13,3529.58
349,0.155419,3.60047e-05,10712,0,0.0389848,4.07452e-13,4.07452e-13,3599.94
350,0.155454,3.55272e-05,10723,0,0.0392778,4.06897e-13,4.06897e-13,3665.47
351,0.155489,3.50751e-05,10722,0,0.0393859,4.06305e-13,4.06305e-13,3726.17
352,0.155524,3.46486e-05,10733,0,0.039657,4.0575e-13,4.0575e-13,3781.98
353,0.155558,3.42468e-05,10727,0,0.0392971,4.05194e-13,4.05194e-13,3832.74
354,0.155592,3.38678e-05,10736,0,0.0393876,4.04602e-13,4.04602e-13,3878.17
355,0.155626,3.35098e-05,10739,0,0.0396227,4.04047e-13,4.04047e-13,3917.86
356,0.155659,3.3171e-05,10748,0,0.0391581,4.03529e-13,4.03529e-13,3951.2
357,0.155692,3.28358e-05,10732,0,0.0386656,4.03011e-13,4.03011e-13,3977.5
358,0.155724,3.25037e-05,10746,0,0.0394955,4.02456e-13,4.02456e-13,3995.88
359,0.155756,3.21891e-05,10747,0,0.0387801,4.01975e-13,4.01975e-13,4005.15
360,0.155788,3.18726e-05,10747,0,0.0382332,4.01494e-13,4.01494e-13,4003.92
361,0.15582,3.15527e-05,10750,0,0.0385782,4.01013e-13,4.01013e-13,3990.52
362,0.155851,3.12285e-05,10758,0,0.0390047,4.00568e-13,4.00568e-13,3964.72
363,0.155882,3.09165e-05,10758,0,0.0386394,4.00161e-13,4.00161e-13,3935.4
364,0.155912,3.05979e-05,10760,0,0.0383956,3.9968e-13,3.9968e-13,3905.29
365,0.155943,3.02913e-05,10764,0,0.0384836,3.99273e-13,3.99273e-13,3874.43
366,0.155973,2.99803e-05,10764,0,0.038271,3.98866e-13,3.98866e-13,3843.01
367,0.156002,2.955e-05,10767,0,0.038454,3.98459e-13,3.98459e-13,3811.64
368,0.156032,2.93279e-05,10769,0,0.0383752,3.98015e-13,3.98015e-13,3778.72
369,0.15606,2.88951e-05,10773,0,0.0382774,3.97608e-13,3.97608e-13,3746.26
370,0.156089,2.87259e-05,10776,0,0.0380756,3.97201e-13,3.97201e-13,3711.84
371,0.156117,2.83592e-05,10773,0,0.037896,3.96794e-13,3.96794e-13,3677.48
372,0.156146,2.82476e-05,10779,0,0.038331,3.96387e-13,3.96387e-13,3664.17
373,0.156174,2.81529e-05,10780,0,0.0381967,3.96017e-13,3.96017e-13,3697.6
374,0.156202,2.78708e-05,10780,0,0.0380077,3.95646e-13,3.95646e-13,3723.97
375,0.15623,2.78217e-05,10786,0,0.038444,3.95276e-13,3.95276e-13,3739.55
376,0.156257,2.76881e-05,10794,0,0.0381682,3.94906e-13,3.94906e-13,3744.96
377,0.156285,2.7584e-05,10790,0,0.037693,3.94573e-13,3.94573e-13,3744.66
378,0.156312,2.75082e-05,10797,0,0.0381513,3.94203e-13,3.94203e-13,3745.17
379,0.15634,2.74579e-05,10797,0,0.037903,3.93833e-13,3.93833e-13,3754.79
380,0.156367,2.74287e-05,10795,0,0.037967,3.935e-13,3.935e-13,3864.6
381,0.156395,2.74206e-05,10800,0,0.0381501,3.93167e-13,3.93167e-13,3971.14
382,0.156422,2.74235e-05,10793,0,0.0379266,3.92797e-13,3.92797e-13,4074.38
383,0.15645,2.74309e-05,10794,0,0.038035,3.92464e-13,3.92464e-13,4174.02
384,0.156477,2.74359e-05,10801,0,0.0382201,3.92094e-13,3.92094e-13,4269.48
385,0.156504,2.74324e-05,10796,0,0.0378657,3.91724e-13,3.91724e-13,4359.91
386,0.156532,2.74145e-05,10799,0,0.0383343,3.91354e-13,3.91354e-13,4444.13
387,0.156559,2.73773e-05,10795,0,0.0384512,3.91021e-13,3.91021e-13,4520.62
388,0.156587,2.73175e-05,10798,0,0.0387244,3.9065e-13,3.9065e-13,4587.46
389,0.156614,2.71931e-05,10806,0,0.0387955,3.90243e-13,3.90243e-13,4642.46
390,0.156641,2.70004e-05,10809,0,0.0386057,3.89873e-13,3.89873e-13,4682.41
391,0.156668,2.68065e-05,10819,0,0.0391292,3.89503e-13,3.89503e-13,4702.55
392,0.156694,2.66103e-05,10812,0,0.0383759,3.89207e-13,3.89207e-13,4701.02
393,0.156721,2.64115e-05,10816,0,0.038703,3.88911e-13,3.88911e-13,4692.46
394,0.156747,2.62103e-05,10818,0,0.0385035,3.88541e-13,3.88541e-13,4722.27
395,0.156773,2.6008e-05,10820,0,0.0388107,3.88208e-13,3.88208e-13,4859.21
396,0.156799,2.5804e-05,10825,0,0.0383497,3.87912e-13,3.87912e-13,4986.71
397,0.156824,2.55999e-05,10828,0,0.0385953,3.87579e-13,3.87579e-13,5105.51
398,0.15685,2.53949e-05,10820,0,0.0380612,3.8732e-13,3.8732e-13,5215.36
399,0.156875,2.51905e-05,10824,0,0.0383291,3.87024e-13,3.87024e-13,5315.31
400,0.1569,2.49856e-05,10833,0,0.0382348,3.86728e-13,3.86728e-13,5403.82
401,0.156925,2.47803e-05,10840,0,0.0383847,3.86432e-13,3.86432e-13,5478.64
402,0.156949,2.45743e-05,10843,0,0.0385886,3.86173e-13,3.86173e-13,5536.95
403,0.156973,2.43672e-05,10842,0,0.0383525,3.8584e-13,3.8584e-13,5574.81
404,0.156998,2.41588e-05,10839,0,0.0379863,3.85543e-13,3.85543e-13,5586.61
405,0.157022,2.39486e-05,10841,0,0.0386164,3.85284e-13,3.85284e-13,5569.89
406,0.157045,2.37365e-05,10845,0,0.0385297,3.85025e-13,3.85025e-13,5548.21
407,0.157069,2.35226e-05,10838,0,0.0381375,3.84803e-13,3.84803e-13,5526.56
408,0.157092,2.33073e-05,10853,0,0.0382941,3.84507e-13,3.84507e-13,5505.36
409,0.157115,2.30912e-05,10855,0,0.0381708,3.84248e-13,3.84248e-13,5485.04
410,0.157138,2.28652e-05,10846,0,0.037162,3.84026e-13,3.84026e-13,5465.95
411,0.157161,2.26289e-05,10851,0,0.0379946,3.83804e-13,3.83804e-13,5448.24
412,0.157183,2.24001e-05,10846,0,0.0374217,3.83545e-13,3.83545e-13,5431.69
413,0.157205,2.21777e-05,10859,0,0.0378273,3.83286e-13,3.83286e-13,5416.14
414,0.157227,2.19625e-05,10853,0,0.0374891,3.8299e-13,3.8299e-13,5401.3
415,0.157249,2.17525e-05,10848,0,0.0376876,3.82731e-13,3.82731e-13,5386.81
416,0.157271,2.1547e-05,10855,0,0.0375552,3.82509e-13,3.82509e-13,5371.76
417,0.157292,2.13468e-05,10856,0,0.0374564,3.8225e-13,3.8225e-13,5356.6
418,0.157313,2.11506e-05,10858,0,0.0373377,3.82028e-13,3.82028e-13,5342.56
419,0.157334,2.0957e-05,10858,0,0.0375056,3.81769e-13,3.81769e-13,5329.61
420,0.157355,2.07646e-05,10862,0,0.0379875,3.81547e-13,3.81547e-13,5317.92
421,0.157375,2.05726e-05,10862,0,0.0375278,3.81325e-13,3.81325e-13,5307.72
422,0.157396,2.03805e-05,10870,0,0.038249,3.81103e-13,3.81103e-13,5298.68
423,0.157416,2.01886e-05,10874,0,0.0380893,3.80881e-13,3.80881e-13,5290.86
424,0.157436,1.99973e-05,10870,0,0.0375494,3.80695e-13,3.80695e-13,5284.2
425,0.157456,1.98076e-05,10866,0,0.0376363,3.80473e-13,3.80473e-13,5278.63
426,0.157475,1.96206e-05,10864,0,0.0377838,3.80251e-13,3.80251e-13,5274.03
427,0.157495,1.9489e-05,10869,0,0.0379794,3.80029e-13,3.80029e-13,5269.65
428,0.157514,1.9385e-05,10871,0,0.0374213,3.79807e-13,3.79807e-13,5265.37
429,0.157534,1.93004e-05,10867,0,0.0374476,3.79585e-13,3.79585e-13,5261.03
430,0.157553,1.92298e-05,10866,0,0.0376622,3.79363e-13,3.79363e-13,5256.51
431,0.157572,1.91692e-05,10866,0,0.0374188,3.79178e-13,3.79178e-13,5251.7
432,0.157591,1.90753e-05,10859,0,0.037322,3.78993e-13,3.78993e-13,5246.77
433,0.15761,1.90069e-05,10864,0,0.0372191,3.78808e-13,3.78808e-13,5241.22
434,0.157629,1.89503e-05,10872,0,0.0373528,3.78623e-13,3.78623e-13,5235.07
435,0.157648,1.88641e-05,10879,0,0.0373394,3.78438e-13,3.78438e-13,5228.55
436,0.157666,1.86485e-05,10868,0,0.0370225,3.78216e-13,3.78216e-13,5222.28
437,0.157685,1.82334e-05,10877,0,0.0373454,3.77957e-13,3.77957e-13,5246.45
438,0.157703,1.78718e-05,10886,0,0.0370648,3.77735e-13,3.77735e-13,5300.54
439,0.15772,1.75515e-05,10883,0,0.036735,3.77587e-13,3.77587e-13,5352.35
440,0.157737,1.72617e-05,10887,0,0.0366974,3.77402e-13,3.77402e-13,5402.15
441,0.157754,1.69925e-05,10898,0,0.0368404,3.77217e-13,3.77217e-13,5450.17
442,0.157771,1.67362e-05,10892,0,0.0362044,3.77032e-13,3.77032e-13,5496.64
443,0.157788,1.64888e-05,10896,0,0.0366765,3.7681e-13,3.7681e-13,5541.71
444,0.157804,1.62499e-05,10894,0,0.0365533,3.76625e-13,3.76625e-13,5585.43
445,0.15782,1.6024e-05,10895,0,0.0361451,3.76403e-13,3.76403e-13,5627.79
446,0.157836,1.58142e-05,10892,0,0.0358929,3.76292e-13,3.76292e-13,5668.85
447,0.157851,1.56229e-05,10890,0,0.0358681,3.76107e-13,3.76107e-13,5708.66
448,0.157867,1.5451e-05,10892,0,0.0355494,3.75959e-13,3.75959e-13,5747.37
449,0.157882,1.52975e-05,10894,0,0.0356601,3.75848e-13,3.75848e-13,5785.1
450,0.157897,1.51465e-05,10897,0,0.0355979,3.75699e-13,3.75699e-13,5822.32
451,0.157912,1.49904e-05,10903,0,0.0357926,3.75551e-13,3.75551e-13,5859.23
452,0.157927,1.48353e-05,10895,0,0.0357095,3.7544e-13,3.7544e-13,5895.7
453,0.157942,1.46768e-05,10898,0,0.0358348,3.75255e-13,3.75255e-13,5931.82
454,0.157956,1.45138e-05,10901,0,0.0359264,3.75107e-13,3.75107e-13,5967.63
455,0.157971,1.43485e-05,10906,0,0.0355522,3.74922e-13,3.74922e-13,6003.14
456,0.157985,1.41835e-05,10903,0,0.0353255,3.74811e-13,3.74811e-13,6038.34
457,0.157999,1.40221e-05,10898,0,0.0350796,3.747e-13,3.747e-13,6073.21
458,0.158013,1.38673e-05,10896,0,0.0347815,3.74589e-13,3.74589e-13,6107.73
459,0.158026,1.37218e-05,10892,0,0.0344498,3.74478e-13,3.74478e-13,6201.22
460,0.15804,1.3587e-05,10901,0,0.0349047,3.74293e-13,3.74293e-13,6313.5
461,0.158053,1.34635e-05,10903,0,0.0345383,3.74108e-13,3.74108e-13,6425.95
462,0.158067,1.33511e-05,10905,0,0.0343149,3.73997e-13,3.73997e-13,6538.69
463,0.15808,1.32489e-05,10908,0,0.0341478,3.73923e-13,3.73923e-13,6650.52
464,0.158093,1.31554e-05,10913,0,0.034582,3.73812e-13,3.73812e-13,6762.48
465,0.158106,1.30691e-05,10913,0,0.0343969,3.73701e-13,3.73701e-13,6874.34
466,0.158119,1.29881e-05,10917,0,0.0345585,3.73627e-13,3.73627e-13,6986.37
467,0.158132,1.29109e-05,10911,0,0.0343261,3.73553e-13,3.73553e-13,7098.79
468,0.158145,1.2836e-05,10918,0,0.0349281,3.73442e-13,3.73442e-13,7211.76
469,0.158158,1.27623e-05,10923,0,0.0344954,3.73331e-13,3.73331e-13,7325.39
470,0.15817,1.26891e-05,10916,0,0.0343679,3.73183e-13,3.73183e-13,7439.71
471,0.158183,1.26161e-05,10921,0,0.0346209,3.73072e-13,3.73072e-13,7554.68
472,0.158196,1.25436e-05,10927,0,0.0344278,3.72998e-13,3.72998e-13,7670.22
473,0.158208,1.24724e-05,10931,0,0.0343161,3.7285e-13,3.7285e-13,7786.34
474,0.15822,1.24033e-05,10928,0,0.0342464,3.72739e-13,3.72739e-13,7903.08
475,0.158233,1.23375e-05,10928,0,0.0342912,3.72628e-13,3.72628e-13,8020.32
476,0.158245,1.2276e-05,10930,0,0.0344763,3.72517e-13,3.72517e-13,8138.2
477,0.158257,1.22197e-05,10930,0,0.0341356,3.72406e-13,3.72406e-13,8256.46
478,0.158269,1.21693e-05,10930,0,0.0335088,3.72258e-13,3.72258e-13,8375.2
479,0.158282,1.21254e-05,10930,0,0.0334792,3.72147e-13,3.72147e-13,8493.66
480,0.158294,1.20882e-05,10928,0,0.0339325,3.72073e-13,3.72073e-13,8607.44
481,0.158306,1.20577e-05,10926,0,0.0338755,3.71962e-13,3.71962e-13,8715.63
482,0.158318,1.20335e-05,10932,0,0.0339,3.71851e-13,3.71851e-13,8812.54
483,0.15833,1.20151e-05,10938,0,0.0337,3.71703e-13,3.71703e-13,8903.96
484,0.158342,1.20017e-05,10934,0,0.0340562,3.71629e-13,3.71629e-13,8989.26
485,0.158354,1.19925e-05,10939,0,0.0338481,3.71518e-13,3.71518e-13,9067.74
486,0.158366,1.19869e-05,10936,0,0.0335844,3.7137e-13,3.7137e-13,9138.55
487,0.158378,1.1984e-05,10942,0,0.0336969,3.71259e-13,3.71259e-13,9200.73
488,0.15839,1.19827e-05,10936,0,0.0337055,3.71148e-13,3.71148e-13,9253.2
489,0.158402,1.19817e-05,10937,0,0.0342249,3.71074e-13,3.71074e-13,9294.72
490,0.158414,1.198e-05,10941,0,0.0340861,3.70963e-13,3.70963e-13,9323.88
491,0.158426,1.19765e-05,10942,0,0.0340126,3.70851e-13,3.70851e-13,9340.43
492,0.158438,1.19341e-05,10937,0,0.0338453,3.70703e-13,3.70703e-13,9347.46
493,0.158449,1.18774e-05,10937,0,0.0338016,3.70629e-13,3.70629e-13,9345.87
494,0.158461,1.18175e-05,10938,0,0.0338879,3.70518e-13,3.70518e-13,9334.92
495,0.158473,1.17553e-05,10943,0,0.033633,3.70407e-13,3.70407e-13,9314.01
496,0.158485,1.16916e-05,10944,0,0.0336079,3.70296e-13,3.70296e-13,9282.63
497,0.158496,1.16271e-05,10939,0,0.0334525,3.70222e-13,3.70222e-13,9240.35
498,0.158508,1.15623e-05,10932,0,0.033202,3.70148e-13,3.70148e-13,9186.83
499,0.158519,1.14977e-05,10946,0,0.0339396,3.70074e-13,3.70074e-13,9121.82
500,0.158531,1.14334e-05,10935,0,0.0328396,3.69963e-13,3.69963e-13,9045.14
501,0.158542,1.13696e-05,10942,0,0.0332936,3.69852e-13,3.69852e-13,8956.63
502,0.158554,1.13063e-05,10950,0,0.0330079,3.69778e-13,3.69778e-13,8856.3
503,0.158565,1.12434e-05,10945,0,0.0326698,3.69704e-13,3.69704e-13,8774.72
504,0.158576,1.11807e-05,10948,0,0.0333115,3.69667e-13,3.69667e-13,8809.64
505,0.158587,1.11182e-05,10946,0,0.032879,3.69556e-13,3.69556e-13,8843.53
506,0.158598,1.10555e-05,10943,0,0.03308,3.69482e-13,3.69482e-13,8877.07
507,0.158609,1.09926e-05,10945,0,0.0331025,3.69371e-13,3.69371e-13,8909.84
508,0.15862,1.09291e-05,10947,0,0.032912,3.69334e-13,3.69334e-13,8941.71
509,0.158631,1.08652e-05,10949,0,0.0328167,3.69297e-13,3.69297e-13,8972.63
510,0.158642,1.08008e-05,10948,0,0.0327072,3.69223e-13,3.69223e-13,9002.74
511,0.158652,1.07376e-05,10951,0,0.0326825,3.69149e-13,3.69149e-13,9032.21
512,0.158663,1.06737e-05,10948,0,0.0326169,3.69112e-13,3.69112e-13,9061.19
513,0.158674,1.06099e-05,10944,0,0.0319146,3.69075e-13,3.69075e-13,9089.79
514,0.158684,1.0548e-05,10947,0,0.032335,3.69001e-13,3.69001e-13,9118.42
515,0.158695,1.04868e-05,10942,0,0.0319615,3.68927e-13,3.68927e-13,9147.1
516,0.158705,1.04273e-05,10946,0,0.0320671,3.6889e-13,3.6889e-13,9176.26
517,0.158716,1.03711e-05,10948,0,0.0316572,3.68853e-13,3.68853e-13,9205.8
518,0.158726,1.03172e-05,10951,0,0.0315239,3.68779e-13,3.68779e-13,9233.72
519,0.158736,1.02667e-05,10946,0,0.0311478,3.68705e-13,3.68705e-13,9255.95
520,0.158746,1.02205e-05,10948,0,0.0315831,3.68668e-13,3.68668e-13,9355.3
521,0.158757,1.0178e-05,10953,0,0.0316671,3.68631e-13,3.68631e-13,9480.22
522,0.158767,1.014e-05,10955,0,0.0317545,3.68557e-13,3.68557e-13,9596.21
523,0.158777,1.01071e-05,10958,0,0.0318653,3.68446e-13,3.68446e-13,9705.41
524,0.158787,1.00786e-05,10958,0,0.0314839,3.68372e-13,3.68372e-13,9821.71
525,0.158797,1.00551e-05,10953,0,0.0314317,3.68335e-13,3.68335e-13,9926.11
526,0.158807,1.00369e-05,10950,0,0.0314891,3.68298e-13,3.68298e-13,10034.1
527,0.158817,1.00232e-05,10959,0,0.0315583,3.68187e-13,3.68187e-13,10131
528,0.158827,1.00144e-05,10954,0,0.0314545,3.68076e-13,3.68076e-13,10232.4
529,0.158837,1.00104e-05,10966,0,0.0318291,3.68039e-13,3.68039e-13,10337.1
530,0.158847,1.00104e-05,10957,0,0.0308828,3.67965e-13,3.67965e-13,10427.3
531,0.158857,1.00145e-05,10951,0,0.0313922,3.67854e-13,3.67854e-13,10514.1
532,0.158867,1.00227e-05,10952,0,0.0315641,3.6778e-13,3.6778e-13,10595.8
533,0.158877,1.00346e-05,10956,0,0.0316141,3.67743e-13,3.67743e-13,10674.1
534,0.158887,1.0049e-05,10956,0,0.0315785,3.67706e-13,3.67706e-13,10747.6
535,0.158897,1.0066e-05,10956,0,0.0316716,3.67669e-13,3.67669e-13,10816.9
536,0.158907,9.9944e-06,10956,0,0.031492,3.67558e-13,3.67558e-13,10882.9
537,0.158917,9.84937e-06,10954,0,0.0311101,3.67484e-13,3.67484e-13,10944
538,0.158927,9.70874e-06,10959,0,0.03114,3.6741e-13,3.6741e-13,10997.7
539,0.158936,9.57198e-06,10958,0,0.0305305,3.67373e-13,3.67373e-13,11043.8
540,0.158946,9.43876e-06,10957,0,0.0304029,3.67299e-13,3.67299e-13,11082.4
541,0.158955,9.30886e-06,10952,0,0.0300882,3.67225e-13,3.67225e-13,11113.9
542,0.158964,9.18213e-06,10955,0,0.0299418,3.67188e-13,3.67188e-13,11138
543,0.158973,9.05852e-06,10960,0,0.0293364,3.67114e-13,3.67114e-13,11157.5
544,0.158982,8.93798e-06,10953,0,0.0289667,3.67077e-13,3.67077e-13,11288.4
545,0.158991,8.82146e-06,10952,0,0.0289729,3.66966e-13,3.66966e-13,11395.9
546,0.159,8.70926e-06,10954,0,0.0289267,3.66929e-13,3.66929e-13,11477.5
547,0.159008,8.60091e-06,10953,0,0.0284442,3.66818e-13,3.66818e-13,11527.3
548,0.159017,8.49605e-06,10946,0,0.0282073,3.66781e-13,3.66781e-13,11541.3
549,0.159025,8.39442e-06,10955,0,0.0285758,3.6667e-13,3.6667e-13,11521.1
550,0.159034,8.3112e-06,10961,0,0.0282675,3.66596e-13,3.66596e-13,11462.3
551,0.159042,8.22816e-06,10961,0,0.0281971,3.66559e-13,3.66559e-13,11359
552,0.15905,8.15879e-06,10967,0,0.0286314,3.66448e-13,3.66448e-13,11211.6
553,0.159058,8.09983e-06,10968,0,0.0280773,3.66374e-13,3.66374e-13,11053.4
554,0.159066,8.03739e-06,10966,0,0.028292,3.66337e-13,3.66337e-13,11366.2
555,0.159074,7.98291e-06,10957,0,0.0282923,3.66263e-13,3.66263e-13,11669.8
556,0.159082,7.93445e-06,10960,0,0.027655,3.66226e-13,3.66226e-13,11965.5
557,0.15909,7.89042e-06,10956,0,0.0272683,3.66226e-13,3.66226e-13,12253.7
558,0.159098,7.84949e-06,10956,0,0.0276234,3.66189e-13,3.66189e-13,12522.8
559,0.159106,7.8106e-06,10953,0,0.0272511,3.66152e-13,3.66152e-13,12751.9
560,0.159113,7.7729e-06,10954,0,0.027627,3.66152e-13,3.66152e-13,12965.5
561,0.159121,7.7357e-06,10954,0,0.0268526,3.66115e-13,3.66115e-13,13150.1
562,0.159129,7.69851e-06,10955,0,0.0273781,3.66078e-13,3.66078e-13,13285.6
563,0.159136,7.66094e-06,10956,0,0.0270638,3.66004e-13,3.66004e-13,13372.3
564,0.159144,7.62272e-06,10958,0,0.0271679,3.6593e-13,3.6593e-13,13429.6
565,0.159152,7.58368e-06,10954,0,0.0268815,3.6593e-13,3.6593e-13,13455.5
566,0.159159,7.54372e-06,10947,0,0.0264536,3.6593e-13,3.6593e-13,13447.5
567,0.159167,7.50282e-06,10946,0,0.0262529,3.65855e-13,3.65855e-13,13403
568,0.159174,7.46097e-06,10947,0,0.0261636,3.65818e-13,3.65818e-13,13319.3
569,0.159182,7.41828e-06,10953,0,0.0264994,3.65818e-13,3.65818e-13,13193.7
570,0.159189,7.37487e-06,10955,0,0.0259186,3.65781e-13,3.65781e-13,13023.9
571,0.159196,7.33087e-06,10954,0,0.0260578,3.65744e-13,3.65744e-13,12807.4
572,0.159204,7.28301e-06,10949,0,0.0257983,3.65633e-13,3.65633e-13,12542.3
573,0.159211,7.23211e-06,10951,0,0.0260619,3.65559e-13,3.65559e-13,12288.8
574,0.159218,7.17892e-06,10956,0,0.0260553,3.65485e-13,3.65485e-13,12645.2
575,0.159225,7.1241e-06,10956,0,0.0257143,3.65411e-13,3.65411e-13,12684.4
576,0.159232,7.06826e-06,10958,0,0.0258313,3.65374e-13,3.65374e-13,12772.3
577,0.159239,7.01191e-06,10955,0,0.0255184,3.653e-13,3.653e-13,12915.8
578,0.159246,6.95549e-06,10958,0,0.0257754,3.65226e-13,3.65226e-13,13340.2
579,0.159253,6.89935e-06,10957,0,0.02531,3.65152e-13,3.65152e-13,13700.9
580,0.15926,6.84378e-06,10963,0,0.0255817,3.65078e-13,3.65078e-13,14040.9
581,0.159267,6.78903e-06,10957,0,0.0252404,3.65004e-13,3.65004e-13,14346.8
582,0.159273,6.7353e-06,10959,0,0.0255486,3.6493e-13,3.6493e-13,14615.8
583,0.15928,6.68268e-06,10965,0,0.0254492,3.64856e-13,3.64856e-13,14841.8
584,0.159287,6.63143e-06,10956,0,0.0249177,3.64782e-13,3.64782e-13,15013.8
585,0.159293,6.58169e-06,10967,0,0.0251066,3.64708e-13,3.64708e-13,15134.9
586,0.1593,6.53354e-06,10965,0,0.0248136,3.64634e-13,3.64634e-13,15190.5
587,0.159306,6.4861e-06,10962,0,0.024632,3.6456e-13,3.6456e-13,15199.6
588,0.159313,6.44131e-06,10965,0,0.0247657,3.64486e-13,3.64486e-13,15144.9
589,0.159319,6.39904e-06,10966,0,0.0242205,3.64412e-13,3.64412e-13,15029.2
590,0.159326,6.35914e-06,10968,0,0.0238685,3.64338e-13,3.64338e-13,15117.7
591,0.159332,6.32139e-06,10965,0,0.0236703,3.64264e-13,3.64264e-13,15354.4
592,0.159338,6.2856e-06,10961,0,0.0239761,3.6419e-13,3.6419e-13,15551.5
593,0.159344,6.28274e-06,10964,0,0.0243153,3.64116e-13,3.64116e-13,15708.1
594,0.159351,6.28444e-06,10971,0,0.0242545,3.64042e-13,3.64042e-13,15826.3
595,0.159357,6.2887e-06,10969,0,0.0239021,3.63968e-13,3.63968e-13,15905.3
596,0.159363,6.294e-06,10966,0,0.0239714,3.63857e-13,3.63857e-13,15941.5
597,0.15937,6.29919e-06,10968,0,0.0240876,3.63746e-13,3.63746e-13,15933.6
598,0.159376,6.30351e-06,10975,0,0.0240307,3.63709e-13,3.63709e-13,15880.3
599,0.159382,6.30643e-06,10972,0,0.0236737,3.63635e-13,3.63635e-13,15791.4
600,0.159388,6.23917e-06,10973,0,0.0236126,3.63524e-13,3.63524e-13,15962.6
601,0.159395,6.16031e-06,10969,0,0.0232363,3.63413e-13,3.63413e-13,16114.2
602,0.159401,6.08246e-06,10978,0,0.0234023,3.63339e-13,3.63339e-13,16246.3
603,0.159407,6.00566e-06,10971,0,0.0232909,3.63265e-13,3.63265e-13,16362.5
604,0.159413,5.92998e-06,10970,0,0.0231258,3.63191e-13,3.63191e-13,16459
605,0.159418,5.85547e-06,10972,0,0.023135,3.6308e-13,3.6308e-13,16536.1
606,0.159424,5.78215e-06,10970,0,0.0227928,3.63006e-13,3.63006e-13,16595.1
607,0.15943,5.70996e-06,10970,0,0.0225852,3.62969e-13,3.62969e-13,16634.7
608,0.159436,5.6388e-06,10970,0,0.0227804,3.62895e-13,3.62895e-13,16651.9
609,0.159441,5.57045e-06,10966,0,0.0222347,3.62821e-13,3.62821e-13,16643.6
610,0.159447,5.64841e-06,10972,0,0.0226674,3.6271e-13,3.6271e-13,16601.7
