problem,method,nx,ny,ncell,tfinal,ranks,repeat,solver_time_sec,total_wall_time_sec,hydro_time_sec,cleaning_time_sec,iteration_count,time_per_iteration_sec,final_residual_L2_fv,final_residual_Linf_fv,energy_drift,status,summary_file
divergence_advection,none,64,64,4096,0.02,1,1,0.121927112,0.145746,0.12192,7.112e-06,8,0.015240889,0.0699716,0.500581,3.55056e-15,finished,results/mpi_scaling_runs/summaries/mpi_divergence_advection_none_n64_p1_r1_none_summary.csv
divergence_advection,none,64,64,4096,0.02,1,2,0.121952804,0.145159,0.121944,8.804e-06,8,0.0152441005,0.0699716,0.500581,3.55056e-15,finished,results/mpi_scaling_runs/summaries/mpi_divergence_advection_none_n64_p1_r2_none_summary.csv
divergence_advection,none,64,64,4096,0.02,1,3,0.120982041,0.143909,0.120974,8.041e-06,8,0.015122755125,0.0699716,0.500581,3.55056e-15,finished,results/mpi_scaling_runs/summaries/mpi_divergence_advection_none_n64_p1_r3_none_summary.csv
divergence_advection,none,64,64,4096,0.02,2,1,0.07445069700000001,0.0944706,0.0744467,3.997e-06,8,0.009306337125000001,0.0699716,0.500581,3.55056e-15,finished,results/mpi_scaling_runs/summaries/mpi_divergence_advection_none_n64_p2_r1_none_summary.csv
divergence_advection,none,64,64,4096,0.02,2,2,0.073798011,0.0921142,0.0737925,5.511e-06,8,0.009224751375,0.0699716,0.500581,3.55056e-15,finished,results/mpi_scaling_runs/summaries/mpi_divergence_advection_none_n64_p2_r2_none_summary.csv
divergence_advection,none,64,64,4096,0.02,2,3,0.074051752,0.0919971,0.0740474,4.352e-06,8,0.009256469,0.0699716,0.500581,3.55056e-15,finished,results/mpi_scaling_runs/summaries/mpi_divergence_advection_none_n64_p2_r3_none_summary.csv
divergence_advection,none,64,64,4096,0.02,4,1,0.043903022,0.0567163,0.0438993,3.722e-06,8,0.00548787775,0.0699716,0.500581,3.55056e-15,finished,results/mpi_scaling_runs/summaries/mpi_divergence_advection_none_n64_p4_r1_none_summary.csv
divergence_advection,none,64,64,4096,0.02,4,2,0.06329856,0.0815535,0.0632919,6.66e-06,8,0.00791232,0.0699716,0.500581,3.55056e-15,finished,results/mpi_scaling_runs/summaries/mpi_divergence_advection_none_n64_p4_r2_none_summary.csv
divergence_advection,none,64,64,4096,0.02,4,3,0.045789719,0.0585429,0.0457856,4.119e-06,8,0.005723714875,0.0699716,0.500581,3.55056e-15,finished,results/mpi_scaling_runs/summaries/mpi_divergence_advection_none_n64_p4_r3_none_summary.csv
divergence_advection,none,64,64,4096,0.02,8,1,0.036731571,0.0528895,0.0367268,4.771e-06,8,0.004591446375,0.0699716,0.500581,3.55056e-15,finished,results/mpi_scaling_runs/summaries/mpi_divergence_advection_none_n64_p8_r1_none_summary.csv
divergence_advection,none,64,64,4096,0.02,8,2,0.038919165,0.0538654,0.0389146,4.565e-06,8,0.004864895625,0.0699716,0.500581,3.55056e-15,finished,results/mpi_scaling_runs/summaries/mpi_divergence_advection_none_n64_p8_r2_none_summary.csv
divergence_advection,none,64,64,4096,0.02,8,3,0.053994839999999995,0.081718,0.0539855,9.34e-06,8,0.006749354999999999,0.0699716,0.500581,3.55056e-15,finished,results/mpi_scaling_runs/summaries/mpi_divergence_advection_none_n64_p8_r3_none_summary.csv
divergence_advection,none,128,128,16384,0.02,1,1,0.887285765,1.00133,0.887265,2.0765e-05,15,0.059152384333333335,0.0700474,0.490832,9.8063e-15,finished,results/mpi_scaling_runs/summaries/mpi_divergence_advection_none_n128_p1_r1_none_summary.csv
divergence_advection,none,128,128,16384,0.02,1,2,0.892710027,1.00394,0.892687,2.3027e-05,15,0.0595140018,0.0700474,0.490832,9.8063e-15,finished,results/mpi_scaling_runs/summaries/mpi_divergence_advection_none_n128_p1_r2_none_summary.csv
divergence_advection,none,128,128,16384,0.02,1,3,0.904353252,1.01564,0.904333,2.0252e-05,15,0.060290216800000004,0.0700474,0.490832,9.8063e-15,finished,results/mpi_scaling_runs/summaries/mpi_divergence_advection_none_n128_p1_r3_none_summary.csv
divergence_advection,none,128,128,16384,0.02,2,1,0.489282871,0.567758,0.489265,1.7871e-05,15,0.032618858066666666,0.0700474,0.490832,9.8063e-15,finished,results/mpi_scaling_runs/summaries/mpi_divergence_advection_none_n128_p2_r1_none_summary.csv
divergence_advection,none,128,128,16384,0.02,2,2,0.48499856300000005,0.562662,0.48498,1.8563e-05,15,0.03233323753333334,0.0700474,0.490832,9.8063e-15,finished,results/mpi_scaling_runs/summaries/mpi_divergence_advection_none_n128_p2_r2_none_summary.csv
divergence_advection,none,128,128,16384,0.02,2,3,0.488564297,0.560818,0.48855,1.4297e-05,15,0.03257095313333333,0.0700474,0.490832,9.8063e-15,finished,results/mpi_scaling_runs/summaries/mpi_divergence_advection_none_n128_p2_r3_none_summary.csv
divergence_advection,none,128,128,16384,0.02,4,1,0.360354194,0.468442,0.360335,1.9194e-05,15,0.024023612933333334,0.0700474,0.490832,9.8063e-15,finished,results/mpi_scaling_runs/summaries/mpi_divergence_advection_none_n128_p4_r1_none_summary.csv
divergence_advection,none,128,128,16384,0.02,4,2,0.27589311299999997,0.344189,0.275881,1.2113e-05,15,0.0183928742,0.0700474,0.490832,9.8063e-15,finished,results/mpi_scaling_runs/summaries/mpi_divergence_advection_none_n128_p4_r2_none_summary.csv
divergence_advection,none,128,128,16384,0.02,4,3,0.264559102,0.312734,0.264547,1.2102e-05,15,0.017637273466666666,0.0700474,0.490832,9.8063e-15,finished,results/mpi_scaling_runs/summaries/mpi_divergence_advection_none_n128_p4_r3_none_summary.csv
divergence_advection,none,128,128,16384,0.02,8,1,0.246692083,0.318557,0.246673,1.9083e-05,15,0.016446138866666668,0.0700474,0.490832,9.8063e-15,finished,results/mpi_scaling_runs/summaries/mpi_divergence_advection_none_n128_p8_r1_none_summary.csv
divergence_advection,none,128,128,16384,0.02,8,2,0.26619062200000004,0.33841,0.26617,2.0622e-05,15,0.01774604146666667,0.0700474,0.490832,9.8063e-15,finished,results/mpi_scaling_runs/summaries/mpi_divergence_advection_none_n128_p8_r2_none_summary.csv
divergence_advection,none,128,128,16384,0.02,8,3,0.228091988,0.28012,0.228075,1.6988e-05,15,0.015206132533333333,0.0700474,0.490832,9.8063e-15,finished,results/mpi_scaling_runs/summaries/mpi_divergence_advection_none_n128_p8_r3_none_summary.csv
divergence_advection,none,256,256,65536,0.02,1,1,7.131295117,7.88925,7.13122,7.5117e-05,30,0.23770983723333333,0.0700611,0.485564,2.72209e-14,finished,results/mpi_scaling_runs/summaries/mpi_divergence_advection_none_n256_p1_r1_none_summary.csv
divergence_advection,none,256,256,65536,0.02,1,2,7.106064083000001,7.86337,7.10599,7.4083e-05,30,0.2368688027666667,0.0700611,0.485564,2.72209e-14,finished,results/mpi_scaling_runs/summaries/mpi_divergence_advection_none_n256_p1_r2_none_summary.csv
divergence_advection,none,256,256,65536,0.02,1,3,7.188935897,7.95628,7.18886,7.5897e-05,30,0.23963119656666668,0.0700611,0.485564,2.72209e-14,finished,results/mpi_scaling_runs/summaries/mpi_divergence_advection_none_n256_p1_r3_none_summary.csv
divergence_advection,none,256,256,65536,0.02,2,1,3.838280937,4.29908,3.83823,5.0937e-05,30,0.12794269789999999,0.0700611,0.485564,2.72209e-14,finished,results/mpi_scaling_runs/summaries/mpi_divergence_advection_none_n256_p2_r1_none_summary.csv
divergence_advection,none,256,256,65536,0.02,2,2,3.8195676929999998,4.28204,3.81952,4.7693e-05,30,0.12731892309999998,0.0700611,0.485564,2.72209e-14,finished,results/mpi_scaling_runs/summaries/mpi_divergence_advection_none_n256_p2_r2_none_summary.csv
divergence_advection,none,256,256,65536,0.02,2,3,3.8447156789999997,4.30627,3.84467,4.5679e-05,30,0.1281571893,0.0700611,0.485564,2.72209e-14,finished,results/mpi_scaling_runs/summaries/mpi_divergence_advection_none_n256_p2_r3_none_summary.csv
divergence_advection,none,256,256,65536,0.02,4,1,1.9772750760000002,2.31093,1.97724,3.5076e-05,30,0.0659091692,0.0700611,0.485564,2.72209e-14,finished,results/mpi_scaling_runs/summaries/mpi_divergence_advection_none_n256_p4_r1_none_summary.csv
divergence_advection,none,256,256,65536,0.02,4,2,2.1632421589999997,2.4816,2.1632,4.2159e-05,30,0.07210807196666666,0.0700611,0.485564,2.72209e-14,finished,results/mpi_scaling_runs/summaries/mpi_divergence_advection_none_n256_p4_r2_none_summary.csv
divergence_advection,none,256,256,65536,0.02,4,3,1.958477444,2.252,1.95843,4.7444e-05,30,0.06528258146666667,0.0700611,0.485564,2.72209e-14,finished,results/mpi_scaling_runs/summaries/mpi_divergence_advection_none_n256_p4_r3_none_summary.csv
divergence_advection,none,256,256,65536,0.02,8,1,1.739060447,2.05177,1.73902,4.0447e-05,30,0.057968681566666666,0.0700611,0.485564,2.72209e-14,finished,results/mpi_scaling_runs/summaries/mpi_divergence_advection_none_n256_p8_r1_none_summary.csv
divergence_advection,none,256,256,65536,0.02,8,2,1.780417539,2.09921,1.78037,4.7539e-05,30,0.0593472513,0.0700611,0.485564,2.72209e-14,finished,results/mpi_scaling_runs/summaries/mpi_divergence_advection_none_n256_p8_r2_none_summary.csv
divergence_advection,none,256,256,65536,0.02,8,3,1.76325247,2.07738,1.7632,5.247e-05,30,0.05877508233333333,0.0700611,0.485564,2.72209e-14,finished,results/mpi_scaling_runs/summaries/mpi_divergence_advection_none_n256_p8_r3_none_summary.csv
