problem,method,reconstruction,limiter,nx,ny,ncell,tfinal,threads,repeat,solver_time_sec,total_wall_time_sec,hydro_time_sec,cleaning_time_sec,iteration_count,time_per_iteration_sec,final_residual_L2_fv,final_residual_Linf_fv,energy_drift,status,summary_file
divergence_advection,none,plm,mc,128,128,16384,0.02,1,1,1.624504038,1.8474,1.62448,2.4038e-05,15,0.1083002692,0.0700474,0.490832,9.8063e-15,finished,results/openmp_scaling_runs/summaries/openmp_divergence_advection_none_n128_t1_r1_none_summary.csv
divergence_advection,none,plm,mc,128,128,16384,0.02,1,2,1.519541607,1.72405,1.51952,2.1607e-05,15,0.10130277380000001,0.0700474,0.490832,9.8063e-15,finished,results/openmp_scaling_runs/summaries/openmp_divergence_advection_none_n128_t1_r2_none_summary.csv
divergence_advection,none,plm,mc,128,128,16384,0.02,1,3,1.474634091,1.67028,1.47461,2.4091e-05,15,0.0983089394,0.0700474,0.490832,9.8063e-15,finished,results/openmp_scaling_runs/summaries/openmp_divergence_advection_none_n128_t1_r3_none_summary.csv
divergence_advection,none,plm,mc,128,128,16384,0.02,2,1,0.801753417,0.962208,0.801733,2.0417e-05,15,0.0534502278,0.0700474,0.490832,9.8063e-15,finished,results/openmp_scaling_runs/summaries/openmp_divergence_advection_none_n128_t2_r1_none_summary.csv
divergence_advection,none,plm,mc,128,128,16384,0.02,2,2,0.8028214079999999,0.964389,0.8028,2.1408e-05,15,0.05352142719999999,0.0700474,0.490832,9.8063e-15,finished,results/openmp_scaling_runs/summaries/openmp_divergence_advection_none_n128_t2_r2_none_summary.csv
divergence_advection,none,plm,mc,128,128,16384,0.02,2,3,0.8315892389999999,0.99703,0.831568,2.1239e-05,15,0.055439282599999994,0.0700474,0.490832,9.8063e-15,finished,results/openmp_scaling_runs/summaries/openmp_divergence_advection_none_n128_t2_r3_none_summary.csv
divergence_advection,none,plm,mc,128,128,16384,0.02,4,1,0.512749658,0.670418,0.51273,1.9658e-05,15,0.03418331053333334,0.0700474,0.490832,9.8063e-15,finished,results/openmp_scaling_runs/summaries/openmp_divergence_advection_none_n128_t4_r1_none_summary.csv
divergence_advection,none,plm,mc,128,128,16384,0.02,4,2,0.5241653039999999,0.681233,0.524148,1.7304e-05,15,0.0349443536,0.0700474,0.490832,9.8063e-15,finished,results/openmp_scaling_runs/summaries/openmp_divergence_advection_none_n128_t4_r2_none_summary.csv
divergence_advection,none,plm,mc,128,128,16384,0.02,4,3,0.5360503529999999,0.693598,0.536032,1.8353e-05,15,0.0357366902,0.0700474,0.490832,9.8063e-15,finished,results/openmp_scaling_runs/summaries/openmp_divergence_advection_none_n128_t4_r3_none_summary.csv
divergence_advection,none,plm,mc,128,128,16384,0.02,8,1,0.370374812,0.519135,0.370358,1.6812e-05,15,0.024691654133333334,0.0700474,0.490832,9.8063e-15,finished,results/openmp_scaling_runs/summaries/openmp_divergence_advection_none_n128_t8_r1_none_summary.csv
divergence_advection,none,plm,mc,128,128,16384,0.02,8,2,0.40723897,0.575128,0.407224,1.497e-05,15,0.027149264666666666,0.0700474,0.490832,9.8063e-15,finished,results/openmp_scaling_runs/summaries/openmp_divergence_advection_none_n128_t8_r2_none_summary.csv
divergence_advection,none,plm,mc,128,128,16384,0.02,8,3,0.396286922,0.550577,0.396273,1.3922e-05,15,0.026419128133333334,0.0700474,0.490832,9.8063e-15,finished,results/openmp_scaling_runs/summaries/openmp_divergence_advection_none_n128_t8_r3_none_summary.csv
divergence_advection,none,plm,mc,128,128,16384,0.02,16,1,0.7150261560000001,0.908404,0.715014,1.2156e-05,15,0.04766841040000001,0.0700474,0.490832,9.8063e-15,finished,results/openmp_scaling_runs/summaries/openmp_divergence_advection_none_n128_t16_r1_none_summary.csv
divergence_advection,none,plm,mc,128,128,16384,0.02,16,2,0.45582746700000004,0.625083,0.455815,1.2467e-05,15,0.030388497800000004,0.0700474,0.490832,9.8063e-15,finished,results/openmp_scaling_runs/summaries/openmp_divergence_advection_none_n128_t16_r2_none_summary.csv
divergence_advection,none,plm,mc,128,128,16384,0.02,16,3,0.5817389940000001,0.770825,0.581728,1.0994e-05,15,0.0387825996,0.0700474,0.490832,9.8063e-15,finished,results/openmp_scaling_runs/summaries/openmp_divergence_advection_none_n128_t16_r3_none_summary.csv
divergence_advection,none,plm,mc,128,128,16384,0.02,32,1,3.16710871,3.57477,3.16708,2.871e-05,15,0.21114058066666666,0.0700474,0.490832,9.8063e-15,finished,results/openmp_scaling_runs/summaries/openmp_divergence_advection_none_n128_t32_r1_none_summary.csv
divergence_advection,none,plm,mc,128,128,16384,0.02,32,2,2.937107109,3.27127,2.93708,2.7109e-05,15,0.19580714059999998,0.0700474,0.490832,9.8063e-15,finished,results/openmp_scaling_runs/summaries/openmp_divergence_advection_none_n128_t32_r2_none_summary.csv
divergence_advection,none,plm,mc,128,128,16384,0.02,32,3,2.871583891,3.2856,2.87156,2.3891e-05,15,0.19143892606666668,0.0700474,0.490832,9.8063e-15,finished,results/openmp_scaling_runs/summaries/openmp_divergence_advection_none_n128_t32_r3_none_summary.csv
divergence_advection,none,plm,mc,256,256,65536,0.02,1,1,13.146675133999999,14.8072,13.1466,7.5134e-05,30,0.4382225044666666,0.0700611,0.485564,2.72209e-14,finished,results/openmp_scaling_runs/summaries/openmp_divergence_advection_none_n256_t1_r1_none_summary.csv
divergence_advection,none,plm,mc,256,256,65536,0.02,1,2,12.331176862,13.8732,12.3311,7.6862e-05,30,0.4110392287333333,0.0700611,0.485564,2.72209e-14,finished,results/openmp_scaling_runs/summaries/openmp_divergence_advection_none_n256_t1_r2_none_summary.csv
divergence_advection,none,plm,mc,256,256,65536,0.02,1,3,12.623671781,14.233,12.6236,7.1781e-05,30,0.42078905936666666,0.0700611,0.485564,2.72209e-14,finished,results/openmp_scaling_runs/summaries/openmp_divergence_advection_none_n256_t1_r3_none_summary.csv
divergence_advection,none,plm,mc,256,256,65536,0.02,2,1,7.0400162360000005,8.42544,7.03995,6.6236e-05,30,0.23466720786666667,0.0700611,0.485564,2.72209e-14,finished,results/openmp_scaling_runs/summaries/openmp_divergence_advection_none_n256_t2_r1_none_summary.csv
divergence_advection,none,plm,mc,256,256,65536,0.02,2,2,7.038178768,8.39785,7.03812,5.8768e-05,30,0.23460595893333333,0.0700611,0.485564,2.72209e-14,finished,results/openmp_scaling_runs/summaries/openmp_divergence_advection_none_n256_t2_r2_none_summary.csv
divergence_advection,none,plm,mc,256,256,65536,0.02,2,3,7.083861993,8.4537,7.0838,6.1993e-05,30,0.23612873310000002,0.0700611,0.485564,2.72209e-14,finished,results/openmp_scaling_runs/summaries/openmp_divergence_advection_none_n256_t2_r3_none_summary.csv
divergence_advection,none,plm,mc,256,256,65536,0.02,4,1,4.399662579,5.70819,4.39959,7.2579e-05,30,0.1466554193,0.0700611,0.485564,2.72209e-14,finished,results/openmp_scaling_runs/summaries/openmp_divergence_advection_none_n256_t4_r1_none_summary.csv
divergence_advection,none,plm,mc,256,256,65536,0.02,4,2,4.407967521,5.73698,4.4079,6.7521e-05,30,0.1469322507,0.0700611,0.485564,2.72209e-14,finished,results/openmp_scaling_runs/summaries/openmp_divergence_advection_none_n256_t4_r2_none_summary.csv
divergence_advection,none,plm,mc,256,256,65536,0.02,4,3,4.384935696,5.70211,4.38487,6.5696e-05,30,0.1461645232,0.0700611,0.485564,2.72209e-14,finished,results/openmp_scaling_runs/summaries/openmp_divergence_advection_none_n256_t4_r3_none_summary.csv
divergence_advection,none,plm,mc,256,256,65536,0.02,8,1,2.764643201,4.0481,2.76458,6.3201e-05,30,0.09215477336666668,0.0700611,0.485564,2.72209e-14,finished,results/openmp_scaling_runs/summaries/openmp_divergence_advection_none_n256_t8_r1_none_summary.csv
divergence_advection,none,plm,mc,256,256,65536,0.02,8,2,2.791352635,4.05455,2.79129,6.2635e-05,30,0.09304508783333333,0.0700611,0.485564,2.72209e-14,finished,results/openmp_scaling_runs/summaries/openmp_divergence_advection_none_n256_t8_r2_none_summary.csv
divergence_advection,none,plm,mc,256,256,65536,0.02,8,3,2.77499748,4.03117,2.77494,5.748e-05,30,0.092499916,0.0700611,0.485564,2.72209e-14,finished,results/openmp_scaling_runs/summaries/openmp_divergence_advection_none_n256_t8_r3_none_summary.csv
divergence_advection,none,plm,mc,256,256,65536,0.02,16,1,2.874564957,4.06781,2.87451,5.4957e-05,30,0.0958188319,0.0700611,0.485564,2.72209e-14,finished,results/openmp_scaling_runs/summaries/openmp_divergence_advection_none_n256_t16_r1_none_summary.csv
divergence_advection,none,plm,mc,256,256,65536,0.02,16,2,1.990238038,2.98516,1.9902,3.8038e-05,30,0.06634126793333334,0.0700611,0.485564,2.72209e-14,finished,results/openmp_scaling_runs/summaries/openmp_divergence_advection_none_n256_t16_r2_none_summary.csv
divergence_advection,none,plm,mc,256,256,65536,0.02,16,3,1.9693617289999998,2.97439,1.96931,5.1729e-05,30,0.06564539096666666,0.0700611,0.485564,2.72209e-14,finished,results/openmp_scaling_runs/summaries/openmp_divergence_advection_none_n256_t16_r3_none_summary.csv
divergence_advection,none,plm,mc,256,256,65536,0.02,32,1,5.20325753,6.52124,5.20319,6.753e-05,30,0.17344191766666667,0.0700611,0.485564,2.72209e-14,finished,results/openmp_scaling_runs/summaries/openmp_divergence_advection_none_n256_t32_r1_none_summary.csv
divergence_advection,none,plm,mc,256,256,65536,0.02,32,2,5.390045544,6.71892,5.38997,7.5544e-05,30,0.17966818480000002,0.0700611,0.485564,2.72209e-14,finished,results/openmp_scaling_runs/summaries/openmp_divergence_advection_none_n256_t32_r2_none_summary.csv
divergence_advection,none,plm,mc,256,256,65536,0.02,32,3,5.5092556450000005,6.87279,5.50919,6.5645e-05,30,0.18364185483333334,0.0700611,0.485564,2.72209e-14,finished,results/openmp_scaling_runs/summaries/openmp_divergence_advection_none_n256_t32_r3_none_summary.csv
divergence_advection,none,plm,mc,512,512,262144,0.02,1,1,73.163850826,82.0419,73.1637,0.000150826,59,1.2400652682372881,0.0700631,0.483121,7.25328e-14,finished,results/openmp_scaling_runs/summaries/openmp_divergence_advection_none_n512_t1_r1_none_summary.csv
divergence_advection,none,plm,mc,512,512,262144,0.02,1,2,74.277037529,83.4402,74.2769,0.000137529,59,1.2589328394745762,0.0700631,0.483121,7.25328e-14,finished,results/openmp_scaling_runs/summaries/openmp_divergence_advection_none_n512_t1_r2_none_summary.csv
divergence_advection,none,plm,mc,512,512,262144,0.02,1,3,75.92294762899999,85.3558,75.9228,0.000147629,59,1.2868296208305083,0.0700631,0.483121,7.25328e-14,finished,results/openmp_scaling_runs/summaries/openmp_divergence_advection_none_n512_t1_r3_none_summary.csv
divergence_advection,none,plm,mc,512,512,262144,0.02,2,1,44.965841996,53.5552,44.9657,0.000141996,59,0.7621329151864407,0.0700631,0.483121,7.25328e-14,finished,results/openmp_scaling_runs/summaries/openmp_divergence_advection_none_n512_t2_r1_none_summary.csv
divergence_advection,none,plm,mc,512,512,262144,0.02,2,2,45.808679894,57.753,45.8085,0.000179894,59,0.7764183032881357,0.0700631,0.483121,7.25328e-14,finished,results/openmp_scaling_runs/summaries/openmp_divergence_advection_none_n512_t2_r2_none_summary.csv
divergence_advection,none,plm,mc,512,512,262144,0.02,2,3,43.982159896,52.3521,43.982,0.000159896,59,0.745460337220339,0.0700631,0.483121,7.25328e-14,finished,results/openmp_scaling_runs/summaries/openmp_divergence_advection_none_n512_t2_r3_none_summary.csv
divergence_advection,none,plm,mc,512,512,262144,0.02,4,1,34.124261862,43.6211,34.1241,0.000161862,59,0.5783773196949152,0.0700631,0.483121,7.25328e-14,finished,results/openmp_scaling_runs/summaries/openmp_divergence_advection_none_n512_t4_r1_none_summary.csv
divergence_advection,none,plm,mc,512,512,262144,0.02,4,2,34.425241653,44.1734,34.4251,0.000141653,59,0.5834786720847458,0.0700631,0.483121,7.25328e-14,finished,results/openmp_scaling_runs/summaries/openmp_divergence_advection_none_n512_t4_r2_none_summary.csv
divergence_advection,none,plm,mc,512,512,262144,0.02,4,3,31.426468878,40.2471,31.4263,0.000168878,59,0.5326520148813559,0.0700631,0.483121,7.25328e-14,finished,results/openmp_scaling_runs/summaries/openmp_divergence_advection_none_n512_t4_r3_none_summary.csv
divergence_advection,none,plm,mc,512,512,262144,0.02,8,1,20.565245209,28.1759,20.5651,0.000145209,59,0.3485634781186441,0.0700631,0.483121,7.25328e-14,finished,results/openmp_scaling_runs/summaries/openmp_divergence_advection_none_n512_t8_r1_none_summary.csv
divergence_advection,none,plm,mc,512,512,262144,0.02,8,2,20.200848812,27.9015,20.2007,0.000148812,59,0.342387268,0.0700631,0.483121,7.25328e-14,finished,results/openmp_scaling_runs/summaries/openmp_divergence_advection_none_n512_t8_r2_none_summary.csv
divergence_advection,none,plm,mc,512,512,262144,0.02,8,3,19.765123286,27.4427,19.765,0.000123286,59,0.33500208959322036,0.0700631,0.483121,7.25328e-14,finished,results/openmp_scaling_runs/summaries/openmp_divergence_advection_none_n512_t8_r3_none_summary.csv
divergence_advection,none,plm,mc,512,512,262144,0.02,16,1,16.174051145,23.9308,16.1739,0.000151145,59,0.27413646008474574,0.0700631,0.483121,7.25328e-14,finished,results/openmp_scaling_runs/summaries/openmp_divergence_advection_none_n512_t16_r1_none_summary.csv
divergence_advection,none,plm,mc,512,512,262144,0.02,16,2,16.104148375999998,23.9404,16.104,0.000148376,59,0.27295166738983045,0.0700631,0.483121,7.25328e-14,finished,results/openmp_scaling_runs/summaries/openmp_divergence_advection_none_n512_t16_r2_none_summary.csv
divergence_advection,none,plm,mc,512,512,262144,0.02,16,3,16.189151249000002,24.0461,16.189,0.000151249,59,0.2743923940508475,0.0700631,0.483121,7.25328e-14,finished,results/openmp_scaling_runs/summaries/openmp_divergence_advection_none_n512_t16_r3_none_summary.csv
divergence_advection,none,plm,mc,512,512,262144,0.02,32,1,27.718057778,36.0617,27.7179,0.000157778,59,0.4697975894576271,0.0700631,0.483121,7.25328e-14,finished,results/openmp_scaling_runs/summaries/openmp_divergence_advection_none_n512_t32_r1_none_summary.csv
divergence_advection,none,plm,mc,512,512,262144,0.02,32,2,28.9223455,37.1145,28.9222,0.0001455,59,0.49020924576271185,0.0700631,0.483121,7.25328e-14,finished,results/openmp_scaling_runs/summaries/openmp_divergence_advection_none_n512_t32_r2_none_summary.csv
divergence_advection,none,plm,mc,512,512,262144,0.02,32,3,29.627434255,37.9302,29.6273,0.000134255,59,0.5021599026271186,0.0700631,0.483121,7.25328e-14,finished,results/openmp_scaling_runs/summaries/openmp_divergence_advection_none_n512_t32_r3_none_summary.csv
